source_doc_id,original_filename,relative_path,file_type,primary_domain,secondary_domains,inferred_source_type,inferred_publisher,inferred_industry,inferred_technology,inferred_capabilities,inferred_business_models,inferred_operating_models,inferred_customer_experience,inferred_frameworks,inferred_output_relevance,classification_confidence,classification_method,review_needed,notes
codex_doc_000001,10 Metrics For Digitally Transforming Revenue Channels And Growth.pdf,10 Metrics For Digitally Transforming Revenue Channels And Growth.pdf,pdf,other,,unknown,unknown,,analytics,,,,,,,low,filename_and_metadata_heuristics_v1,true,no_primary_domain_filename_match;no_source_type_filename_match
codex_doc_000002,12-3-24-Update-Formal-Group-Internet-Based-Applicant-Checklist.pdf,12-3-24-Update-Formal-Group-Internet-Based-Applicant-Checklist.pdf,pdf,other,,practitioner,unknown,,,,,,,,,medium,filename_and_metadata_heuristics_v1,true,no_primary_domain_filename_match
codex_doc_000003,2 Side Marketplaces - Business Models Journal.pdf,2 Side Marketplaces - Business Models Journal.pdf,pdf,platforms_marketplaces,business_models,academic,unknown,education_research,,,marketplace,,,business_model_canvas;marketplace_design,mba_digital_strategy,high,filename_and_metadata_heuristics_v1,false,
codex_doc_000004,2020-colombia-digital-strategy - Copy.pdf,2020-colombia-digital-strategy - Copy.pdf,pdf,digital_transformation,,unknown,unknown,,,,,,,,mba_digital_strategy,low,filename_and_metadata_heuristics_v1,true,duplicate_or_copy_indicator;no_source_type_filename_match
codex_doc_000005,2020-colombia-digital-strategy.pdf,2020-colombia-digital-strategy.pdf,pdf,digital_transformation,,unknown,unknown,,,,,,,,mba_digital_strategy,low,filename_and_metadata_heuristics_v1,true,no_source_type_filename_match
codex_doc_000006,2023_TR_Executive_Summary.pdf,2023_TR_Executive_Summary.pdf,pdf,other,,unknown,unknown,,,,,,,,mba_digital_strategy,low,filename_and_metadata_heuristics_v1,true,no_primary_domain_filename_match;no_source_type_filename_match
codex_doc_000007,2025-Wharton-GBK-AI-Adoption-Report_Full-Report (1).pdf,2025-Wharton-GBK-AI-Adoption-Report_Full-Report (1).pdf,pdf,ai,,industry_report,Wharton,,artificial_intelligence,,,,,,,high,filename_and_metadata_heuristics_v1,true,duplicate_or_copy_indicator
codex_doc_000008,2025-Wharton-GBK-AI-Adoption-Report_Full-Report.pdf,2025-Wharton-GBK-AI-Adoption-Report_Full-Report.pdf,pdf,ai,,industry_report,Wharton,,artificial_intelligence,,,,,,,high,filename_and_metadata_heuristics_v1,false,
codex_doc_000009,2026-Wharton-Accenture-Report-FNL.pdf,2026-Wharton-Accenture-Report-FNL.pdf,pdf,other,,consulting,Accenture,,,,,,,,,medium,filename_and_metadata_heuristics_v1,true,no_primary_domain_filename_match
codex_doc_000010,2026_Trend_Report.pdf,2026_Trend_Report.pdf,pdf,other,,industry_report,unknown,,,future_readiness,,,,,,medium,filename_and_metadata_heuristics_v1,true,no_primary_domain_filename_match
codex_doc_000011,35611_AW_SowingSeeds_Adaptiveleadership_E_WEB.pdf,35611_AW_SowingSeeds_Adaptiveleadership_E_WEB.pdf,pdf,adaptability,,unknown,unknown,,,adaptability,,,,,kinetic_organization,low,filename_and_metadata_heuristics_v1,true,no_source_type_filename_match
codex_doc_000012,"A dynamic capability driven framework linking Industry 4.0, circular.pdf","A dynamic capability driven framework linking Industry 4.0, circular.pdf",pdf,dynamic_capabilities,,unknown,unknown,manufacturing_industrial,,,,,,dynamic_capabilities,writing,medium,filename_and_metadata_heuristics_v1,true,no_source_type_filename_match
codex_doc_000013,A framework for the dynamic adaptation of service.pdf,A framework for the dynamic adaptation of service.pdf,pdf,adaptability,,unknown,unknown,,,adaptability,,,customer_service,,writing,medium,filename_and_metadata_heuristics_v1,true,no_source_type_filename_match
codex_doc_000014,A game theory-based dynamic resource allocation strategy in data centers.pdf,A game theory-based dynamic resource allocation strategy in data centers.pdf,pdf,technology_infrastructure,,unknown,unknown,,,resource_reallocation,,,,,,low,filename_and_metadata_heuristics_v1,true,no_source_type_filename_match
codex_doc_000015,A to Z Marketplace 100 Report.pdf,A to Z Marketplace 100 Report.pdf,pdf,platforms_marketplaces,,industry_report,unknown,,,,marketplace,,,marketplace_design,,high,filename_and_metadata_heuristics_v1,false,
codex_doc_000016,Academic - Adaptable Organizations and sub cultures 2002.pdf,Academic - Adaptable Organizations and sub cultures 2002.pdf,pdf,adaptability,operating_models,academic,unknown,education_research,,adaptability;organizational_design,,,,,,high,filename_and_metadata_heuristics_v1,false,
codex_doc_000017,Academic - AI Readiness.pdf,Academic - AI Readiness.pdf,pdf,ai,,academic,unknown,education_research,artificial_intelligence,ai_readiness,,,,,,high,filename_and_metadata_heuristics_v1,false,
codex_doc_000018,Academic - The_AI_Adoption_Maturity_Model_v1_XUwQzX5.0.pdf,Academic - The_AI_Adoption_Maturity_Model_v1_XUwQzX5.0.pdf,pdf,ai,,academic,unknown,education_research,artificial_intelligence,,,,,ai_adoption_maturity;digital_maturity_model,,high,filename_and_metadata_heuristics_v1,false,
codex_doc_000019,Academic - Tokenization of gaming.pdf,Academic - Tokenization of gaming.pdf,pdf,blockchain,,academic,unknown,sports_entertainment;education_research,,,tokenization,,,,,high,filename_and_metadata_heuristics_v1,false,
codex_doc_000020,Accenture - Accenture-Impact-to-advantage.pdf,Accenture - Accenture-Impact-to-advantage.pdf,pdf,other,,consulting,Accenture,,,,,,,,,medium,filename_and_metadata_heuristics_v1,true,no_primary_domain_filename_match
codex_doc_000021,Accenture - Consumer-Pulse-2026-In the age of AI agents.pdf,Accenture - Consumer-Pulse-2026-In the age of AI agents.pdf,pdf,ai,customer_experience,consulting,Accenture,consumer_retail_ecommerce,artificial_intelligence;agentic_ai,,,,ai_agent,,,high,filename_and_metadata_heuristics_v1,false,
codex_doc_000022,Accenture - Global Data-Centre-Trends-2026.pdf,Accenture - Global Data-Centre-Trends-2026.pdf,pdf,global_digital_policy,technology_infrastructure,consulting,Accenture,,,future_readiness,,,,,,high,filename_and_metadata_heuristics_v1,false,
codex_doc_000023,Accenture-Human-Paradox.pdf,Accenture-Human-Paradox.pdf,pdf,other,,consulting,Accenture,,,,,,,,,medium,filename_and_metadata_heuristics_v1,true,no_primary_domain_filename_match
codex_doc_000024,Accenture-Technology-Vision-2023-Full-Report.pdf,Accenture-Technology-Vision-2023-Full-Report.pdf,pdf,other,,consulting,Accenture,technology_saas_platforms,,,,,,,,medium,filename_and_metadata_heuristics_v1,true,no_primary_domain_filename_match
codex_doc_000025,Adaptability - Academic - Incumbent response to volatility and disruption.pdf,Adaptability - Academic - Incumbent response to volatility and disruption.pdf,pdf,adaptability,,academic,unknown,education_research,,adaptability,,,,,,high,filename_and_metadata_heuristics_v1,false,
codex_doc_000026,Adaptability - Academic - Marketing in an unpredictable environment.pdf,Adaptability - Academic - Marketing in an unpredictable environment.pdf,pdf,adaptability,,academic,unknown,advertising_media_marketing;education_research,,adaptability,,,,,,high,filename_and_metadata_heuristics_v1,false,
codex_doc_000027,Adaptability - Academic - Zeroth Principle Design.pdf,Adaptability - Academic - Zeroth Principle Design.pdf,pdf,adaptability,,academic,unknown,education_research,,adaptability,,,,,,high,filename_and_metadata_heuristics_v1,false,
codex_doc_000028,Adaptability - HBR - The Art of Designing Markets.pdf,Adaptability - HBR - The Art of Designing Markets.pdf,pdf,adaptability,,practitioner,HBR,,,adaptability,,,,marketplace_design,,high,filename_and_metadata_heuristics_v1,false,
codex_doc_000029,Adaptive-Leadership-WP-US-Single-pages.pdf,Adaptive-Leadership-WP-US-Single-pages.pdf,pdf,adaptability,,unknown,unknown,,,adaptability,,,,adaptive_leadership,kinetic_organization,medium,filename_and_metadata_heuristics_v1,true,no_source_type_filename_match
codex_doc_000030,Africa - AI continental strategy - Copy.pdf,Africa - AI continental strategy - Copy.pdf,pdf,ai,,unknown,unknown,,artificial_intelligence,,,,,,,low,filename_and_metadata_heuristics_v1,true,duplicate_or_copy_indicator;no_source_type_filename_match
codex_doc_000031,Africa - AI continental strategy.pdf,Africa - AI continental strategy.pdf,pdf,ai,,unknown,unknown,,artificial_intelligence,,,,,,,low,filename_and_metadata_heuristics_v1,true,no_source_type_filename_match
codex_doc_000032,Africa and Digitization - Copy.pdf,Africa and Digitization - Copy.pdf,pdf,digital_transformation,,unknown,unknown,,,,,,,,,low,filename_and_metadata_heuristics_v1,true,duplicate_or_copy_indicator;no_source_type_filename_match
codex_doc_000033,Africa and Digitization.pdf,Africa and Digitization.pdf,pdf,digital_transformation,,unknown,unknown,,,,,,,,,low,filename_and_metadata_heuristics_v1,true,no_source_type_filename_match
codex_doc_000034,Agile - From Campaigns to Continuums.docx,Agile - From Campaigns to Continuums.docx,docx,agile,,unknown,unknown,,,agility,,agile,,,,low,filename_and_metadata_heuristics_v1,true,no_source_type_filename_match
codex_doc_000035,Agile - HBR - Agile at Scale.pdf,Agile - HBR - Agile at Scale.pdf,pdf,agile,,practitioner,HBR,,,agility,,agile,,agile_at_scale,,high,filename_and_metadata_heuristics_v1,false,
codex_doc_000036,Agile - HBR - Agile.pdf,Agile - HBR - Agile.pdf,pdf,agile,,practitioner,HBR,,,agility,,agile,,,,high,filename_and_metadata_heuristics_v1,false,
codex_doc_000037,Agile - HBR - GE Case Study.pdf,Agile - HBR - GE Case Study.pdf,pdf,agile,,academic,HBR,,,agility,,agile,,,writing,high,filename_and_metadata_heuristics_v1,false,
codex_doc_000038,Agile - HBR - ING Business Case.pdf,Agile - HBR - ING Business Case.pdf,pdf,agile,,practitioner,HBR,,,agility,,agile,,,,high,filename_and_metadata_heuristics_v1,false,
codex_doc_000039,Agile - HBR - The Agile C-Suite.pdf,Agile - HBR - The Agile C-Suite.pdf,pdf,agile,,practitioner,HBR,,,agility,,agile,,,,high,filename_and_metadata_heuristics_v1,false,
codex_doc_000040,AI - Academic - AI and Marketing 4.0.pdf,AI - Academic - AI and Marketing 4.0.pdf,pdf,ai,,academic,unknown,advertising_media_marketing;education_research,artificial_intelligence,,,,,,,high,filename_and_metadata_heuristics_v1,false,
codex_doc_000041,AI - Academic - AI Based Innovation.pdf,AI - Academic - AI Based Innovation.pdf,pdf,ai,innovation,academic,unknown,education_research,artificial_intelligence,innovation,,,,,,high,filename_and_metadata_heuristics_v1,false,
codex_doc_000042,AI - Academic - Orchestration Logic for Application.pdf,AI - Academic - Orchestration Logic for Application.pdf,pdf,ai,,academic,unknown,education_research,artificial_intelligence,,,coordination,,,,high,filename_and_metadata_heuristics_v1,false,
codex_doc_000043,AI as a catalyst for dynamic capabilities.pdf,AI as a catalyst for dynamic capabilities.pdf,pdf,ai,dynamic_capabilities,unknown,unknown,,artificial_intelligence,,,,,dynamic_capabilities,kinetic_organization,medium,filename_and_metadata_heuristics_v1,true,no_source_type_filename_match
codex_doc_000044,AI Meets Blockchain.pdf,AI Meets Blockchain.pdf,pdf,ai,blockchain,unknown,unknown,,artificial_intelligence;blockchain,,,,,,,low,filename_and_metadata_heuristics_v1,true,no_source_type_filename_match
codex_doc_000045,AI Task Assessment.pdf,AI Task Assessment.pdf,pdf,ai,,internal,unknown,,artificial_intelligence,,,,,,,high,filename_and_metadata_heuristics_v1,false,
codex_doc_000046,AI-Governance-Dialogue-Steering-the-Future-of-AI-2025.pdf,AI-Governance-Dialogue-Steering-the-Future-of-AI-2025.pdf,pdf,ai,,unknown,unknown,,artificial_intelligence,future_readiness,,,,,,low,filename_and_metadata_heuristics_v1,true,no_source_type_filename_match
codex_doc_000047,ai-readiness-model-whitepaper.pdf,ai-readiness-model-whitepaper.pdf,pdf,ai,,academic,unknown,,artificial_intelligence,ai_readiness,,,,,,high,filename_and_metadata_heuristics_v1,false,
codex_doc_000048,ai-readiness-report.pdf,ai-readiness-report.pdf,pdf,ai,,industry_report,unknown,,artificial_intelligence,ai_readiness,,,,,,high,filename_and_metadata_heuristics_v1,false,
codex_doc_000049,AI-Report_Full-Report.pdf,AI-Report_Full-Report.pdf,pdf,ai,,industry_report,unknown,,artificial_intelligence,,,,,,,high,filename_and_metadata_heuristics_v1,false,
codex_doc_000050,AimeHumphreyDeRuePaul2014.pdf,AimeHumphreyDeRuePaul2014.pdf,pdf,other,,unknown,unknown,,,,,,,,,low,filename_and_metadata_heuristics_v1,true,no_primary_domain_filename_match;no_source_type_filename_match
codex_doc_000051,Americas Digital Baseline 2021.pdf,Americas Digital Baseline 2021.pdf,pdf,other,,unknown,unknown,,,,,,,,,low,filename_and_metadata_heuristics_v1,true,no_primary_domain_filename_match;no_source_type_filename_match
codex_doc_000052,Antecedents and Consequences of Resource Redeployment.pdf,Antecedents and Consequences of Resource Redeployment.pdf,pdf,dynamic_capabilities,,unknown,unknown,,,resource_reallocation,,,,,,low,filename_and_metadata_heuristics_v1,true,no_source_type_filename_match
codex_doc_000053,Argentina - Compute and AI strategy.pdf,Argentina - Compute and AI strategy.pdf,pdf,ai,,unknown,unknown,,artificial_intelligence,,,,,,,low,filename_and_metadata_heuristics_v1,true,no_source_type_filename_match
codex_doc_000054,Argyris-C.-Theories-of-action-double-loop-learning-and-organizational-learning-revised-20-9-2011.pdf,Argyris-C.-Theories-of-action-double-loop-learning-and-organizational-learning-revised-20-9-2011.pdf,pdf,operating_models,,unknown,unknown,,,learning;organizational_design,,,,,,low,filename_and_metadata_heuristics_v1,true,no_source_type_filename_match
codex_doc_000055,Artificial Intelligence as a Catalyst for Dynamic Capabilities.pdf,Artificial Intelligence as a Catalyst for Dynamic Capabilities.pdf,pdf,ai,dynamic_capabilities,unknown,unknown,,artificial_intelligence,,,,,dynamic_capabilities,kinetic_organization,medium,filename_and_metadata_heuristics_v1,true,no_source_type_filename_match
codex_doc_000056,AWS- 2026+Future+of+Ecommerce.pdf,AWS- 2026+Future+of+Ecommerce.pdf,pdf,customer_experience,,unknown,unknown,consumer_retail_ecommerce,,,,,ecommerce,,web_strategy_course,medium,filename_and_metadata_heuristics_v1,true,no_source_type_filename_match
codex_doc_000057,Bain - Agile Organization.pdf,Bain - Agile Organization.pdf,pdf,agile,operating_models,consulting,Bain,,,agility;organizational_design,,agile,,,,high,filename_and_metadata_heuristics_v1,false,
codex_doc_000058,BAIN- technology_report_2025.pdf,BAIN- technology_report_2025.pdf,pdf,other,,consulting,Bain,technology_saas_platforms,,,,,,,,medium,filename_and_metadata_heuristics_v1,true,no_primary_domain_filename_match
codex_doc_000059,Balkans - Digital Transformation.pdf,Balkans - Digital Transformation.pdf,pdf,digital_transformation,,unknown,unknown,,,,,,,,mba_digital_strategy,low,filename_and_metadata_heuristics_v1,true,no_source_type_filename_match
codex_doc_000060,Bangladesh - AI_and_The_Digital_Transformation_of_Bangladesh - Copy.pdf,Bangladesh - AI_and_The_Digital_Transformation_of_Bangladesh - Copy.pdf,pdf,ai,digital_transformation,unknown,unknown,,artificial_intelligence,,,,,,mba_digital_strategy,low,filename_and_metadata_heuristics_v1,true,duplicate_or_copy_indicator;no_source_type_filename_match
codex_doc_000061,Bangladesh - AI_and_The_Digital_Transformation_of_Bangladesh.pdf,Bangladesh - AI_and_The_Digital_Transformation_of_Bangladesh.pdf,pdf,ai,digital_transformation,unknown,unknown,,artificial_intelligence,,,,,,mba_digital_strategy,low,filename_and_metadata_heuristics_v1,true,no_source_type_filename_match
codex_doc_000062,BCG - Leaders Path to Digital Value Infographic-June 21.pdf,BCG - Leaders Path to Digital Value Infographic-June 21.pdf,pdf,other,,consulting,BCG,,,,,,,,,medium,filename_and_metadata_heuristics_v1,true,no_primary_domain_filename_match
codex_doc_000063,BCG - Technology role in digital acceleration.pdf,BCG - Technology role in digital acceleration.pdf,pdf,velocity,,consulting,BCG,technology_saas_platforms,,velocity,,,,,overclocked,high,filename_and_metadata_heuristics_v1,false,
codex_doc_000064,BCG - the-ceos-guide-to-physical-ai.pdf,BCG - the-ceos-guide-to-physical-ai.pdf,pdf,ai,,consulting,BCG,,artificial_intelligence,,,,,,writing,high,filename_and_metadata_heuristics_v1,false,
codex_doc_000065,BCG Four Strategies to Orchestrate a Digital ecosystem Sep 20.pdf,BCG Four Strategies to Orchestrate a Digital ecosystem Sep 20.pdf,pdf,platforms_marketplaces,,consulting,BCG,,,,ecosystem,networked,,,,high,filename_and_metadata_heuristics_v1,false,
codex_doc_000066,Belize - NATIONAL-DIGITAL-AGENDA-FINAL.pdf,Belize - NATIONAL-DIGITAL-AGENDA-FINAL.pdf,pdf,government,,government,unknown,government_public_sector,,,,,,,,high,filename_and_metadata_heuristics_v1,false,
codex_doc_000067,Blockchain - Legal.pdf,Blockchain - Legal.pdf,pdf,blockchain,,unknown,unknown,,blockchain,,,,,,,low,filename_and_metadata_heuristics_v1,true,no_source_type_filename_match
codex_doc_000068,Blockchain - real-world-asset-tokenization-guide-2024.pdf,Blockchain - real-world-asset-tokenization-guide-2024.pdf,pdf,blockchain,,practitioner,unknown,,blockchain,,tokenization,,,,writing,high,filename_and_metadata_heuristics_v1,false,
codex_doc_000069,Blockchain - State of RWA Tokenization 2026 Report.pdf,Blockchain - State of RWA Tokenization 2026 Report.pdf,pdf,blockchain,,industry_report,unknown,,blockchain,,tokenization,,,,,high,filename_and_metadata_heuristics_v1,false,
codex_doc_000070,Blockchain - The-Global-Digital-Asset-and-Web3-Adoption-Report.pdf,Blockchain - The-Global-Digital-Asset-and-Web3-Adoption-Report.pdf,pdf,blockchain,global_digital_policy,industry_report,unknown,,blockchain,,,,,,,high,filename_and_metadata_heuristics_v1,false,
codex_doc_000071,Blockchain - Tokenomics.pdf,Blockchain - Tokenomics.pdf,pdf,blockchain,,unknown,unknown,,blockchain,,tokenization,,,,,low,filename_and_metadata_heuristics_v1,true,no_source_type_filename_match
codex_doc_000072,Borino and digitization.pdf,Borino and digitization.pdf,pdf,digital_transformation,,unknown,unknown,,,,,,,,,low,filename_and_metadata_heuristics_v1,true,no_source_type_filename_match
codex_doc_000073,Brazil and AI Investment.pdf,Brazil and AI Investment.pdf,pdf,ai,,unknown,unknown,,artificial_intelligence,,,,,,,low,filename_and_metadata_heuristics_v1,true,no_source_type_filename_match
codex_doc_000074,Brazil and Digital Leadership.pdf,Brazil and Digital Leadership.pdf,pdf,other,,unknown,unknown,,,,,,,,,low,filename_and_metadata_heuristics_v1,true,no_primary_domain_filename_match;no_source_type_filename_match
codex_doc_000075,brazil digital strategy_2022-2026.pdf,brazil digital strategy_2022-2026.pdf,pdf,digital_transformation,,unknown,unknown,,,,,,,,mba_digital_strategy,low,filename_and_metadata_heuristics_v1,true,no_source_type_filename_match
codex_doc_000076,Build Strategic Assumptions by Spotting Trends Early.pdf,Build Strategic Assumptions by Spotting Trends Early.pdf,pdf,other,,industry_report,unknown,,,future_readiness,,,,,,medium,filename_and_metadata_heuristics_v1,true,no_primary_domain_filename_match
codex_doc_000077,Building Customer Trust in AI with Blockchain.pdf,Building Customer Trust in AI with Blockchain.pdf,pdf,ai,blockchain;customer_experience,unknown,unknown,,artificial_intelligence;blockchain,trust,,,,,,medium,filename_and_metadata_heuristics_v1,true,no_source_type_filename_match
codex_doc_000078,Business Ecosystem Value Creation.pdf,Business Ecosystem Value Creation.pdf,pdf,innovation,platforms_marketplaces,unknown,unknown,,,,ecosystem,networked,,,,low,filename_and_metadata_heuristics_v1,true,no_source_type_filename_match
codex_doc_000079,Business Models - Academic - Digital Impact.pdf,Business Models - Academic - Digital Impact.pdf,pdf,business_models,,academic,unknown,education_research,,,,,,business_model_canvas,mba_digital_strategy,high,filename_and_metadata_heuristics_v1,false,
codex_doc_000080,Cambodia - Digital.pdf,Cambodia - Digital.pdf,pdf,other,,unknown,unknown,,,,,,,,,low,filename_and_metadata_heuristics_v1,true,no_primary_domain_filename_match;no_source_type_filename_match
codex_doc_000081,Cambodia - Digital_Government_Policy_2022_2035_English.pdf,Cambodia - Digital_Government_Policy_2022_2035_English.pdf,pdf,government,,government,unknown,government_public_sector,,,,,,,government_as_a_service,high,filename_and_metadata_heuristics_v1,false,
codex_doc_000082,Canada - Digital Service.pdf,Canada - Digital Service.pdf,pdf,government,,unknown,unknown,,,,,,customer_service,,government_as_a_service,low,filename_and_metadata_heuristics_v1,true,no_source_type_filename_match
codex_doc_000083,Canada - Digital.pdf,Canada - Digital.pdf,pdf,other,,unknown,unknown,,,,,,,,,low,filename_and_metadata_heuristics_v1,true,no_primary_domain_filename_match;no_source_type_filename_match
codex_doc_000084,Cap Gemini - AI Advantage Final-Web-Version-Research-Brief-AI-Perspectives.pdf,Cap Gemini - AI Advantage Final-Web-Version-Research-Brief-AI-Perspectives.pdf,pdf,ai,,academic,Capgemini,education_research,artificial_intelligence,,,,,,,high,filename_and_metadata_heuristics_v1,false,
codex_doc_000085,Cap Gemini - CMO - CRI_CMO-Playbook-2025_Web_updated-1.pdf,Cap Gemini - CMO - CRI_CMO-Playbook-2025_Web_updated-1.pdf,pdf,other,,consulting,Capgemini,,,,,,,,writing,medium,filename_and_metadata_heuristics_v1,true,no_primary_domain_filename_match
codex_doc_000086,Cap Gemini - Digital-AI-in-Business-Operation.pdf,Cap Gemini - Digital-AI-in-Business-Operation.pdf,pdf,ai,,consulting,Capgemini,,artificial_intelligence,,,,,,,high,filename_and_metadata_heuristics_v1,false,
codex_doc_000087,Cap Gemini - Final-Web-Version-Report-Consumer-Trends-2026.pdf,Cap Gemini - Final-Web-Version-Report-Consumer-Trends-2026.pdf,pdf,customer_experience,,consulting,Capgemini,consumer_retail_ecommerce,,future_readiness,,,,,,high,filename_and_metadata_heuristics_v1,false,
codex_doc_000088,Cap Gemini - Gen-AI-in-Decision-Making.pdf,Cap Gemini - Gen-AI-in-Decision-Making.pdf,pdf,ai,,consulting,Capgemini,,artificial_intelligence,decision_making,,,,,,high,filename_and_metadata_heuristics_v1,false,
codex_doc_000089,Cap Gemini - Olaf-Groth.pdf,Cap Gemini - Olaf-Groth.pdf,pdf,other,,consulting,Capgemini,,,,,,,,,medium,filename_and_metadata_heuristics_v1,true,no_primary_domain_filename_match
codex_doc_000090,Cap Gemini - Report-Tech-In-Sports_V3.pdf,Cap Gemini - Report-Tech-In-Sports_V3.pdf,pdf,other,,consulting,Capgemini,sports_entertainment,,,,,,,,medium,filename_and_metadata_heuristics_v1,true,no_primary_domain_filename_match
codex_doc_000091,Capgemini - Top_Tech_Trends_Report_2026.pdf,Capgemini - Top_Tech_Trends_Report_2026.pdf,pdf,other,,consulting,Capgemini,,,future_readiness,,,,,,medium,filename_and_metadata_heuristics_v1,true,no_primary_domain_filename_match
codex_doc_000092,Carribean - Unesco - digital.pdf,Carribean - Unesco - digital.pdf,pdf,global_digital_policy,,unknown,unknown,,,,,,,,,low,filename_and_metadata_heuristics_v1,true,no_source_type_filename_match
codex_doc_000093,ceo-of-korber - pivot from manufacturer to tech stack.pdf,ceo-of-korber - pivot from manufacturer to tech stack.pdf,pdf,other,,unknown,unknown,,,,,,,,mba_digital_strategy,low,filename_and_metadata_heuristics_v1,true,no_primary_domain_filename_match;no_source_type_filename_match
codex_doc_000094,Change Leaders - Creating resiliance in uncertain times.pdf,Change Leaders - Creating resiliance in uncertain times.pdf,pdf,other,,unknown,unknown,,,resilience,,,,,,low,filename_and_metadata_heuristics_v1,true,no_primary_domain_filename_match;no_source_type_filename_match
codex_doc_000095,Chapter 7 Research - The Effects of Hierarchy on learning and performance.pdf,Chapter 7 Research - The Effects of Hierarchy on learning and performance.pdf,pdf,other,,academic,unknown,education_research,,learning,,,,,,medium,filename_and_metadata_heuristics_v1,true,no_primary_domain_filename_match
codex_doc_000096,Chile - digital identity.pdf,Chile - digital identity.pdf,pdf,other,,unknown,unknown,,digital_identity,,,,,,,low,filename_and_metadata_heuristics_v1,true,no_primary_domain_filename_match;no_source_type_filename_match
codex_doc_000097,China - NBRsr97-china-digital-ambitions.pdf,China - NBRsr97-china-digital-ambitions.pdf,pdf,other,,unknown,unknown,,,,,,,,,low,filename_and_metadata_heuristics_v1,true,no_primary_domain_filename_match;no_source_type_filename_match
codex_doc_000098,China _14th_Five_Year_Plan_EN.pdf,China _14th_Five_Year_Plan_EN.pdf,pdf,other,,unknown,unknown,,,,,,,,,low,filename_and_metadata_heuristics_v1,true,no_primary_domain_filename_match;no_source_type_filename_match
codex_doc_000099,China-Primer-Digital-Governance-2021_final.pdf,China-Primer-Digital-Governance-2021_final.pdf,pdf,other,,unknown,unknown,,,,,,,,,low,filename_and_metadata_heuristics_v1,true,no_primary_domain_filename_match;no_source_type_filename_match
codex_doc_000100,Chinese Communist Party's Layered Artificial Intelligence Strategy.pdf,Chinese Communist Party's Layered Artificial Intelligence Strategy.pdf,pdf,ai,,unknown,unknown,,artificial_intelligence,,,,,,,low,filename_and_metadata_heuristics_v1,true,no_source_type_filename_match
codex_doc_000101,Competing digital capacities  between state-led digital governance and local data center tradeoffs.pdf,Competing digital capacities  between state-led digital governance and local data center tradeoffs.pdf,pdf,technology_infrastructure,,unknown,unknown,,,,,,,,,low,filename_and_metadata_heuristics_v1,true,no_source_type_filename_match
codex_doc_000102,Composable - Building-composable-enterprise-ebook.pdf,Composable - Building-composable-enterprise-ebook.pdf,pdf,other,,unknown,unknown,,,composability,,,,,,low,filename_and_metadata_heuristics_v1,true,no_primary_domain_filename_match;no_source_type_filename_match
codex_doc_000103,Composable - Communication_Holismand_the_Evolution_of_Sociopoli.pdf,Composable - Communication_Holismand_the_Evolution_of_Sociopoli.pdf,pdf,other,,unknown,unknown,,,composability,,,,,,low,filename_and_metadata_heuristics_v1,true,no_primary_domain_filename_match;no_source_type_filename_match
codex_doc_000104,CONTINUOUS ADAPTATION.pdf,CONTINUOUS ADAPTATION.pdf,pdf,adaptability,,unknown,unknown,,,adaptability,,,,,,low,filename_and_metadata_heuristics_v1,true,no_source_type_filename_match
codex_doc_000105,Costa Rica National AI Strategy.pdf,Costa Rica National AI Strategy.pdf,pdf,ai,government,government,unknown,government_public_sector,artificial_intelligence,,,,,,,high,filename_and_metadata_heuristics_v1,false,
codex_doc_000106,Crusoe - 2026_AI_Infrastructure_Trends_Report.pdf,Crusoe - 2026_AI_Infrastructure_Trends_Report.pdf,pdf,ai,technology_infrastructure,industry_report,unknown,,artificial_intelligence,future_readiness,,,,,,high,filename_and_metadata_heuristics_v1,false,
codex_doc_000107,Customer Centricity - CDP and Attribution.pdf,Customer Centricity - CDP and Attribution.pdf,pdf,customer_experience,,unknown,unknown,,analytics,customer_intelligence,,,,,,low,filename_and_metadata_heuristics_v1,true,no_source_type_filename_match
codex_doc_000108,Customer Centricity - Explore the B2B Elements of Value - Bain & Company.pdf,Customer Centricity - Explore the B2B Elements of Value - Bain & Company.pdf,pdf,customer_experience,,consulting,Bain,,,,,,,elements_of_value,,high,filename_and_metadata_heuristics_v1,false,
codex_doc_000109,Customer Centricity - Identity Management.pdf,Customer Centricity - Identity Management.pdf,pdf,customer_experience,,unknown,unknown,,digital_identity,,,,,,,low,filename_and_metadata_heuristics_v1,true,no_source_type_filename_match
codex_doc_000110,Customer Centricity - The 30 Elements of Consumer Value_ A Hierarchy.pdf,Customer Centricity - The 30 Elements of Consumer Value_ A Hierarchy.pdf,pdf,customer_experience,,unknown,unknown,consumer_retail_ecommerce,,,,,,,,low,filename_and_metadata_heuristics_v1,true,no_source_type_filename_match
codex_doc_000111,Customer Journey - Accenture-Moments-that-Matter-Full-Report.pdf,Customer Journey - Accenture-Moments-that-Matter-Full-Report.pdf,pdf,customer_experience,,consulting,Accenture,,,,,,,,web_strategy_course,high,filename_and_metadata_heuristics_v1,false,
codex_doc_000112,Czech Republic - AI.pdf,Czech Republic - AI.pdf,pdf,ai,government,unknown,unknown,government_public_sector,artificial_intelligence,,,,,,government_as_a_service,medium,filename_and_metadata_heuristics_v1,true,no_source_type_filename_match
codex_doc_000113,Decentralized orchestration architecture for fluid computing.pdf,Decentralized orchestration architecture for fluid computing.pdf,pdf,technology_infrastructure,,unknown,unknown,,,,,coordination,,,,low,filename_and_metadata_heuristics_v1,true,no_source_type_filename_match
codex_doc_000114,Decisions_eBook_Universal_Orchestration_R1.pdf,Decisions_eBook_Universal_Orchestration_R1.pdf,pdf,other,,unknown,unknown,,,decision_making,,coordination,,,,low,filename_and_metadata_heuristics_v1,true,no_primary_domain_filename_match;no_source_type_filename_match
codex_doc_000115,Deloitte - DI_Tech-trends-2026 (1).pdf,Deloitte - DI_Tech-trends-2026 (1).pdf,pdf,other,,consulting,Deloitte,,,future_readiness,,,,,,medium,filename_and_metadata_heuristics_v1,true,duplicate_or_copy_indicator;no_primary_domain_filename_match
codex_doc_000116,Deloitte - DI_Tech-trends-2026.pdf,Deloitte - DI_Tech-trends-2026.pdf,pdf,other,,consulting,Deloitte,,,future_readiness,,,,,,medium,filename_and_metadata_heuristics_v1,true,no_primary_domain_filename_match
codex_doc_000117,Deloitte - hfs-horizons-agentic-services-2026.pdf,Deloitte - hfs-horizons-agentic-services-2026.pdf,pdf,ai,,consulting,Deloitte,,agentic_ai,,,ai_native,customer_service;ai_agent,,,high,filename_and_metadata_heuristics_v1,false,
codex_doc_000118,Deloitte - state-of-ai-2026-global.pdf,Deloitte - state-of-ai-2026-global.pdf,pdf,ai,global_digital_policy,consulting,Deloitte,,artificial_intelligence,,,,,,,high,filename_and_metadata_heuristics_v1,false,
codex_doc_000119,deloitte-digital-maturity-model.pdf,deloitte-digital-maturity-model.pdf,pdf,other,,consulting,Deloitte,,,,,,,digital_maturity_model,,medium,filename_and_metadata_heuristics_v1,true,no_primary_domain_filename_match
codex_doc_000120,deloitte-PoV-blockchain-media.pdf,deloitte-PoV-blockchain-media.pdf,pdf,blockchain,,consulting,Deloitte,advertising_media_marketing,blockchain,,advertising,,,,,high,filename_and_metadata_heuristics_v1,false,
codex_doc_000121,Developments in dynamic and intelligent reconfiguration.pdf,Developments in dynamic and intelligent reconfiguration.pdf,pdf,dynamic_capabilities,,unknown,unknown,,,,,,,,,low,filename_and_metadata_heuristics_v1,true,no_source_type_filename_match
codex_doc_000122,DI_Tech-trends-2026.pdf,DI_Tech-trends-2026.pdf,pdf,other,,industry_report,unknown,,,future_readiness,,,,,,medium,filename_and_metadata_heuristics_v1,true,no_primary_domain_filename_match
codex_doc_000123,Digital Assessment - eCommerce sales by Category.pdf,Digital Assessment - eCommerce sales by Category.pdf,pdf,customer_experience,,unknown,unknown,consumer_retail_ecommerce,,,,,ecommerce,,web_strategy_course,medium,filename_and_metadata_heuristics_v1,true,no_source_type_filename_match
codex_doc_000124,Digital Business Models.pdf,Digital Business Models.pdf,pdf,business_models,,unknown,unknown,,,,,,,business_model_canvas,mba_digital_strategy,low,filename_and_metadata_heuristics_v1,true,no_source_type_filename_match
codex_doc_000125,Digital Marketing Maturity - digital-marketing-maturity-guide.pdf,Digital Marketing Maturity - digital-marketing-maturity-guide.pdf,pdf,marketing_maturity,,practitioner,unknown,advertising_media_marketing,,,,,,,web_strategy_course;writing,high,filename_and_metadata_heuristics_v1,false,
codex_doc_000126,Digital Transformation - 2026-digital-transformation-study.pdf,Digital Transformation - 2026-digital-transformation-study.pdf,pdf,digital_transformation,,academic,unknown,,,,,,,,mba_digital_strategy,high,filename_and_metadata_heuristics_v1,false,
codex_doc_000127,Digital Transformation - McKinsey Insights.pdf,Digital Transformation - McKinsey Insights.pdf,pdf,digital_transformation,,consulting,McKinsey,,,,,,,,mba_digital_strategy,high,filename_and_metadata_heuristics_v1,false,
codex_doc_000128,Digital transformation and organizational resiliance.pdf,Digital transformation and organizational resiliance.pdf,pdf,operating_models,digital_transformation,unknown,unknown,,,resilience;organizational_design,,,,,mba_digital_strategy,medium,filename_and_metadata_heuristics_v1,true,no_source_type_filename_match
codex_doc_000129,Digital-Access-Africa_Draft-Section-Nov-9_CT120222_Clean34.pdf,Digital-Access-Africa_Draft-Section-Nov-9_CT120222_Clean34.pdf,pdf,other,,unknown,unknown,,,,,,,,,low,filename_and_metadata_heuristics_v1,true,no_primary_domain_filename_match;no_source_type_filename_match
codex_doc_000130,Digital_Transformation_Maturity_A_Systematic_Revie.pdf,Digital_Transformation_Maturity_A_Systematic_Revie.pdf,pdf,digital_transformation,,unknown,unknown,,,,,,,,mba_digital_strategy,low,filename_and_metadata_heuristics_v1,true,no_source_type_filename_match
codex_doc_000131,DIGITALEUROPE-EUROPE-2030-A-DIGITAL-POWERHOUSE-FINAL_DECEMBER_WEB.pdf,DIGITALEUROPE-EUROPE-2030-A-DIGITAL-POWERHOUSE-FINAL_DECEMBER_WEB.pdf,pdf,other,,unknown,unknown,,,,,,,,,low,filename_and_metadata_heuristics_v1,true,no_primary_domain_filename_match;no_source_type_filename_match
codex_doc_000132,Digitization of Public Diplomacy of Russia and Ukraine during the War_ 11.2024. MATVYEYEVA.pdf,Digitization of Public Diplomacy of Russia and Ukraine during the War_ 11.2024. MATVYEYEVA.pdf,pdf,digital_transformation,government,unknown,unknown,government_public_sector,,,,,,,government_as_a_service,low,filename_and_metadata_heuristics_v1,true,no_source_type_filename_match
codex_doc_000133,Driving Demand - Accenture-Market-Mix-Optimization.pdf,Driving Demand - Accenture-Market-Mix-Optimization.pdf,pdf,marketing_maturity,,consulting,Accenture,,,,,,,,,high,filename_and_metadata_heuristics_v1,false,
codex_doc_000134,Driving Demand - IAB-Cross-Media-Ad-Effectiveness-Study-Jan-11-2017.pdf,Driving Demand - IAB-Cross-Media-Ad-Effectiveness-Study-Jan-11-2017.pdf,pdf,other,,academic,unknown,advertising_media_marketing,,,advertising,,,,,medium,filename_and_metadata_heuristics_v1,true,no_primary_domain_filename_match
codex_doc_000135,DTS_for_Africa_2020-2030_English.pdf,DTS_for_Africa_2020-2030_English.pdf,pdf,other,,unknown,unknown,,,,,,,,,low,filename_and_metadata_heuristics_v1,true,no_primary_domain_filename_match;no_source_type_filename_match
codex_doc_000136,dubai-digitized-roadmap.pdf,dubai-digitized-roadmap.pdf,pdf,other,,unknown,unknown,,,,,,,,,low,filename_and_metadata_heuristics_v1,true,no_primary_domain_filename_match;no_source_type_filename_match
codex_doc_000137,"Dynamic Capabilities - Teece, Pisano and Shuen (1997).pdf","Dynamic Capabilities - Teece, Pisano and Shuen (1997).pdf",pdf,dynamic_capabilities,,unknown,unknown,,,,,,,dynamic_capabilities,kinetic_organization,low,filename_and_metadata_heuristics_v1,true,no_source_type_filename_match
codex_doc_000138,"Dynamic Capabilities and Strategic Management - Teece, Pisano and Shuen (1997).pdf","Dynamic Capabilities and Strategic Management - Teece, Pisano and Shuen (1997).pdf",pdf,dynamic_capabilities,,unknown,unknown,,,,,,,dynamic_capabilities,kinetic_organization,low,filename_and_metadata_heuristics_v1,true,no_source_type_filename_match
codex_doc_000139,dynamic-capabilities-as-workable-management-systems-theory.pdf,dynamic-capabilities-as-workable-management-systems-theory.pdf,pdf,dynamic_capabilities,,unknown,unknown,,,,,,,dynamic_capabilities,kinetic_organization,low,filename_and_metadata_heuristics_v1,true,no_source_type_filename_match
codex_doc_000140,E-Estonia_-Blueprint-for-a-Digital-Nation.pdf,E-Estonia_-Blueprint-for-a-Digital-Nation.pdf,pdf,other,,unknown,unknown,,,,,,,,,low,filename_and_metadata_heuristics_v1,true,no_primary_domain_filename_match;no_source_type_filename_match
codex_doc_000141,Earned Media - Academic Reseach on impact of social media on purchase intent.pdf,Earned Media - Academic Reseach on impact of social media on purchase intent.pdf,pdf,marketing_maturity,,academic,unknown,advertising_media_marketing;education_research,,,advertising,,social,,,high,filename_and_metadata_heuristics_v1,false,
codex_doc_000142,Earned Media - Academic Research on impact of UGC and FGC on funnel.pdf,Earned Media - Academic Research on impact of UGC and FGC on funnel.pdf,pdf,marketing_maturity,,academic,unknown,advertising_media_marketing;education_research,,,advertising,,,,,high,filename_and_metadata_heuristics_v1,false,
codex_doc_000143,EBSCO-FullText-06_15_2026.pdf,EBSCO-FullText-06_15_2026.pdf,pdf,other,,unknown,unknown,,,,,,,,,low,filename_and_metadata_heuristics_v1,true,no_primary_domain_filename_match;no_source_type_filename_match
codex_doc_000144,eCommerce and physical retail shifts - Placer.io.pdf,eCommerce and physical retail shifts - Placer.io.pdf,pdf,customer_experience,,unknown,unknown,consumer_retail_ecommerce,,,,,ecommerce,,web_strategy_course,medium,filename_and_metadata_heuristics_v1,true,no_source_type_filename_match
codex_doc_000145,eCommerce Trends Report.pdf,eCommerce Trends Report.pdf,pdf,customer_experience,,industry_report,unknown,consumer_retail_ecommerce,,future_readiness,,,ecommerce,,web_strategy_course,high,filename_and_metadata_heuristics_v1,false,
codex_doc_000146,Economic-Index-5-v2 (1).pdf,Economic-Index-5-v2 (1).pdf,pdf,other,,industry_report,unknown,,analytics,,,,,,,medium,filename_and_metadata_heuristics_v1,true,duplicate_or_copy_indicator;no_primary_domain_filename_match
codex_doc_000147,Ecuador - Digital Transformation.pdf,Ecuador - Digital Transformation.pdf,pdf,digital_transformation,,unknown,unknown,,,,,,,,mba_digital_strategy,low,filename_and_metadata_heuristics_v1,true,no_source_type_filename_match
codex_doc_000148,Egypt - AI.pdf,Egypt - AI.pdf,pdf,ai,,unknown,unknown,,artificial_intelligence,,,,,,,low,filename_and_metadata_heuristics_v1,true,no_source_type_filename_match
codex_doc_000149,Eluvio and Warner Bros LOTR Case Study.pdf,Eluvio and Warner Bros LOTR Case Study.pdf,pdf,other,,academic,unknown,sports_entertainment,,,,,,,writing,medium,filename_and_metadata_heuristics_v1,true,no_primary_domain_filename_match
codex_doc_000150,Eluvio Content Fabric Protocol Whitepaper.pdf,Eluvio Content Fabric Protocol Whitepaper.pdf,pdf,other,,academic,unknown,,,,,,content,,,medium,filename_and_metadata_heuristics_v1,true,no_primary_domain_filename_match
codex_doc_000151,"Enterprise architecture approach for project-based organizations modeling,.pdf","Enterprise architecture approach for project-based organizations modeling,.pdf",pdf,operating_models,technology_infrastructure,unknown,unknown,,,organizational_design,,,,enterprise_architecture,,low,filename_and_metadata_heuristics_v1,true,no_source_type_filename_match
codex_doc_000152,Entreprenuerial ecosystem mechanisms.pdf,Entreprenuerial ecosystem mechanisms.pdf,pdf,platforms_marketplaces,,unknown,unknown,,,,ecosystem,networked,,,,low,filename_and_metadata_heuristics_v1,true,no_source_type_filename_match
codex_doc_000153,Estonian National Digital Decade Strategic Roadmap 2025.pdf,Estonian National Digital Decade Strategic Roadmap 2025.pdf,pdf,government,,government,unknown,government_public_sector,,,,,,,,high,filename_and_metadata_heuristics_v1,false,
codex_doc_000154,EU and Asia Digitization.pdf,EU and Asia Digitization.pdf,pdf,digital_transformation,,unknown,unknown,,,,,,,,,low,filename_and_metadata_heuristics_v1,true,no_source_type_filename_match
codex_doc_000155,Exploring the role of service modularity in knowledge based service firms.pdf,Exploring the role of service modularity in knowledge based service firms.pdf,pdf,other,,unknown,unknown,,,learning;composability,,,customer_service,,,medium,filename_and_metadata_heuristics_v1,true,no_primary_domain_filename_match;no_source_type_filename_match
codex_doc_000156,EY - ai-sentiment-study-wave-04-2026.pdf,EY - ai-sentiment-study-wave-04-2026.pdf,pdf,ai,,academic,EY,,artificial_intelligence,,,,,,,high,filename_and_metadata_heuristics_v1,false,
codex_doc_000157,feb-2023-global-consumer-insights-survey-pulse-5-pwc-global.pdf,feb-2023-global-consumer-insights-survey-pulse-5-pwc-global.pdf,pdf,customer_experience,global_digital_policy,consulting,PwC,consumer_retail_ecommerce,,customer_intelligence,,,,,,high,filename_and_metadata_heuristics_v1,false,
codex_doc_000158,fpsyg-11-588172.pdf,fpsyg-11-588172.pdf,pdf,other,,unknown,unknown,,,,,,,,,low,filename_and_metadata_heuristics_v1,true,no_primary_domain_filename_match;no_source_type_filename_match
codex_doc_000159,FTI-Foresight-Funnel.pdf,FTI-Foresight-Funnel.pdf,pdf,other,,unknown,unknown,,,future_readiness,,,,,,low,filename_and_metadata_heuristics_v1,true,no_primary_domain_filename_match;no_source_type_filename_match
codex_doc_000160,"G20 Digital Future - Comprehensive Comparative Analysis of National AI, Blockchain and Digital Strategies.pdf","G20 Digital Future - Comprehensive Comparative Analysis of National AI, Blockchain and Digital Strategies.pdf",pdf,ai,blockchain;global_digital_policy;government,government,unknown,government_public_sector,artificial_intelligence;blockchain,,,,,,,high,filename_and_metadata_heuristics_v1,false,
codex_doc_000161,Gartner - 2026-top-tech-trends.pdf,Gartner - 2026-top-tech-trends.pdf,pdf,other,,industry_report,Gartner,,,future_readiness,,,,,,medium,filename_and_metadata_heuristics_v1,true,no_primary_domain_filename_match
codex_doc_000162,Generative AI platforms as institutional catalysts of digital.pdf,Generative AI platforms as institutional catalysts of digital.pdf,pdf,ai,platforms_marketplaces,unknown,unknown,technology_saas_platforms,artificial_intelligence,,platform,,,,,medium,filename_and_metadata_heuristics_v1,true,no_source_type_filename_match
codex_doc_000163,Ghana - Financial Inclusion via Digital.pdf,Ghana - Financial Inclusion via Digital.pdf,pdf,other,,unknown,unknown,banking_finance_insurance,,,,,,,,low,filename_and_metadata_heuristics_v1,true,no_primary_domain_filename_match;no_source_type_filename_match
codex_doc_000164,Global - 2025-Government-AI-Readiness-Index-2.pdf,Global - 2025-Government-AI-Readiness-Index-2.pdf,pdf,ai,global_digital_policy;government,government,unknown,government_public_sector,artificial_intelligence;analytics,ai_readiness,,,,,government_as_a_service,high,filename_and_metadata_heuristics_v1,false,
codex_doc_000165,Global - ai_vibrancy_tool_paper_november 2024.pdf,Global - ai_vibrancy_tool_paper_november 2024.pdf,pdf,ai,global_digital_policy,academic,unknown,,artificial_intelligence,,,,,,,high,filename_and_metadata_heuristics_v1,false,
codex_doc_000166,"Global - Digital Progress and Trends Report 2025, Strengthening AI Foundations.pdf","Global - Digital Progress and Trends Report 2025, Strengthening AI Foundations.pdf",pdf,ai,global_digital_policy,industry_report,unknown,,artificial_intelligence,future_readiness,,,,,,high,filename_and_metadata_heuristics_v1,false,
codex_doc_000167,Global - Digital-Economy-Trends-2026.pdf,Global - Digital-Economy-Trends-2026.pdf,pdf,global_digital_policy,,industry_report,unknown,,,future_readiness,,,,,,high,filename_and_metadata_heuristics_v1,false,
codex_doc_000168,Global - Digitization and Intelligence Index.pdf,Global - Digitization and Intelligence Index.pdf,pdf,digital_transformation,global_digital_policy,industry_report,unknown,,analytics,,,,,,,high,filename_and_metadata_heuristics_v1,false,
codex_doc_000169,Global - IMF - Global Impact of AI.pdf,Global - IMF - Global Impact of AI.pdf,pdf,global_digital_policy,ai,government,IMF,,artificial_intelligence,,,,,,,high,filename_and_metadata_heuristics_v1,false,
codex_doc_000170,Global - Smart City Investment.pdf,Global - Smart City Investment.pdf,pdf,global_digital_policy,,unknown,unknown,smart_cities,,,,,,,,low,filename_and_metadata_heuristics_v1,true,no_source_type_filename_match
codex_doc_000171,Global - Smart City Predictions - IDC_FutureScape_Worldwide_Smart_Cities_and_Communities_2024_Predictions_-_2023_Oct.pdf,Global - Smart City Predictions - IDC_FutureScape_Worldwide_Smart_Cities_and_Communities_2024_Predictions_-_2023_Oct.pdf,pdf,global_digital_policy,,unknown,unknown,smart_cities,,,,,,,,low,filename_and_metadata_heuristics_v1,true,no_source_type_filename_match
codex_doc_000172,Global - Smart-Cities-in-the-Digital-Age_251029_124718_251029_204141.pdf,Global - Smart-Cities-in-the-Digital-Age_251029_124718_251029_204141.pdf,pdf,global_digital_policy,,unknown,unknown,smart_cities,,,,,,,,low,filename_and_metadata_heuristics_v1,true,no_source_type_filename_match
codex_doc_000173,Global - The_Industry_5.0_(I50)_paradigm.pdf,Global - The_Industry_5.0_(I50)_paradigm.pdf,pdf,global_digital_policy,,unknown,unknown,,,,,,,,,low,filename_and_metadata_heuristics_v1,true,no_source_type_filename_match
codex_doc_000174,Global - VC Activity - CB-Insights_Artificial-Intelligence-Report-2025.pdf,Global - VC Activity - CB-Insights_Artificial-Intelligence-Report-2025.pdf,pdf,ai,global_digital_policy,industry_report,unknown,,artificial_intelligence,,,,,,,high,filename_and_metadata_heuristics_v1,false,
codex_doc_000175,Global - WEF - WEF_Advancing_Responsible_AI_Innovation_A_Playbook_2025.pdf,Global - WEF - WEF_Advancing_Responsible_AI_Innovation_A_Playbook_2025.pdf,pdf,global_digital_policy,ai;innovation,government,WEF,,artificial_intelligence,trust;innovation,,,,,writing,high,filename_and_metadata_heuristics_v1,false,
codex_doc_000176,Global - WEF - WEF_AI_in_Action_Beyond_Experimentation_to_Transform_Industry_2025.pdf,Global - WEF - WEF_AI_in_Action_Beyond_Experimentation_to_Transform_Industry_2025.pdf,pdf,global_digital_policy,ai,government,WEF,,artificial_intelligence,,,,,,,high,filename_and_metadata_heuristics_v1,false,
codex_doc_000177,Global - WIPO-pub-2000-2025-exec-en-global-innovation-index-2025.pdf,Global - WIPO-pub-2000-2025-exec-en-global-innovation-index-2025.pdf,pdf,global_digital_policy,innovation,industry_report,unknown,,analytics,innovation,,,,,,high,filename_and_metadata_heuristics_v1,false,
codex_doc_000178,Global - World Trade Report - Digital.pdf,Global - World Trade Report - Digital.pdf,pdf,global_digital_policy,,industry_report,unknown,,,,,,,,,high,filename_and_metadata_heuristics_v1,false,
codex_doc_000179,Global Analysis - Group 1.pdf,Global Analysis - Group 1.pdf,pdf,global_digital_policy,,unknown,unknown,,,,,,,,,low,filename_and_metadata_heuristics_v1,true,no_source_type_filename_match
codex_doc_000180,Global Analysis - Group 2.pdf,Global Analysis - Group 2.pdf,pdf,global_digital_policy,,unknown,unknown,,,,,,,,,low,filename_and_metadata_heuristics_v1,true,no_source_type_filename_match
codex_doc_000181,Global Analysis - Group 3.pdf,Global Analysis - Group 3.pdf,pdf,global_digital_policy,,unknown,unknown,,,,,,,,,low,filename_and_metadata_heuristics_v1,true,no_source_type_filename_match
codex_doc_000182,"Global Context Analysis - AI, Digital, Blockchain and Smart City.pdf","Global Context Analysis - AI, Digital, Blockchain and Smart City.pdf",pdf,ai,blockchain;global_digital_policy,unknown,unknown,smart_cities,artificial_intelligence;blockchain,,,,,,,medium,filename_and_metadata_heuristics_v1,true,no_source_type_filename_match
codex_doc_000183,Go to Market Frameworks - B2B and Account Based Marketing.pdf,Go to Market Frameworks - B2B and Account Based Marketing.pdf,pdf,marketing_maturity,,unknown,unknown,advertising_media_marketing,,,,,,,writing,low,filename_and_metadata_heuristics_v1,true,no_source_type_filename_match
codex_doc_000184,goldman-sachs-david-solomon-on-adapting-to-disruption_final.pdf,goldman-sachs-david-solomon-on-adapting-to-disruption_final.pdf,pdf,adaptability,,unknown,unknown,,,,,,,,,low,filename_and_metadata_heuristics_v1,true,no_source_type_filename_match
codex_doc_000185,Governing complexity in sustainable innovation ecosystems - An empirical.pdf,Governing complexity in sustainable innovation ecosystems - An empirical.pdf,pdf,innovation,platforms_marketplaces,unknown,unknown,,,innovation,ecosystem,networked,,,,medium,filename_and_metadata_heuristics_v1,true,no_source_type_filename_match
codex_doc_000186,Governing complexity in sustainable innovation ecosystems.pdf,Governing complexity in sustainable innovation ecosystems.pdf,pdf,innovation,platforms_marketplaces,unknown,unknown,,,innovation,ecosystem,networked,,,,medium,filename_and_metadata_heuristics_v1,true,no_source_type_filename_match
codex_doc_000187,Govt - US - ERP-2026-5.-The-Revolution-of-Artificial-Intelligence.pdf,Govt - US - ERP-2026-5.-The-Revolution-of-Artificial-Intelligence.pdf,pdf,ai,government,government,unknown,government_public_sector,artificial_intelligence,,,,,,government_as_a_service,high,filename_and_metadata_heuristics_v1,false,
codex_doc_000188,Guyana - Digital Transformation.pdf,Guyana - Digital Transformation.pdf,pdf,digital_transformation,,unknown,unknown,,,,,,,,mba_digital_strategy,low,filename_and_metadata_heuristics_v1,true,no_source_type_filename_match
codex_doc_000189,hilton-president-and-ceo-chris-nassetta-on-culture-strategy-and-reinvention_final.pdf,hilton-president-and-ceo-chris-nassetta-on-culture-strategy-and-reinvention_final.pdf,pdf,other,,unknown,unknown,wine_hospitality,,organizational_design,,,,,mba_digital_strategy,medium,filename_and_metadata_heuristics_v1,true,no_primary_domain_filename_match;no_source_type_filename_match
codex_doc_000190,HootsuiteSocialTrends2026_Report_en.pdf,HootsuiteSocialTrends2026_Report_en.pdf,pdf,other,,industry_report,unknown,,,future_readiness,,,social,,,medium,filename_and_metadata_heuristics_v1,true,no_primary_domain_filename_match
codex_doc_000191,How digital transformation enhances firm performance through capability.pdf,How digital transformation enhances firm performance through capability.pdf,pdf,digital_transformation,,unknown,unknown,,,,,,,,mba_digital_strategy,low,filename_and_metadata_heuristics_v1,true,no_source_type_filename_match
codex_doc_000192,How enterprise architecture leads to organisational benefits.pdf,How enterprise architecture leads to organisational benefits.pdf,pdf,operating_models,technology_infrastructure,unknown,unknown,,,organizational_design,,,,enterprise_architecture,,low,filename_and_metadata_heuristics_v1,true,no_source_type_filename_match
codex_doc_000193,How to Build Adaptive Strategy Fit for Disrupted Times.pdf,How to Build Adaptive Strategy Fit for Disrupted Times.pdf,pdf,adaptability,,unknown,unknown,,,adaptability,,,,,kinetic_organization,low,filename_and_metadata_heuristics_v1,true,no_source_type_filename_match
codex_doc_000194,How to Do a Competitive Landscape Analysis.pdf,How to Do a Competitive Landscape Analysis.pdf,pdf,other,,unknown,unknown,,,,,,,,,low,filename_and_metadata_heuristics_v1,true,no_primary_domain_filename_match;no_source_type_filename_match
codex_doc_000195,How usefull is the theory of disruptive innovation.pdf,How usefull is the theory of disruptive innovation.pdf,pdf,innovation,,unknown,unknown,,,innovation,,,,,,low,filename_and_metadata_heuristics_v1,true,no_source_type_filename_match
codex_doc_000196,How-digital-reinventors-are-pulling-away-from-the-pack.pdf,How-digital-reinventors-are-pulling-away-from-the-pack.pdf,pdf,other,,unknown,unknown,,,,,,,,,low,filename_and_metadata_heuristics_v1,true,no_primary_domain_filename_match;no_source_type_filename_match
codex_doc_000197,how-to-assess-the-performance-of-your-composable-architecture.pdf,how-to-assess-the-performance-of-your-composable-architecture.pdf,pdf,technology_infrastructure,,unknown,unknown,,,composability,,,,,,low,filename_and_metadata_heuristics_v1,true,no_source_type_filename_match
codex_doc_000198,IBM - 5-trends-for-2026.pdf,IBM - 5-trends-for-2026.pdf,pdf,other,,industry_report,IBM,,,future_readiness,,,,,,medium,filename_and_metadata_heuristics_v1,true,no_primary_domain_filename_match
codex_doc_000199,IBM - roi-guide-agentic-ai-gated-ebook.pdf,IBM - roi-guide-agentic-ai-gated-ebook.pdf,pdf,ai,,practitioner,IBM,,artificial_intelligence;agentic_ai,,,ai_native,ai_agent,,writing,high,filename_and_metadata_heuristics_v1,false,
codex_doc_000200,Iceland - AI Action Plan electronic version.pdf,Iceland - AI Action Plan electronic version.pdf,pdf,ai,,unknown,unknown,,artificial_intelligence,,,,,,,low,filename_and_metadata_heuristics_v1,true,no_source_type_filename_match
codex_doc_000201,IMD - World Digital Competitiveness _Report 2024.pdf,IMD - World Digital Competitiveness _Report 2024.pdf,pdf,other,,industry_report,unknown,,,,,,,,,medium,filename_and_metadata_heuristics_v1,true,no_primary_domain_filename_match
codex_doc_000202,IMD - World Digital Competitiveness _Report_2025.pdf,IMD - World Digital Competitiveness _Report_2025.pdf,pdf,other,,industry_report,unknown,,,,,,,,,medium,filename_and_metadata_heuristics_v1,true,no_primary_domain_filename_match
codex_doc_000203,IMF - Global AI preparedness 2025.pdf,IMF - Global AI preparedness 2025.pdf,pdf,global_digital_policy,ai,government,IMF,,artificial_intelligence,,,,,,,high,filename_and_metadata_heuristics_v1,false,
codex_doc_000204,Immunity-to-Change-Blank-and-Examples.pdf,Immunity-to-Change-Blank-and-Examples.pdf,pdf,other,,unknown,unknown,,,,,,,,,low,filename_and_metadata_heuristics_v1,true,no_primary_domain_filename_match;no_source_type_filename_match
codex_doc_000205,Indonesia - Digital.pdf,Indonesia - Digital.pdf,pdf,other,,unknown,unknown,,,,,,,,,low,filename_and_metadata_heuristics_v1,true,no_primary_domain_filename_match;no_source_type_filename_match
codex_doc_000206,Industrial information integration through autonomous AI agents.pdf,Industrial information integration through autonomous AI agents.pdf,pdf,ai,,unknown,unknown,manufacturing_industrial,artificial_intelligence;agentic_ai,,,,ai_agent,,,medium,filename_and_metadata_heuristics_v1,true,no_source_type_filename_match
codex_doc_000207,Informatica-White-Paper.pdf,Informatica-White-Paper.pdf,pdf,other,,academic,unknown,,,,,,,,,medium,filename_and_metadata_heuristics_v1,true,no_primary_domain_filename_match
codex_doc_000208,Is transparency the new green - How business model transparency.pdf,Is transparency the new green - How business model transparency.pdf,pdf,business_models,,unknown,unknown,,,,,,,business_model_canvas,mba_digital_strategy,low,filename_and_metadata_heuristics_v1,true,no_source_type_filename_match
codex_doc_000209,JP Morgan - 2026-tech-trends-the-end-of-app-switching.pdf,JP Morgan - 2026-tech-trends-the-end-of-app-switching.pdf,pdf,other,,industry_report,unknown,,,future_readiness,,,,,,medium,filename_and_metadata_heuristics_v1,true,no_primary_domain_filename_match
codex_doc_000210,JP Morgan - tech-trends-2026-report.pdf,JP Morgan - tech-trends-2026-report.pdf,pdf,other,,industry_report,unknown,,,future_readiness,,,,,,medium,filename_and_metadata_heuristics_v1,true,no_primary_domain_filename_match
codex_doc_000211,Kenya - AI Strategy 2025 - 2030.pdf,Kenya - AI Strategy 2025 - 2030.pdf,pdf,ai,,unknown,unknown,,artificial_intelligence,,,,,,,low,filename_and_metadata_heuristics_v1,true,no_source_type_filename_match
codex_doc_000212,Kinetetic - Part_I_Kinetic_Economy_Thesis.docx,Kinetetic - Part_I_Kinetic_Economy_Thesis.docx,docx,other,,unknown,unknown,,,,,,,,kinetic_organization,low,filename_and_metadata_heuristics_v1,true,no_primary_domain_filename_match;no_source_type_filename_match
codex_doc_000213,Kinetic Models.pdf,Kinetic Models.pdf,pdf,other,,unknown,unknown,,,,,,,,kinetic_organization,low,filename_and_metadata_heuristics_v1,true,no_primary_domain_filename_match;no_source_type_filename_match
codex_doc_000214,Kinetic Organization - Chapter 6 and 7 Case Study Briefs.docx,Kinetic Organization - Chapter 6 and 7 Case Study Briefs.docx,docx,operating_models,,academic,unknown,,,organizational_design,,,,,kinetic_organization;writing,high,filename_and_metadata_heuristics_v1,false,
codex_doc_000215,Kinetic Research - Composability.docx,Kinetic Research - Composability.docx,docx,other,,academic,unknown,education_research,,composability,,,,,kinetic_organization,medium,filename_and_metadata_heuristics_v1,true,no_primary_domain_filename_match
codex_doc_000216,"KINETIC_001_A) - Academic - IMPACT OF ARTIFICIAL INTELLIGENCE ON BUSINESS, BUSINESS OPERATIONS AND STRATEGY.pdf","KINETIC_001_A) - Academic - IMPACT OF ARTIFICIAL INTELLIGENCE ON BUSINESS, BUSINESS OPERATIONS AND STRATEGY.pdf",pdf,ai,,academic,unknown,education_research,artificial_intelligence,,,,,,kinetic_organization,high,filename_and_metadata_heuristics_v1,false,
codex_doc_000217,KINETIC_002_Accenture - Resiliency-in-the-making-report.pdf,KINETIC_002_Accenture - Resiliency-in-the-making-report.pdf,pdf,other,,consulting,Accenture,,,,,,,,kinetic_organization,medium,filename_and_metadata_heuristics_v1,true,no_primary_domain_filename_match
codex_doc_000218,KINETIC_003_Accenture-Art-of-AI-Maturity-Report-Global-Revised.pdf,KINETIC_003_Accenture-Art-of-AI-Maturity-Report-Global-Revised.pdf,pdf,ai,global_digital_policy,consulting,Accenture,,artificial_intelligence,,,,,ai_adoption_maturity,kinetic_organization,high,filename_and_metadata_heuristics_v1,false,
codex_doc_000219,KINETIC_004_Accenture-Digital-Core-Chapter-2-report.pdf,KINETIC_004_Accenture-Digital-Core-Chapter-2-report.pdf,pdf,other,,consulting,Accenture,,,,,,,,kinetic_organization,medium,filename_and_metadata_heuristics_v1,true,no_primary_domain_filename_match
codex_doc_000220,KINETIC_005_Accenture-Resilience-Redefined-From-Readiness-to-Reinvention.pdf,KINETIC_005_Accenture-Resilience-Redefined-From-Readiness-to-Reinvention.pdf,pdf,other,,consulting,Accenture,,,resilience;ai_readiness,,,,,kinetic_organization,medium,filename_and_metadata_heuristics_v1,true,no_primary_domain_filename_match
codex_doc_000221,KINETIC_006_Accenture-Tech-Vision-2025.pdf,KINETIC_006_Accenture-Tech-Vision-2025.pdf,pdf,other,,consulting,Accenture,,,,,,,,kinetic_organization,medium,filename_and_metadata_heuristics_v1,true,no_primary_domain_filename_match
codex_doc_000222,KINETIC_007_Adaptability - Academic -  Re‐examining Strategic Flexibility  A Meta‐Analysis of its Antecedents.pdf,KINETIC_007_Adaptability - Academic -  Re‐examining Strategic Flexibility  A Meta‐Analysis of its Antecedents.pdf,pdf,adaptability,,academic,unknown,education_research,,adaptability,,,,,kinetic_organization,high,filename_and_metadata_heuristics_v1,false,
codex_doc_000223,KINETIC_008_Adaptability - Academic - A dynamic capabilities view of improvement capabilities.pdf,KINETIC_008_Adaptability - Academic - A dynamic capabilities view of improvement capabilities.pdf,pdf,adaptability,dynamic_capabilities,academic,unknown,education_research,,adaptability,,,,dynamic_capabilities,kinetic_organization,high,filename_and_metadata_heuristics_v1,false,
codex_doc_000224,KINETIC_009_Adaptability - Academic - Adaptive Capacity.pdf,KINETIC_009_Adaptability - Academic - Adaptive Capacity.pdf,pdf,adaptability,,academic,unknown,education_research,,adaptability,,,,,kinetic_organization,high,filename_and_metadata_heuristics_v1,false,
codex_doc_000225,KINETIC_010_Adaptability - Academic - Addressing Policy Challenges of Disruptive Technologies.pdf,KINETIC_010_Adaptability - Academic - Addressing Policy Challenges of Disruptive Technologies.pdf,pdf,adaptability,,academic,unknown,education_research,,adaptability;innovation,,,,,kinetic_organization,high,filename_and_metadata_heuristics_v1,false,
codex_doc_000226,KINETIC_011_Adaptability - Academic - Disentangling organizational agility.pdf,KINETIC_011_Adaptability - Academic - Disentangling organizational agility.pdf,pdf,operating_models,adaptability,academic,unknown,education_research,,adaptability;agility;organizational_design,,,,,kinetic_organization,high,filename_and_metadata_heuristics_v1,false,
codex_doc_000227,KINETIC_012_Adaptability - Academic - How can firms locate proactive strategic flexibility in their new product development process.pdf,KINETIC_012_Adaptability - Academic - How can firms locate proactive strategic flexibility in their new product development process.pdf,pdf,adaptability,,academic,unknown,education_research,,adaptability,,,,,kinetic_organization,high,filename_and_metadata_heuristics_v1,false,
codex_doc_000228,KINETIC_013_Adaptability - Academic - Industry 4.0 and sustainable business models An intercontinental sample.pdf,KINETIC_013_Adaptability - Academic - Industry 4.0 and sustainable business models An intercontinental sample.pdf,pdf,business_models,adaptability,academic,unknown,manufacturing_industrial;education_research,,adaptability,,,,business_model_canvas,kinetic_organization;mba_digital_strategy,high,filename_and_metadata_heuristics_v1,false,
codex_doc_000229,KINETIC_014_Adaptability - Academic - Investigating_the_Influence_of_Artificial_Intellig.pdf,KINETIC_014_Adaptability - Academic - Investigating_the_Influence_of_Artificial_Intellig.pdf,pdf,adaptability,,academic,unknown,education_research,,adaptability,,,,,kinetic_organization,high,filename_and_metadata_heuristics_v1,false,
codex_doc_000230,KINETIC_015_Adaptability - Academic - Moderation Effect of Technology Environment and Market Environment.pdf,KINETIC_015_Adaptability - Academic - Moderation Effect of Technology Environment and Market Environment.pdf,pdf,adaptability,,academic,unknown,technology_saas_platforms;education_research,,adaptability,,,,,kinetic_organization,high,filename_and_metadata_heuristics_v1,false,
codex_doc_000231,KINETIC_016_Adaptability - Academic - Strategic Agility Achieving Superior Organizational.pdf,KINETIC_016_Adaptability - Academic - Strategic Agility Achieving Superior Organizational.pdf,pdf,operating_models,adaptability,academic,unknown,education_research,,adaptability;agility;organizational_design,,,,,kinetic_organization,high,filename_and_metadata_heuristics_v1,false,
codex_doc_000232,"KINETIC_017_Adaptability - Academic - Strategic Flexibility, Environmental Dynamism, and Innovation Performance An Empirical Study.pdf","KINETIC_017_Adaptability - Academic - Strategic Flexibility, Environmental Dynamism, and Innovation Performance An Empirical Study.pdf",pdf,adaptability,innovation,academic,unknown,education_research,,adaptability;innovation,,,,,kinetic_organization,high,filename_and_metadata_heuristics_v1,false,
codex_doc_000233,KINETIC_018_Adaptability - Academic - Strategic Management - A Conceptual Framework.pdf,KINETIC_018_Adaptability - Academic - Strategic Management - A Conceptual Framework.pdf,pdf,adaptability,,academic,unknown,education_research,,adaptability,,,,,kinetic_organization;writing,high,filename_and_metadata_heuristics_v1,false,
codex_doc_000234,KINETIC_019_Adaptability - Academic - Strategic Management_in_the_Digital_Age_A_Review_o.pdf,KINETIC_019_Adaptability - Academic - Strategic Management_in_the_Digital_Age_A_Review_o.pdf,pdf,adaptability,,academic,unknown,education_research,,adaptability,,,,,kinetic_organization,high,filename_and_metadata_heuristics_v1,false,
codex_doc_000235,KINETIC_020_Adaptability - Academic - Strategic Planning for Technological Change.pdf,KINETIC_020_Adaptability - Academic - Strategic Planning for Technological Change.pdf,pdf,adaptability,,academic,unknown,education_research,,adaptability,,,,,kinetic_organization,high,filename_and_metadata_heuristics_v1,false,
codex_doc_000236,KINETIC_021_Adaptability - Academic - SWOT_analysis_problems_and_solutions_Practitioners.pdf,KINETIC_021_Adaptability - Academic - SWOT_analysis_problems_and_solutions_Practitioners.pdf,pdf,adaptability,,academic,unknown,education_research,,adaptability,,,,,kinetic_organization,high,filename_and_metadata_heuristics_v1,false,
codex_doc_000237,KINETIC_022_Adaptability - Academic - The evolution of strategic management research Recent trends and current directions.pdf,KINETIC_022_Adaptability - Academic - The evolution of strategic management research Recent trends and current directions.pdf,pdf,adaptability,,academic,unknown,education_research,,adaptability;future_readiness,,,,,kinetic_organization,high,filename_and_metadata_heuristics_v1,false,
codex_doc_000238,KINETIC_023_Adaptability - Academic - The relationship between velocity markets and adaptability.pdf,KINETIC_023_Adaptability - Academic - The relationship between velocity markets and adaptability.pdf,pdf,adaptability,velocity,academic,unknown,education_research,,adaptability;velocity,,,,,kinetic_organization;overclocked,high,filename_and_metadata_heuristics_v1,false,
codex_doc_000239,KINETIC_024_Adaptability - Academic - The Role of Artificial Intelligence in Strategic Decision-Making.pdf,KINETIC_024_Adaptability - Academic - The Role of Artificial Intelligence in Strategic Decision-Making.pdf,pdf,adaptability,ai,academic,unknown,education_research,artificial_intelligence,adaptability;decision_making,,,,,kinetic_organization,high,filename_and_metadata_heuristics_v1,false,
codex_doc_000240,KINETIC_025_Adaptability - Academic - The Role of Open Innovation in Enhancing Organizational Resilience and Sustainability Performance Through Organizational Adaptability.pdf,KINETIC_025_Adaptability - Academic - The Role of Open Innovation in Enhancing Organizational Resilience and Sustainability Performance Through Organizational Adaptability.pdf,pdf,operating_models,adaptability;innovation,academic,unknown,education_research,,adaptability;resilience;innovation;organizational_design,,,,,kinetic_organization,high,filename_and_metadata_heuristics_v1,false,
codex_doc_000241,KINETIC_026_Adaptability - Academic - the-role-of-adaptive-culture-in-organizational-success-a-comprehensive-review.pdf,KINETIC_026_Adaptability - Academic - the-role-of-adaptive-culture-in-organizational-success-a-comprehensive-review.pdf,pdf,adaptability,operating_models,academic,unknown,education_research,,adaptability;organizational_design,,,,,kinetic_organization,high,filename_and_metadata_heuristics_v1,false,
codex_doc_000242,"KINETIC_027_Adaptability - Data, ML and Marketing.pdf","KINETIC_027_Adaptability - Data, ML and Marketing.pdf",pdf,adaptability,,unknown,unknown,advertising_media_marketing,,adaptability,,,,,kinetic_organization,medium,filename_and_metadata_heuristics_v1,true,no_source_type_filename_match
codex_doc_000243,KINETIC_028_Adaptability - Harvard and BCG.pdf,KINETIC_028_Adaptability - Harvard and BCG.pdf,pdf,adaptability,,consulting,BCG,,,adaptability,,,,,kinetic_organization,high,filename_and_metadata_heuristics_v1,false,
codex_doc_000244,KINETIC_029_Adaptability - Practioner - BCG_New_Bases_Competitive_Advantage_Oct_2009_tcm9-121386.pdf,KINETIC_029_Adaptability - Practioner - BCG_New_Bases_Competitive_Advantage_Oct_2009_tcm9-121386.pdf,pdf,adaptability,,consulting,BCG,,,adaptability,,,,,kinetic_organization,high,filename_and_metadata_heuristics_v1,false,
codex_doc_000245,KINETIC_030_Adaptability - Practioner - McKinsey - Disruptive Technologies.pdf,KINETIC_030_Adaptability - Practioner - McKinsey - Disruptive Technologies.pdf,pdf,adaptability,,consulting,McKinsey,,,adaptability;innovation,,,,,kinetic_organization,high,filename_and_metadata_heuristics_v1,false,
codex_doc_000246,KINETIC_031_Adaptabilty - Academic - The value of adaptability—Through the analysis of a firm's prediction ability.pdf,KINETIC_031_Adaptabilty - Academic - The value of adaptability—Through the analysis of a firm's prediction ability.pdf,pdf,adaptability,,academic,unknown,education_research,,adaptability,,,,,kinetic_organization,high,filename_and_metadata_heuristics_v1,false,
codex_doc_000247,KINETIC_032_Adatabilty - Academic - New_competitive_strategies_Challenges_to_organizat.pdf,KINETIC_032_Adatabilty - Academic - New_competitive_strategies_Challenges_to_organizat.pdf,pdf,other,,academic,unknown,education_research,,,,,,,kinetic_organization,medium,filename_and_metadata_heuristics_v1,true,no_primary_domain_filename_match
codex_doc_000248,KINETIC_033_Agile - Academic - Agile Manufacturing.pdf,KINETIC_033_Agile - Academic - Agile Manufacturing.pdf,pdf,agile,,academic,unknown,manufacturing_industrial;education_research,,agility,,agile,,,kinetic_organization,high,filename_and_metadata_heuristics_v1,false,
codex_doc_000249,KINETIC_034_Agile - Academic - Organisational Culture Attributes Influencing the Adoption of Agile Practices - A Systematic Literature Review.pdf,KINETIC_034_Agile - Academic - Organisational Culture Attributes Influencing the Adoption of Agile Practices - A Systematic Literature Review.pdf,pdf,agile,operating_models,academic,unknown,education_research,,agility;organizational_design,,agile,,,kinetic_organization,high,filename_and_metadata_heuristics_v1,false,
codex_doc_000250,KINETIC_035_Agile - Academic - The Impact of Agile Transformations.pdf,KINETIC_035_Agile - Academic - The Impact of Agile Transformations.pdf,pdf,agile,,academic,unknown,education_research,,agility,,agile,,,kinetic_organization,high,filename_and_metadata_heuristics_v1,false,
codex_doc_000251,KINETIC_036_Agile - Academic - Transitioning to Agile Organizational Structures.pdf,KINETIC_036_Agile - Academic - Transitioning to Agile Organizational Structures.pdf,pdf,operating_models,agile,academic,unknown,education_research,,agility;organizational_design,,agile,,,kinetic_organization,high,filename_and_metadata_heuristics_v1,false,
codex_doc_000252,KINETIC_037_Agile - Clean Room Marketing Data.pdf,KINETIC_037_Agile - Clean Room Marketing Data.pdf,pdf,agile,,unknown,unknown,advertising_media_marketing,,agility,,agile,,,kinetic_organization,medium,filename_and_metadata_heuristics_v1,true,no_source_type_filename_match
codex_doc_000253,KINETIC_038_Agile Enterprise - HBR.pdf,KINETIC_038_Agile Enterprise - HBR.pdf,pdf,agile,,practitioner,HBR,,,agility,,agile,,,kinetic_organization,high,filename_and_metadata_heuristics_v1,false,
codex_doc_000254,KINETIC_039_Agile Marketing - 2.pdf,KINETIC_039_Agile Marketing - 2.pdf,pdf,agile,,unknown,unknown,advertising_media_marketing,,agility,,agile,,,kinetic_organization,medium,filename_and_metadata_heuristics_v1,true,no_source_type_filename_match
codex_doc_000255,KINETIC_040_Agile Marketing - Academic - An Agile Approach for Designing Marketing Activities.pdf,KINETIC_040_Agile Marketing - Academic - An Agile Approach for Designing Marketing Activities.pdf,pdf,agile,,academic,unknown,advertising_media_marketing;education_research,,agility,,agile,,,kinetic_organization,high,filename_and_metadata_heuristics_v1,false,
codex_doc_000256,"KINETIC_041_Agile Marketing - Academic - Co-Creation,_Innovation_and_Game Industry.pdf","KINETIC_041_Agile Marketing - Academic - Co-Creation,_Innovation_and_Game Industry.pdf",pdf,agile,innovation,academic,unknown,advertising_media_marketing;education_research,,innovation;agility,,agile,,,kinetic_organization,high,filename_and_metadata_heuristics_v1,false,
codex_doc_000257,KINETIC_042_Agile Marketing - Academic - Evaluating the potential of agile branding opportunities and challenges in the start-up context.pdf,KINETIC_042_Agile Marketing - Academic - Evaluating the potential of agile branding opportunities and challenges in the start-up context.pdf,pdf,agile,,academic,unknown,advertising_media_marketing;education_research,,agility,,agile,,,kinetic_organization,high,filename_and_metadata_heuristics_v1,false,
codex_doc_000258,KINETIC_043_Agile Marketing - Academic - Powering Agile Transformation Why Marketing Is the Hidden Accelerator.pdf,KINETIC_043_Agile Marketing - Academic - Powering Agile Transformation Why Marketing Is the Hidden Accelerator.pdf,pdf,agile,,academic,unknown,advertising_media_marketing;education_research,,agility,,agile,,,kinetic_organization,high,filename_and_metadata_heuristics_v1,false,
codex_doc_000259,KINETIC_044_Agile Marketing - Academic - Trends and evolution of agile branding a bibliometric analysis.pdf,KINETIC_044_Agile Marketing - Academic - Trends and evolution of agile branding a bibliometric analysis.pdf,pdf,agile,,academic,unknown,advertising_media_marketing;education_research,,agility;future_readiness,,agile,,,kinetic_organization,high,filename_and_metadata_heuristics_v1,false,
codex_doc_000260,KINETIC_045_Agile Marketing - Academic- ENSURING COMPETITIVE ADVANTAGE THROUGH AGILE MARKETING.pdf,KINETIC_045_Agile Marketing - Academic- ENSURING COMPETITIVE ADVANTAGE THROUGH AGILE MARKETING.pdf,pdf,agile,,academic,unknown,advertising_media_marketing;education_research,,agility,,agile,,,kinetic_organization,high,filename_and_metadata_heuristics_v1,false,
codex_doc_000261,KINETIC_046_Agile Marketing - Benefits.pdf,KINETIC_046_Agile Marketing - Benefits.pdf,pdf,agile,,unknown,unknown,advertising_media_marketing,,agility,,agile,,,kinetic_organization,medium,filename_and_metadata_heuristics_v1,true,no_source_type_filename_match
codex_doc_000262,KINETIC_047_Agile Marketing - Case Study.pdf,KINETIC_047_Agile Marketing - Case Study.pdf,pdf,agile,,academic,unknown,advertising_media_marketing,,agility,,agile,,,kinetic_organization;writing,high,filename_and_metadata_heuristics_v1,false,
codex_doc_000263,KINETIC_048_Agile Marketing - Crafting Campaigns.pdf,KINETIC_048_Agile Marketing - Crafting Campaigns.pdf,pdf,agile,,unknown,unknown,advertising_media_marketing,,agility,,agile,,,kinetic_organization,medium,filename_and_metadata_heuristics_v1,true,no_source_type_filename_match
codex_doc_000264,KINETIC_049_Agile Marketing - Digital and Social.pdf,KINETIC_049_Agile Marketing - Digital and Social.pdf,pdf,agile,,unknown,unknown,advertising_media_marketing,,agility,,agile,social,,kinetic_organization,medium,filename_and_metadata_heuristics_v1,true,no_source_type_filename_match
codex_doc_000265,KINETIC_050_Agile Marketing - Primer.pdf,KINETIC_050_Agile Marketing - Primer.pdf,pdf,agile,,unknown,unknown,advertising_media_marketing,,agility,,agile,,,kinetic_organization,medium,filename_and_metadata_heuristics_v1,true,no_source_type_filename_match
codex_doc_000266,KINETIC_051_Agile Marketing - Strategies.pdf,KINETIC_051_Agile Marketing - Strategies.pdf,pdf,agile,,unknown,unknown,advertising_media_marketing,,agility,,agile,,,kinetic_organization,medium,filename_and_metadata_heuristics_v1,true,no_source_type_filename_match
codex_doc_000267,KINETIC_052_Agile Marketing - Trends.pdf,KINETIC_052_Agile Marketing - Trends.pdf,pdf,agile,,industry_report,unknown,advertising_media_marketing,,agility;future_readiness,,agile,,,kinetic_organization,high,filename_and_metadata_heuristics_v1,false,
codex_doc_000268,KINETIC_053_Agile Marketing.pdf,KINETIC_053_Agile Marketing.pdf,pdf,agile,,unknown,unknown,advertising_media_marketing,,agility,,agile,,,kinetic_organization,medium,filename_and_metadata_heuristics_v1,true,no_source_type_filename_match
codex_doc_000269,KINETIC_054_agile-marketing-a-step-by-step-guide.pdf,KINETIC_054_agile-marketing-a-step-by-step-guide.pdf,pdf,agile,,practitioner,unknown,advertising_media_marketing,,agility,,agile,,,kinetic_organization;writing,high,filename_and_metadata_heuristics_v1,false,
codex_doc_000270,KINETIC_055_Agility - Academic - Teese - Dynamic Capabilities and Organizational Agility.pdf,KINETIC_055_Agility - Academic - Teese - Dynamic Capabilities and Organizational Agility.pdf,pdf,operating_models,dynamic_capabilities,academic,unknown,education_research,,agility;organizational_design,,,,dynamic_capabilities,kinetic_organization,high,filename_and_metadata_heuristics_v1,false,
codex_doc_000271,KINETIC_056_Agility - Practioner - McKinsey - the-impact-of-agility-how-to-shape-your-organization-to-compete-v4.pdf,KINETIC_056_Agility - Practioner - McKinsey - the-impact-of-agility-how-to-shape-your-organization-to-compete-v4.pdf,pdf,operating_models,,consulting,McKinsey,,,agility;organizational_design,,,,,kinetic_organization,high,filename_and_metadata_heuristics_v1,false,
codex_doc_000272,KINETIC_057_AI - Academic - AI and Point of Care in 3rd world countries.pdf,KINETIC_057_AI - Academic - AI and Point of Care in 3rd world countries.pdf,pdf,ai,,academic,unknown,education_research,artificial_intelligence,,,,,,kinetic_organization,high,filename_and_metadata_heuristics_v1,false,
codex_doc_000273,KINETIC_058_AI - Academic - AI in equilibrium - A study of creative output.pdf,KINETIC_058_AI - Academic - AI in equilibrium - A study of creative output.pdf,pdf,ai,,academic,unknown,education_research,artificial_intelligence,,,,,,kinetic_organization,high,filename_and_metadata_heuristics_v1,false,
codex_doc_000274,KINETIC_059_AI - Academic - AI in small and medium size business.pdf,KINETIC_059_AI - Academic - AI in small and medium size business.pdf,pdf,ai,,academic,unknown,education_research,artificial_intelligence,,,,,,kinetic_organization,high,filename_and_metadata_heuristics_v1,false,
codex_doc_000275,KINETIC_060_AI - Academic - AI prospects and resistance.pdf,KINETIC_060_AI - Academic - AI prospects and resistance.pdf,pdf,ai,,academic,unknown,education_research,artificial_intelligence,,,,,,kinetic_organization,high,filename_and_metadata_heuristics_v1,false,
codex_doc_000276,KINETIC_061_AI - Academic - AI readiness in the fashion and garment industry.pdf,KINETIC_061_AI - Academic - AI readiness in the fashion and garment industry.pdf,pdf,ai,,academic,unknown,education_research,artificial_intelligence,ai_readiness,,,,,kinetic_organization,high,filename_and_metadata_heuristics_v1,false,
codex_doc_000277,KINETIC_062_AI - Academic - AI vs the MBA.pdf,KINETIC_062_AI - Academic - AI vs the MBA.pdf,pdf,ai,,academic,unknown,education_research,artificial_intelligence,,,,,,kinetic_organization,high,filename_and_metadata_heuristics_v1,false,
codex_doc_000278,KINETIC_063_AI - Academic - Artificial Intelligence-Supported Leadership A Catalyst for Team Excellence in China's Fast-Moving Consumer Goods Industry.pdf,KINETIC_063_AI - Academic - Artificial Intelligence-Supported Leadership A Catalyst for Team Excellence in China's Fast-Moving Consumer Goods Industry.pdf,pdf,ai,customer_experience;velocity,academic,unknown,consumer_retail_ecommerce;education_research,artificial_intelligence,,,,,,kinetic_organization,high,filename_and_metadata_heuristics_v1,false,
codex_doc_000279,KINETIC_064_AI - Academic - From Idea to Impact The Role of Artificial Intelligence in the Transformation of Business Models.pdf,KINETIC_064_AI - Academic - From Idea to Impact The Role of Artificial Intelligence in the Transformation of Business Models.pdf,pdf,ai,business_models,academic,unknown,education_research,artificial_intelligence,,,,,business_model_canvas,kinetic_organization;mba_digital_strategy,high,filename_and_metadata_heuristics_v1,false,
codex_doc_000280,KINETIC_065_AI - Academic - Leveraging AI to Inspire Innovation in Traditional and Digital Business Ecosystems.pdf,KINETIC_065_AI - Academic - Leveraging AI to Inspire Innovation in Traditional and Digital Business Ecosystems.pdf,pdf,ai,innovation;platforms_marketplaces,academic,unknown,education_research,artificial_intelligence,innovation,ecosystem,networked,,,kinetic_organization,high,filename_and_metadata_heuristics_v1,false,
codex_doc_000281,KINETIC_066_AI - Academic - the impact of AI on knowledge workers.pdf,KINETIC_066_AI - Academic - the impact of AI on knowledge workers.pdf,pdf,ai,,academic,unknown,education_research,artificial_intelligence,learning,,,,,kinetic_organization,high,filename_and_metadata_heuristics_v1,false,
codex_doc_000282,KINETIC_067_AI - Academic - The Influence of AI-Literate Leadership on AI Adoption in Healthcare Organizations.pdf,KINETIC_067_AI - Academic - The Influence of AI-Literate Leadership on AI Adoption in Healthcare Organizations.pdf,pdf,ai,operating_models,academic,unknown,education_research,artificial_intelligence,organizational_design,,,,,kinetic_organization,high,filename_and_metadata_heuristics_v1,false,
codex_doc_000283,KINETIC_068_AI - Academic - The unequal adoption of AI among employees exacerbates inequalities.pdf,KINETIC_068_AI - Academic - The unequal adoption of AI among employees exacerbates inequalities.pdf,pdf,ai,,academic,unknown,education_research,artificial_intelligence,,,,,,kinetic_organization,high,filename_and_metadata_heuristics_v1,false,
codex_doc_000284,KINETIC_069_AI - Academic - Which economic tasks are performed by AI.pdf,KINETIC_069_AI - Academic - Which economic tasks are performed by AI.pdf,pdf,ai,,academic,unknown,education_research,artificial_intelligence,,,,,,kinetic_organization,high,filename_and_metadata_heuristics_v1,false,
codex_doc_000285,KINETIC_070_AI - Academic - Who is AI replacing.pdf,KINETIC_070_AI - Academic - Who is AI replacing.pdf,pdf,ai,,academic,unknown,education_research,artificial_intelligence,,,,,,kinetic_organization,high,filename_and_metadata_heuristics_v1,false,
codex_doc_000286,KINETIC_071_AI - Academic Consumer Research.pdf,KINETIC_071_AI - Academic Consumer Research.pdf,pdf,ai,customer_experience,academic,unknown,consumer_retail_ecommerce;education_research,artificial_intelligence,,,,,,kinetic_organization,high,filename_and_metadata_heuristics_v1,false,
codex_doc_000287,KINETIC_072_AI - Academic The consequences of generative AI in online communities.pdf,KINETIC_072_AI - Academic The consequences of generative AI in online communities.pdf,pdf,ai,,academic,unknown,education_research,artificial_intelligence,,,,,,kinetic_organization,high,filename_and_metadata_heuristics_v1,false,
codex_doc_000288,KINETIC_073_AI - Academic The effects of AI on work productivity - developers.pdf,KINETIC_073_AI - Academic The effects of AI on work productivity - developers.pdf,pdf,ai,,academic,unknown,education_research,artificial_intelligence,,,,,,kinetic_organization,high,filename_and_metadata_heuristics_v1,false,
codex_doc_000289,KINETIC_074_AI - AI at Work academic paper.pdf,KINETIC_074_AI - AI at Work academic paper.pdf,pdf,ai,,academic,unknown,education_research,artificial_intelligence,,,,,,kinetic_organization,high,filename_and_metadata_heuristics_v1,false,
codex_doc_000290,KINETIC_075_AI - AI First Strategy Challenges.pdf,KINETIC_075_AI - AI First Strategy Challenges.pdf,pdf,ai,,unknown,unknown,,artificial_intelligence,,,,,,kinetic_organization,low,filename_and_metadata_heuristics_v1,true,no_source_type_filename_match
codex_doc_000291,KINETIC_076_AI - Business Model.pdf,KINETIC_076_AI - Business Model.pdf,pdf,ai,business_models,unknown,unknown,,artificial_intelligence,,,,,business_model_canvas,kinetic_organization;mba_digital_strategy,medium,filename_and_metadata_heuristics_v1,true,no_source_type_filename_match
codex_doc_000292,KINETIC_077_AI - Collaboration 2.pdf,KINETIC_077_AI - Collaboration 2.pdf,pdf,ai,,unknown,unknown,,artificial_intelligence,,,,,,kinetic_organization,low,filename_and_metadata_heuristics_v1,true,no_source_type_filename_match
codex_doc_000293,KINETIC_078_AI - Collaboration.pdf,KINETIC_078_AI - Collaboration.pdf,pdf,ai,,unknown,unknown,,artificial_intelligence,,,,,,kinetic_organization,low,filename_and_metadata_heuristics_v1,true,no_source_type_filename_match
codex_doc_000294,KINETIC_079_AI - Competing in the Age of AI.pdf,KINETIC_079_AI - Competing in the Age of AI.pdf,pdf,ai,,unknown,unknown,,artificial_intelligence,,,,,,kinetic_organization,low,filename_and_metadata_heuristics_v1,true,no_source_type_filename_match
codex_doc_000295,KINETIC_080_AI - Consumer Research.pdf,KINETIC_080_AI - Consumer Research.pdf,pdf,ai,customer_experience,academic,unknown,consumer_retail_ecommerce;education_research,artificial_intelligence,,,,,,kinetic_organization,high,filename_and_metadata_heuristics_v1,false,
codex_doc_000296,KINETIC_081_AI - Creative Process.pdf,KINETIC_081_AI - Creative Process.pdf,pdf,ai,,unknown,unknown,,artificial_intelligence,,,,,,kinetic_organization,low,filename_and_metadata_heuristics_v1,true,no_source_type_filename_match
codex_doc_000297,KINETIC_082_AI - Digital Platform transformative value.pdf,KINETIC_082_AI - Digital Platform transformative value.pdf,pdf,ai,platforms_marketplaces,unknown,unknown,technology_saas_platforms,artificial_intelligence,,platform,,,,kinetic_organization,medium,filename_and_metadata_heuristics_v1,true,no_source_type_filename_match
codex_doc_000298,KINETIC_083_AI - Generative AI in User-Generated Content.pdf,KINETIC_083_AI - Generative AI in User-Generated Content.pdf,pdf,ai,,unknown,unknown,,artificial_intelligence,,,,content,,kinetic_organization,medium,filename_and_metadata_heuristics_v1,true,no_source_type_filename_match
codex_doc_000299,KINETIC_084_AI - HBR Example.pdf,KINETIC_084_AI - HBR Example.pdf,pdf,ai,,practitioner,HBR,,artificial_intelligence,,,,,,kinetic_organization,high,filename_and_metadata_heuristics_v1,false,
codex_doc_000300,KINETIC_085_AI - Human AI Delegation.pdf,KINETIC_085_AI - Human AI Delegation.pdf,pdf,ai,,unknown,unknown,,artificial_intelligence,,,,,,kinetic_organization,low,filename_and_metadata_heuristics_v1,true,no_source_type_filename_match
codex_doc_000301,KINETIC_086_Ai - Impact of LLM on clickstream behavior.pdf,KINETIC_086_Ai - Impact of LLM on clickstream behavior.pdf,pdf,ai,,unknown,unknown,,artificial_intelligence,,,,,,kinetic_organization,low,filename_and_metadata_heuristics_v1,true,no_source_type_filename_match
codex_doc_000302,KINETIC_087_AI - Industrial task efficiency.pdf,KINETIC_087_AI - Industrial task efficiency.pdf,pdf,ai,,unknown,unknown,manufacturing_industrial,artificial_intelligence,,,,,,kinetic_organization,medium,filename_and_metadata_heuristics_v1,true,no_source_type_filename_match
codex_doc_000303,KINETIC_088_AI - Marketing.pdf,KINETIC_088_AI - Marketing.pdf,pdf,ai,,unknown,unknown,advertising_media_marketing,artificial_intelligence,,,,,,kinetic_organization,medium,filename_and_metadata_heuristics_v1,true,no_source_type_filename_match
codex_doc_000304,KINETIC_089_Ai - MckInsey - HBR 2.pdf,KINETIC_089_Ai - MckInsey - HBR 2.pdf,pdf,ai,,consulting,McKinsey,,artificial_intelligence,,,,,,kinetic_organization,high,filename_and_metadata_heuristics_v1,false,
codex_doc_000305,KINETIC_090_AI - McKinsey - HBR Article.pdf,KINETIC_090_AI - McKinsey - HBR Article.pdf,pdf,ai,,consulting,McKinsey,,artificial_intelligence,,,,,,kinetic_organization,high,filename_and_metadata_heuristics_v1,false,
codex_doc_000306,KINETIC_091_AI - Practioner - Daiku Use Cases.pdf,KINETIC_091_AI - Practioner - Daiku Use Cases.pdf,pdf,ai,,unknown,unknown,,artificial_intelligence,,,,,,kinetic_organization,low,filename_and_metadata_heuristics_v1,true,no_source_type_filename_match
codex_doc_000307,KINETIC_092_AI - Practioner - Deloitte ai-institute-ai-use-cases-10-06-2025.pdf,KINETIC_092_AI - Practioner - Deloitte ai-institute-ai-use-cases-10-06-2025.pdf,pdf,ai,,consulting,Deloitte,,artificial_intelligence,,,,,,kinetic_organization,high,filename_and_metadata_heuristics_v1,false,
codex_doc_000308,KINETIC_093_AI - Practioner - OpenAI - identifying-and-scaling-ai-use-cases.pdf,KINETIC_093_AI - Practioner - OpenAI - identifying-and-scaling-ai-use-cases.pdf,pdf,ai,,unknown,OpenAI,,artificial_intelligence,,,,,,kinetic_organization,high,filename_and_metadata_heuristics_v1,true,no_source_type_filename_match
codex_doc_000309,KINETIC_094_AI - Practioner - superagency-in-the-workplace-empowering-people-to-unlock-ais-full-potential-v4.pdf,KINETIC_094_AI - Practioner - superagency-in-the-workplace-empowering-people-to-unlock-ais-full-potential-v4.pdf,pdf,ai,,unknown,unknown,,artificial_intelligence,,,,,,kinetic_organization,low,filename_and_metadata_heuristics_v1,true,no_source_type_filename_match
codex_doc_000310,KINETIC_095_AI - Practioner - Use Cases.pdf,KINETIC_095_AI - Practioner - Use Cases.pdf,pdf,ai,,unknown,unknown,,artificial_intelligence,,,,,,kinetic_organization,low,filename_and_metadata_heuristics_v1,true,no_source_type_filename_match
codex_doc_000311,KINETIC_096_AI - Practitioner - Agent Overview McKinsey.pdf,KINETIC_096_AI - Practitioner - Agent Overview McKinsey.pdf,pdf,ai,,consulting,McKinsey,,artificial_intelligence;agentic_ai,,,,,,kinetic_organization,high,filename_and_metadata_heuristics_v1,false,
codex_doc_000312,KINETIC_097_AI - Practitioner - Reducing Risk.pdf,KINETIC_097_AI - Practitioner - Reducing Risk.pdf,pdf,ai,,unknown,unknown,,artificial_intelligence,,,,,,kinetic_organization,low,filename_and_metadata_heuristics_v1,true,no_source_type_filename_match
codex_doc_000313,KINETIC_098_AI - Search and knowledge seeking communities.pdf,KINETIC_098_AI - Search and knowledge seeking communities.pdf,pdf,ai,,unknown,unknown,,artificial_intelligence,learning,,,,,kinetic_organization,medium,filename_and_metadata_heuristics_v1,true,no_source_type_filename_match
codex_doc_000314,KINETIC_099_AI - Smart Manufacturing.pdf,KINETIC_099_AI - Smart Manufacturing.pdf,pdf,ai,,unknown,unknown,manufacturing_industrial,artificial_intelligence,,,,,,kinetic_organization,medium,filename_and_metadata_heuristics_v1,true,no_source_type_filename_match
codex_doc_000315,KINETIC_100_AI - Transformation.pdf,KINETIC_100_AI - Transformation.pdf,pdf,ai,,unknown,unknown,,artificial_intelligence,,,,,,kinetic_organization,low,filename_and_metadata_heuristics_v1,true,no_source_type_filename_match
codex_doc_000316,KINETIC_101_AI -.pdf,KINETIC_101_AI -.pdf,pdf,ai,,unknown,unknown,,artificial_intelligence,,,,,,kinetic_organization,low,filename_and_metadata_heuristics_v1,true,no_source_type_filename_match
codex_doc_000317,KINETIC_102_AI Agent Academic Paper.pdf,KINETIC_102_AI Agent Academic Paper.pdf,pdf,ai,,academic,unknown,education_research,artificial_intelligence;agentic_ai,,,,ai_agent,,kinetic_organization,high,filename_and_metadata_heuristics_v1,false,
codex_doc_000318,KINETIC_103_AI and Blockchain - Academic Accts Rec and Credit.pdf,KINETIC_103_AI and Blockchain - Academic Accts Rec and Credit.pdf,pdf,ai,blockchain,academic,unknown,education_research,artificial_intelligence;blockchain,,,,,,kinetic_organization,high,filename_and_metadata_heuristics_v1,false,
codex_doc_000319,KINETIC_104_AI and Blockchain - Academic Education.pdf,KINETIC_104_AI and Blockchain - Academic Education.pdf,pdf,ai,blockchain,academic,unknown,education_research,artificial_intelligence;blockchain,,,,,,kinetic_organization,high,filename_and_metadata_heuristics_v1,false,
codex_doc_000320,KINETIC_105_AI and Blockchain - Academic Finance.pdf,KINETIC_105_AI and Blockchain - Academic Finance.pdf,pdf,ai,blockchain,academic,unknown,banking_finance_insurance;education_research,artificial_intelligence;blockchain,,,,,,kinetic_organization,high,filename_and_metadata_heuristics_v1,false,
codex_doc_000321,KINETIC_106_AI and Blockchain - Academic Industry 4.0.pdf,KINETIC_106_AI and Blockchain - Academic Industry 4.0.pdf,pdf,ai,blockchain,academic,unknown,manufacturing_industrial;education_research,artificial_intelligence;blockchain,,,,,,kinetic_organization,high,filename_and_metadata_heuristics_v1,false,
codex_doc_000322,KINETIC_107_AI and Blockchain - Academic Transparancy.pdf,KINETIC_107_AI and Blockchain - Academic Transparancy.pdf,pdf,ai,blockchain,academic,unknown,education_research,artificial_intelligence;blockchain,,,,,,kinetic_organization,high,filename_and_metadata_heuristics_v1,false,
codex_doc_000323,"KINETIC_108_AI and Blockchain - Artificial Intelligence, Blockchain Technology, and Risk-Taking Behavior in the 4.0IR Metaverse Era  Evidence from Bangladesh-Base - Copy.pdf","KINETIC_108_AI and Blockchain - Artificial Intelligence, Blockchain Technology, and Risk-Taking Behavior in the 4.0IR Metaverse Era  Evidence from Bangladesh-Base - Copy.pdf",pdf,ai,blockchain,unknown,unknown,technology_saas_platforms,artificial_intelligence;blockchain,,,,,,kinetic_organization,medium,filename_and_metadata_heuristics_v1,true,duplicate_or_copy_indicator;no_source_type_filename_match
codex_doc_000324,"KINETIC_108_AI and Blockchain - Artificial Intelligence, Blockchain Technology, and Risk-Taking Behavior in the 4.0IR Metaverse Era  Evidence from Bangladesh-Based SMEs.pdf","KINETIC_108_AI and Blockchain - Artificial Intelligence, Blockchain Technology, and Risk-Taking Behavior in the 4.0IR Metaverse Era  Evidence from Bangladesh-Based SMEs.pdf",pdf,ai,blockchain,unknown,unknown,technology_saas_platforms,artificial_intelligence;blockchain,,,,,,kinetic_organization,medium,filename_and_metadata_heuristics_v1,true,no_source_type_filename_match
codex_doc_000325,KINETIC_109_AI in ad agencies - Academic.pdf,KINETIC_109_AI in ad agencies - Academic.pdf,pdf,ai,,academic,unknown,education_research,artificial_intelligence,,,,,,kinetic_organization,high,filename_and_metadata_heuristics_v1,false,
codex_doc_000326,KINETIC_110_AI Maturity Model in the process industry - Academic.pdf,KINETIC_110_AI Maturity Model in the process industry - Academic.pdf,pdf,ai,,academic,unknown,education_research,artificial_intelligence,,,,,ai_adoption_maturity;digital_maturity_model,kinetic_organization,high,filename_and_metadata_heuristics_v1,false,
codex_doc_000327,KINETIC_111_AI-Block-Quantum - Academic.pdf,KINETIC_111_AI-Block-Quantum - Academic.pdf,pdf,ai,quantum,academic,unknown,education_research,artificial_intelligence;quantum,,,,,,kinetic_organization,high,filename_and_metadata_heuristics_v1,false,
codex_doc_000328,KINETIC_112_Anaconda Sponsored_Manning_Generative AI in Action.pdf,KINETIC_112_Anaconda Sponsored_Manning_Generative AI in Action.pdf,pdf,ai,,unknown,unknown,,artificial_intelligence,,,,,,kinetic_organization,low,filename_and_metadata_heuristics_v1,true,no_source_type_filename_match
codex_doc_000329,KINETIC_113_Australia-National-Blockchain-Roadmap.pdf,KINETIC_113_Australia-National-Blockchain-Roadmap.pdf,pdf,blockchain,government,government,unknown,government_public_sector,blockchain,,,,,,kinetic_organization,high,filename_and_metadata_heuristics_v1,false,
codex_doc_000330,KINETIC_114_Bain Brief- learning from digital leaders.pdf,KINETIC_114_Bain Brief- learning from digital leaders.pdf,pdf,other,,consulting,Bain,,,learning,,,,,kinetic_organization,medium,filename_and_metadata_heuristics_v1,true,no_primary_domain_filename_match
codex_doc_000331,KINETIC_115_bain_brief_organizing_for_a_digital_world.pdf,KINETIC_115_bain_brief_organizing_for_a_digital_world.pdf,pdf,other,,consulting,Bain,,,,,,,,kinetic_organization,medium,filename_and_metadata_heuristics_v1,true,no_primary_domain_filename_match
codex_doc_000332,KINETIC_116_bain_brief-a_smarter_approach_to_digital_operations.pdf,KINETIC_116_bain_brief-a_smarter_approach_to_digital_operations.pdf,pdf,other,,consulting,Bain,,,,,,,,kinetic_organization,medium,filename_and_metadata_heuristics_v1,true,no_primary_domain_filename_match
codex_doc_000333,KINETIC_117_Bain-REvolution-Awards_Report-2023.pdf,KINETIC_117_Bain-REvolution-Awards_Report-2023.pdf,pdf,other,,consulting,Bain,,,,,,,,kinetic_organization,medium,filename_and_metadata_heuristics_v1,true,no_primary_domain_filename_match
codex_doc_000334,KINETIC_118_bcg-wheres-the-value-in-ai.pdf,KINETIC_118_bcg-wheres-the-value-in-ai.pdf,pdf,ai,,consulting,BCG,,artificial_intelligence,,,,,,kinetic_organization,high,filename_and_metadata_heuristics_v1,false,
codex_doc_000335,KINETIC_119_Blockchain - Academic - Adoption in the Wine Industry.pdf,KINETIC_119_Blockchain - Academic - Adoption in the Wine Industry.pdf,pdf,blockchain,wine,academic,unknown,wine_hospitality;education_research,blockchain,,,,,,kinetic_organization;terroir_os,high,filename_and_metadata_heuristics_v1,false,
codex_doc_000336,KINETIC_120_Blockchain - Academic - Blockchain Adoption in Retail Smes Transforming Business Models to Gain a Competitive Edge.pdf,KINETIC_120_Blockchain - Academic - Blockchain Adoption in Retail Smes Transforming Business Models to Gain a Competitive Edge.pdf,pdf,business_models,blockchain;customer_experience,academic,unknown,consumer_retail_ecommerce;education_research,blockchain,,,,,business_model_canvas,kinetic_organization;mba_digital_strategy,high,filename_and_metadata_heuristics_v1,false,
codex_doc_000337,KINETIC_121_Blockchain - Academic - Blockchain Technology Applications in the Supply Chain A Critical Analysis.pdf,KINETIC_121_Blockchain - Academic - Blockchain Technology Applications in the Supply Chain A Critical Analysis.pdf,pdf,blockchain,,academic,unknown,technology_saas_platforms;education_research,blockchain,,,,,,kinetic_organization,high,filename_and_metadata_heuristics_v1,false,
codex_doc_000338,KINETIC_122_Blockchain - Academic - Blockchain Technology in the Healthcare Industry An Empirical Study of Factors Influencing Organizational Adoption of Blockchain Technology.pdf,KINETIC_122_Blockchain - Academic - Blockchain Technology in the Healthcare Industry An Empirical Study of Factors Influencing Organizational Adoption of Blockchain Technology.pdf,pdf,operating_models,blockchain,academic,unknown,technology_saas_platforms;education_research,blockchain,organizational_design,,,,,kinetic_organization,high,filename_and_metadata_heuristics_v1,false,
codex_doc_000339,KINETIC_123_Blockchain - Academic - Blockchain_and Business Models.pdf,KINETIC_123_Blockchain - Academic - Blockchain_and Business Models.pdf,pdf,business_models,blockchain,academic,unknown,education_research,blockchain,,,,,business_model_canvas,kinetic_organization;mba_digital_strategy,high,filename_and_metadata_heuristics_v1,false,
codex_doc_000340,KINETIC_124_Blockchain - Academic - Blockchain_and_the_Tokenizatio.pdf,KINETIC_124_Blockchain - Academic - Blockchain_and_the_Tokenizatio.pdf,pdf,blockchain,,academic,unknown,education_research,blockchain,,tokenization,,,,kinetic_organization,high,filename_and_metadata_heuristics_v1,false,
codex_doc_000341,KINETIC_125_Blockchain - Academic - Blockchain_with_IoT.pdf,KINETIC_125_Blockchain - Academic - Blockchain_with_IoT.pdf,pdf,blockchain,technology_infrastructure,academic,unknown,education_research,blockchain;iot,,,,,,kinetic_organization,high,filename_and_metadata_heuristics_v1,false,
codex_doc_000342,KINETIC_126_Blockchain - Academic - Blockchain-Driven Business Model Innovation A Systematic Review and Research Framework.pdf,KINETIC_126_Blockchain - Academic - Blockchain-Driven Business Model Innovation A Systematic Review and Research Framework.pdf,pdf,blockchain,business_models;innovation,academic,unknown,education_research,blockchain,innovation,,,,business_model_canvas,kinetic_organization;mba_digital_strategy;writing,high,filename_and_metadata_heuristics_v1,false,
codex_doc_000343,KINETIC_127_Blockchain - Academic - Blockchain-Driven_Business_Models_Oshkosh.pdf,KINETIC_127_Blockchain - Academic - Blockchain-Driven_Business_Models_Oshkosh.pdf,pdf,business_models,blockchain,academic,unknown,education_research,blockchain,,,,,business_model_canvas,kinetic_organization;mba_digital_strategy,high,filename_and_metadata_heuristics_v1,false,
codex_doc_000344,KINETIC_128_Blockchain - Academic - Classifications of Sustainable Factors in Blockchain Adoption A Literature Review and Bibliometric Analysis.pdf,KINETIC_128_Blockchain - Academic - Classifications of Sustainable Factors in Blockchain Adoption A Literature Review and Bibliometric Analysis.pdf,pdf,blockchain,,academic,unknown,education_research,blockchain,,,,,,kinetic_organization,high,filename_and_metadata_heuristics_v1,false,
codex_doc_000345,KINETIC_129_Blockchain - Academic - Co-creating_blockchain_adoptio.pdf,KINETIC_129_Blockchain - Academic - Co-creating_blockchain_adoptio.pdf,pdf,blockchain,,academic,unknown,education_research,blockchain,,,,,,kinetic_organization,high,filename_and_metadata_heuristics_v1,false,
codex_doc_000346,KINETIC_130_Blockchain - Academic - Cross-Chain_Technology_of_Consortiums.pdf,KINETIC_130_Blockchain - Academic - Cross-Chain_Technology_of_Consortiums.pdf,pdf,blockchain,,academic,unknown,technology_saas_platforms;education_research,blockchain,,,,,,kinetic_organization,high,filename_and_metadata_heuristics_v1,false,
codex_doc_000347,KINETIC_131_Blockchain - Academic - Determinants of Blockchain Adoption in Supply Chain Management.pdf,KINETIC_131_Blockchain - Academic - Determinants of Blockchain Adoption in Supply Chain Management.pdf,pdf,blockchain,,academic,unknown,education_research,blockchain,,,,,,kinetic_organization,high,filename_and_metadata_heuristics_v1,false,
codex_doc_000348,"KINETIC_132_Blockchain - Academic - Investigating Industry 4.0, Blockchain Adoption, and Sustainability on Thai Finance's Operational Excellence.pdf","KINETIC_132_Blockchain - Academic - Investigating Industry 4.0, Blockchain Adoption, and Sustainability on Thai Finance's Operational Excellence.pdf",pdf,blockchain,,academic,unknown,banking_finance_insurance;manufacturing_industrial;education_research,blockchain,,,,,,kinetic_organization,high,filename_and_metadata_heuristics_v1,false,
codex_doc_000349,KINETIC_133_Blockchain - Academic - Toward_the_Mass_Adoption_of_Blockchain.pdf,KINETIC_133_Blockchain - Academic - Toward_the_Mass_Adoption_of_Blockchain.pdf,pdf,blockchain,,academic,unknown,education_research,blockchain,,,,,,kinetic_organization,high,filename_and_metadata_heuristics_v1,false,
codex_doc_000350,KINETIC_134_Blockchain - Academic - Understanding_of_blockchain-based Identity.pdf,KINETIC_134_Blockchain - Academic - Understanding_of_blockchain-based Identity.pdf,pdf,blockchain,,academic,unknown,education_research,blockchain,,,,,,kinetic_organization,high,filename_and_metadata_heuristics_v1,false,
codex_doc_000351,KINETIC_135_Blockchain - Collaboration.pdf,KINETIC_135_Blockchain - Collaboration.pdf,pdf,blockchain,,unknown,unknown,,blockchain,,,,,,kinetic_organization,low,filename_and_metadata_heuristics_v1,true,no_source_type_filename_match
codex_doc_000352,KINETIC_136_Blockchain - Post Adoption.pdf,KINETIC_136_Blockchain - Post Adoption.pdf,pdf,blockchain,,unknown,unknown,,blockchain,,,,,,kinetic_organization,low,filename_and_metadata_heuristics_v1,true,no_source_type_filename_match
codex_doc_000353,KINETIC_137_Blockchain - Practioner - Coinbase 2025 report.pdf,KINETIC_137_Blockchain - Practioner - Coinbase 2025 report.pdf,pdf,blockchain,,industry_report,unknown,,blockchain,,,,,,kinetic_organization,high,filename_and_metadata_heuristics_v1,false,
codex_doc_000354,KINETIC_138_Blockchain - Practitioner - IBM Blockchain_challenges_in_adopt.pdf,KINETIC_138_Blockchain - Practitioner - IBM Blockchain_challenges_in_adopt.pdf,pdf,blockchain,,unknown,IBM,,blockchain,,,,,,kinetic_organization,high,filename_and_metadata_heuristics_v1,true,no_source_type_filename_match
codex_doc_000355,KINETIC_139_Blockchain - Social Manufacturing Networks.pdf,KINETIC_139_Blockchain - Social Manufacturing Networks.pdf,pdf,blockchain,,unknown,unknown,manufacturing_industrial,blockchain,,,networked,social,,kinetic_organization,medium,filename_and_metadata_heuristics_v1,true,no_source_type_filename_match
codex_doc_000356,KINETIC_140_Blockchain - Synaptic-Health-Alliance-Blockchain.pdf,KINETIC_140_Blockchain - Synaptic-Health-Alliance-Blockchain.pdf,pdf,blockchain,,unknown,unknown,,blockchain,,,,,,kinetic_organization,low,filename_and_metadata_heuristics_v1,true,no_source_type_filename_match
codex_doc_000357,KINETIC_141_BlockStand-D3.3_-European_Blockchain_StEU - andardisation_Roadmap_report_and-_recommendations_from_the_Coordination_Board.pdf,KINETIC_141_BlockStand-D3.3_-European_Blockchain_StEU - andardisation_Roadmap_report_and-_recommendations_from_the_Coordination_Board.pdf,pdf,blockchain,,industry_report,unknown,,blockchain,,,coordination,,,kinetic_organization,high,filename_and_metadata_heuristics_v1,false,
codex_doc_000358,KINETIC_142_Business Model - Academic - Business Models and Competitive Advantage.pdf,KINETIC_142_Business Model - Academic - Business Models and Competitive Advantage.pdf,pdf,business_models,,academic,unknown,education_research,,,,,,business_model_canvas,kinetic_organization;mba_digital_strategy,high,filename_and_metadata_heuristics_v1,false,
codex_doc_000359,KINETIC_143_Business Model Reinvention - Academic - Sustainability.pdf,KINETIC_143_Business Model Reinvention - Academic - Sustainability.pdf,pdf,business_models,,academic,unknown,education_research,,,,,,business_model_canvas,kinetic_organization;mba_digital_strategy,high,filename_and_metadata_heuristics_v1,false,
codex_doc_000360,KINETIC_144_Business Model Reinvention - Academic.pdf,KINETIC_144_Business Model Reinvention - Academic.pdf,pdf,business_models,,academic,unknown,education_research,,,,,,business_model_canvas,kinetic_organization;mba_digital_strategy,high,filename_and_metadata_heuristics_v1,false,
codex_doc_000361,KINETIC_145_Cap Gemini - Generative-AI-in-Organizations-Refresh_25112024.pdf,KINETIC_145_Cap Gemini - Generative-AI-in-Organizations-Refresh_25112024.pdf,pdf,ai,operating_models,consulting,Capgemini,,artificial_intelligence,organizational_design,,,,,kinetic_organization,high,filename_and_metadata_heuristics_v1,false,
codex_doc_000362,KINETIC_146_Cap Gemini - The Rise of AI-Agents.pdf,KINETIC_146_Cap Gemini - The Rise of AI-Agents.pdf,pdf,ai,,consulting,Capgemini,,artificial_intelligence;agentic_ai,,,,ai_agent,,kinetic_organization,high,filename_and_metadata_heuristics_v1,false,
codex_doc_000363,KINETIC_147_CapGemini - AI Conversations-for-tomorrow_Edition_9_Report-V2-1.pdf,KINETIC_147_CapGemini - AI Conversations-for-tomorrow_Edition_9_Report-V2-1.pdf,pdf,ai,,consulting,Capgemini,,artificial_intelligence,,,,,,kinetic_organization,high,filename_and_metadata_heuristics_v1,false,
codex_doc_000364,KINETIC_148_CapGemini - Innovation Series Conversations_Edition_5_Report_20240425.pdf,KINETIC_148_CapGemini - Innovation Series Conversations_Edition_5_Report_20240425.pdf,pdf,innovation,,consulting,Capgemini,,,innovation,,,,,kinetic_organization,high,filename_and_metadata_heuristics_v1,false,
codex_doc_000365,KINETIC_149_CapGemini - Intelligent Industry - Final-Report-Converstations-for-Tomorrow-3.pdf,KINETIC_149_CapGemini - Intelligent Industry - Final-Report-Converstations-for-Tomorrow-3.pdf,pdf,other,,consulting,Capgemini,,,,,,,,kinetic_organization,medium,filename_and_metadata_heuristics_v1,true,no_primary_domain_filename_match
codex_doc_000366,KINETIC_150_CapGemini - Marketing Conversations-for-Tomorrow-4.pdf,KINETIC_150_CapGemini - Marketing Conversations-for-Tomorrow-4.pdf,pdf,other,,consulting,Capgemini,advertising_media_marketing,,,,,,,kinetic_organization,medium,filename_and_metadata_heuristics_v1,true,no_primary_domain_filename_match
codex_doc_000367,KINETIC_151_CapGemini - technovision.pdf,KINETIC_151_CapGemini - technovision.pdf,pdf,other,,consulting,Capgemini,,,,,,,,kinetic_organization,medium,filename_and_metadata_heuristics_v1,true,no_primary_domain_filename_match
codex_doc_000368,KINETIC_152_CapGemini - Top-Tech-Trends-2025_Report_v7.pdf,KINETIC_152_CapGemini - Top-Tech-Trends-2025_Report_v7.pdf,pdf,other,,consulting,Capgemini,,,future_readiness,,,,,kinetic_organization,medium,filename_and_metadata_heuristics_v1,true,no_primary_domain_filename_match
codex_doc_000369,KINETIC_153_China - P020250106319424108511.pdf,KINETIC_153_China - P020250106319424108511.pdf,pdf,other,,unknown,unknown,,,,,,,,kinetic_organization,low,filename_and_metadata_heuristics_v1,true,no_primary_domain_filename_match;no_source_type_filename_match
codex_doc_000370,KINETIC_154_Combining Humana and Artificial Intelligence - Academic Article.pdf,KINETIC_154_Combining Humana and Artificial Intelligence - Academic Article.pdf,pdf,ai,,academic,unknown,education_research,artificial_intelligence,,,,,,kinetic_organization,high,filename_and_metadata_heuristics_v1,false,
codex_doc_000371,KINETIC_155_competitive advantage and AI - academic.pdf,KINETIC_155_competitive advantage and AI - academic.pdf,pdf,ai,,academic,unknown,education_research,artificial_intelligence,,,,,,kinetic_organization,high,filename_and_metadata_heuristics_v1,false,
codex_doc_000372,KINETIC_156_CPG - Industry Research.pdf,KINETIC_156_CPG - Industry Research.pdf,pdf,other,,academic,unknown,consumer_retail_ecommerce;education_research,,,,,,,kinetic_organization,medium,filename_and_metadata_heuristics_v1,true,no_primary_domain_filename_match
codex_doc_000373,KINETIC_157_CRI_Agentic-AI_Infographic_V06.pdf,KINETIC_157_CRI_Agentic-AI_Infographic_V06.pdf,pdf,ai,,unknown,unknown,,artificial_intelligence;agentic_ai,,,ai_native,ai_agent,,kinetic_organization,medium,filename_and_metadata_heuristics_v1,true,no_source_type_filename_match
codex_doc_000374,KINETIC_158_Databricks-Big-Book-Of-GenAI-FINAL.pdf,KINETIC_158_Databricks-Big-Book-Of-GenAI-FINAL.pdf,pdf,other,,unknown,unknown,,,,,,,,kinetic_organization,low,filename_and_metadata_heuristics_v1,true,no_primary_domain_filename_match;no_source_type_filename_match
codex_doc_000375,KINETIC_159_Deloitte - AI Agents.pdf,KINETIC_159_Deloitte - AI Agents.pdf,pdf,ai,,consulting,Deloitte,,artificial_intelligence;agentic_ai,,,,ai_agent,,kinetic_organization,high,filename_and_metadata_heuristics_v1,false,
codex_doc_000376,KINETIC_160_Deloitte - AI Use Cases and Dossier.pdf,KINETIC_160_Deloitte - AI Use Cases and Dossier.pdf,pdf,ai,,consulting,Deloitte,,artificial_intelligence,,,,,,kinetic_organization,high,filename_and_metadata_heuristics_v1,false,
codex_doc_000377,KINETIC_161_Deloitte - CSOs in the AI era.pdf,KINETIC_161_Deloitte - CSOs in the AI era.pdf,pdf,ai,,consulting,Deloitte,,artificial_intelligence,,,,,,kinetic_organization,high,filename_and_metadata_heuristics_v1,false,
codex_doc_000378,KINETIC_162_Deloitte - gen-ai-multi-agents-pov-2.pdf,KINETIC_162_Deloitte - gen-ai-multi-agents-pov-2.pdf,pdf,ai,,consulting,Deloitte,,artificial_intelligence;agentic_ai,,,,,,kinetic_organization,high,filename_and_metadata_heuristics_v1,false,
codex_doc_000379,KINETIC_163_Deloitte - State-of-AI-4th-edition.pdf,KINETIC_163_Deloitte - State-of-AI-4th-edition.pdf,pdf,ai,,consulting,Deloitte,,artificial_intelligence,,,,,,kinetic_organization,high,filename_and_metadata_heuristics_v1,false,
codex_doc_000380,KINETIC_164_Deloitte - unlocking-value-generative-ai-retail.pdf,KINETIC_164_Deloitte - unlocking-value-generative-ai-retail.pdf,pdf,ai,customer_experience,consulting,Deloitte,consumer_retail_ecommerce,artificial_intelligence,,,,,,kinetic_organization,high,filename_and_metadata_heuristics_v1,false,
codex_doc_000381,KINETIC_165_deloitte-cfo-survey-research.pdf,KINETIC_165_deloitte-cfo-survey-research.pdf,pdf,other,,academic,Deloitte,education_research,,,,,,,kinetic_organization,medium,filename_and_metadata_heuristics_v1,true,no_primary_domain_filename_match
codex_doc_000382,KINETIC_166_deloitte-uk-digital-consumer-trends-2023-deck.pdf,KINETIC_166_deloitte-uk-digital-consumer-trends-2023-deck.pdf,pdf,customer_experience,,consulting,Deloitte,consumer_retail_ecommerce,,future_readiness,,,,,kinetic_organization,high,filename_and_metadata_heuristics_v1,false,
codex_doc_000383,KINETIC_167_Digital Transformation - Academic - DT - A business management study.pdf,KINETIC_167_Digital Transformation - Academic - DT - A business management study.pdf,pdf,digital_transformation,,academic,unknown,education_research,,,,,,,kinetic_organization;mba_digital_strategy,high,filename_and_metadata_heuristics_v1,false,
codex_doc_000384,KINETIC_168_Digital Transformation - AI Next.pdf,KINETIC_168_Digital Transformation - AI Next.pdf,pdf,ai,digital_transformation,unknown,unknown,,artificial_intelligence,,,,,,kinetic_organization;mba_digital_strategy,medium,filename_and_metadata_heuristics_v1,true,no_source_type_filename_match
codex_doc_000385,KINETIC_169_Digital Transformation - Customer Loyalty.pdf,KINETIC_169_Digital Transformation - Customer Loyalty.pdf,pdf,customer_experience,digital_transformation,unknown,unknown,,,,,,loyalty,,kinetic_organization;mba_digital_strategy,medium,filename_and_metadata_heuristics_v1,true,no_source_type_filename_match
codex_doc_000386,KINETIC_170_Digital Transformation- Academic - An-overview-of-the-current-state-of-the-art-of-research.pdf,KINETIC_170_Digital Transformation- Academic - An-overview-of-the-current-state-of-the-art-of-research.pdf,pdf,digital_transformation,,academic,unknown,education_research,,,,,,,kinetic_organization;mba_digital_strategy,high,filename_and_metadata_heuristics_v1,false,
codex_doc_000387,KINETIC_171_Digitopia-Digital-Maturity-Report-2024.pdf,KINETIC_171_Digitopia-Digital-Maturity-Report-2024.pdf,pdf,other,,industry_report,unknown,,,,,,,digital_maturity_model,kinetic_organization,medium,filename_and_metadata_heuristics_v1,true,no_primary_domain_filename_match
codex_doc_000388,KINETIC_172_digitopia-report-digitaltransformationguide.pdf,KINETIC_172_digitopia-report-digitaltransformationguide.pdf,pdf,other,,industry_report,unknown,,,,,,,,kinetic_organization;writing,medium,filename_and_metadata_heuristics_v1,true,no_primary_domain_filename_match
codex_doc_000389,KINETIC_173_ebook_mit-cio-generative-ai-report.pdf,KINETIC_173_ebook_mit-cio-generative-ai-report.pdf,pdf,ai,,industry_report,MIT,,artificial_intelligence,,,,,,kinetic_organization,high,filename_and_metadata_heuristics_v1,false,
codex_doc_000390,KINETIC_174_Ecosystem - Practioner - Ecosystem Portfolio Theory.pdf,KINETIC_174_Ecosystem - Practioner - Ecosystem Portfolio Theory.pdf,pdf,platforms_marketplaces,,unknown,unknown,,,,ecosystem,networked,,,kinetic_organization,medium,filename_and_metadata_heuristics_v1,true,no_source_type_filename_match
codex_doc_000391,"KINETIC_175_Ecosystems - Academic - Ecosystems, strategy and business models in the age of digitization.pdf","KINETIC_175_Ecosystems - Academic - Ecosystems, strategy and business models in the age of digitization.pdf",pdf,business_models,digital_transformation;platforms_marketplaces,academic,unknown,education_research,,,ecosystem,networked,,business_model_canvas,kinetic_organization;mba_digital_strategy,high,filename_and_metadata_heuristics_v1,false,
codex_doc_000392,KINETIC_176_enterprise-wide-transformation-ebook.pdf,KINETIC_176_enterprise-wide-transformation-ebook.pdf,pdf,other,,unknown,unknown,,,,,,,,kinetic_organization,low,filename_and_metadata_heuristics_v1,true,no_primary_domain_filename_match;no_source_type_filename_match
codex_doc_000393,KINETIC_177_Everest-group-innovation-watch-agentic-ai-products-2025_foribm.pdf,KINETIC_177_Everest-group-innovation-watch-agentic-ai-products-2025_foribm.pdf,pdf,ai,innovation,unknown,unknown,,artificial_intelligence;agentic_ai,innovation,,ai_native,ai_agent,,kinetic_organization,medium,filename_and_metadata_heuristics_v1,true,no_source_type_filename_match
codex_doc_000394,KINETIC_178_EY-Asset-Tokenization-Report-September-2023.pdf,KINETIC_178_EY-Asset-Tokenization-Report-September-2023.pdf,pdf,blockchain,,consulting,EY,,,,tokenization,,,,kinetic_organization,high,filename_and_metadata_heuristics_v1,false,
codex_doc_000395,KINETIC_179_ey-generative-ai-in-retail-and-commercial-banking.pdf,KINETIC_179_ey-generative-ai-in-retail-and-commercial-banking.pdf,pdf,ai,customer_experience,consulting,EY,banking_finance_insurance;consumer_retail_ecommerce,artificial_intelligence,,,,,,kinetic_organization,high,filename_and_metadata_heuristics_v1,false,
codex_doc_000396,KINETIC_180_FTSG 2025 1000 page Trends.pdf,KINETIC_180_FTSG 2025 1000 page Trends.pdf,pdf,other,,industry_report,unknown,,,future_readiness,,,,,kinetic_organization,medium,filename_and_metadata_heuristics_v1,true,no_primary_domain_filename_match
codex_doc_000397,KINETIC_181_Future_of_Intent_Data_GTMPartners_2025.pdf,KINETIC_181_Future_of_Intent_Data_GTMPartners_2025.pdf,pdf,other,,unknown,unknown,,,future_readiness,,,,,kinetic_organization,low,filename_and_metadata_heuristics_v1,true,no_primary_domain_filename_match;no_source_type_filename_match
codex_doc_000398,KINETIC_182_Germany - blockchain-strategy.pdf,KINETIC_182_Germany - blockchain-strategy.pdf,pdf,blockchain,,unknown,unknown,,blockchain,,,,,,kinetic_organization,low,filename_and_metadata_heuristics_v1,true,no_source_type_filename_match
codex_doc_000399,KINETIC_183_Germany - national blockchain-strategy.pdf,KINETIC_183_Germany - national blockchain-strategy.pdf,pdf,blockchain,government,government,unknown,government_public_sector,blockchain,,,,,,kinetic_organization,high,filename_and_metadata_heuristics_v1,false,
codex_doc_000400,KINETIC_184_google_cloud_ai_trends.pdf,KINETIC_184_google_cloud_ai_trends.pdf,pdf,ai,technology_infrastructure,industry_report,Google,technology_saas_platforms,artificial_intelligence;cloud,future_readiness,cloud,,,,kinetic_organization,high,filename_and_metadata_heuristics_v1,false,
codex_doc_000401,KINETIC_185_google_cloud_state_of_ai_infra_report (1).pdf,KINETIC_185_google_cloud_state_of_ai_infra_report (1).pdf,pdf,ai,technology_infrastructure,industry_report,Google,technology_saas_platforms,artificial_intelligence;cloud,,cloud,,,,kinetic_organization,high,filename_and_metadata_heuristics_v1,true,duplicate_or_copy_indicator
codex_doc_000402,KINETIC_186_google_cloud_state_of_ai_infra_report.pdf,KINETIC_186_google_cloud_state_of_ai_infra_report.pdf,pdf,ai,technology_infrastructure,industry_report,Google,technology_saas_platforms,artificial_intelligence;cloud,,cloud,,,,kinetic_organization,high,filename_and_metadata_heuristics_v1,false,
codex_doc_000403,KINETIC_187_Greece - digital_decade_national_roadmap.pdf,KINETIC_187_Greece - digital_decade_national_roadmap.pdf,pdf,government,,government,unknown,government_public_sector,,,,,,,kinetic_organization,high,filename_and_metadata_heuristics_v1,false,
codex_doc_000404,KINETIC_188_High Velocity Industries.pdf,KINETIC_188_High Velocity Industries.pdf,pdf,velocity,,unknown,unknown,,,velocity,,,,,kinetic_organization;overclocked,medium,filename_and_metadata_heuristics_v1,true,no_source_type_filename_match
codex_doc_000405,KINETIC_189_Hyperledger_CaseStudy_Walmart_Printable_V4.pdf,KINETIC_189_Hyperledger_CaseStudy_Walmart_Printable_V4.pdf,pdf,other,,academic,unknown,,,,,,,,kinetic_organization,medium,filename_and_metadata_heuristics_v1,true,no_primary_domain_filename_match
codex_doc_000406,KINETIC_190_IBM - 2025-ceo-study-5-mindshifts-to-supercharge-business-growth-report.pdf,KINETIC_190_IBM - 2025-ceo-study-5-mindshifts-to-supercharge-business-growth-report.pdf,pdf,other,,academic,IBM,,,,,,,,kinetic_organization;mba_digital_strategy,medium,filename_and_metadata_heuristics_v1,true,no_primary_domain_filename_match
codex_doc_000407,KINETIC_191_IBM - 5-trends-for-2025-report.pdf,KINETIC_191_IBM - 5-trends-for-2025-report.pdf,pdf,other,,industry_report,IBM,,,future_readiness,,,,,kinetic_organization,medium,filename_and_metadata_heuristics_v1,true,no_primary_domain_filename_match
codex_doc_000408,KINETIC_192_IBM - AI and ceos-guide-to-generative-ai-second-edition.pdf,KINETIC_192_IBM - AI and ceos-guide-to-generative-ai-second-edition.pdf,pdf,ai,,practitioner,IBM,,artificial_intelligence,,,,,,kinetic_organization;writing,high,filename_and_metadata_heuristics_v1,false,
codex_doc_000409,KINETIC_193_Immutable Vineyards - Napa Cab 2012.pdf,KINETIC_193_Immutable Vineyards - Napa Cab 2012.pdf,pdf,wine,,unknown,unknown,wine_hospitality,,,,,,,kinetic_organization;terroir_os,medium,filename_and_metadata_heuristics_v1,true,no_source_type_filename_match
codex_doc_000410,KINETIC_194_Immutable Vineyards - Napa Cab 2013-14.pdf,KINETIC_194_Immutable Vineyards - Napa Cab 2013-14.pdf,pdf,wine,,unknown,unknown,wine_hospitality,,,,,,,kinetic_organization;terroir_os,medium,filename_and_metadata_heuristics_v1,true,no_source_type_filename_match
codex_doc_000411,KINETIC_195_Immutable Vineyards - Public winery database 2019-02-25_201902251623100147.pdf,KINETIC_195_Immutable Vineyards - Public winery database 2019-02-25_201902251623100147.pdf,pdf,wine,government,unknown,unknown,government_public_sector;wine_hospitality,,,,,,,kinetic_organization;government_as_a_service;terroir_os,medium,filename_and_metadata_heuristics_v1,true,no_source_type_filename_match
codex_doc_000412,KINETIC_196_Immutable Vineyards - Wine Data.pdf,KINETIC_196_Immutable Vineyards - Wine Data.pdf,pdf,wine,,unknown,unknown,wine_hospitality,,,,,,,kinetic_organization;terroir_os,medium,filename_and_metadata_heuristics_v1,true,no_source_type_filename_match
codex_doc_000413,KINETIC_197_India - Blockchain_The_India_Strategy_Part_I.pdf,KINETIC_197_India - Blockchain_The_India_Strategy_Part_I.pdf,pdf,blockchain,,unknown,unknown,,blockchain,,,,,,kinetic_organization,low,filename_and_metadata_heuristics_v1,true,no_source_type_filename_match
codex_doc_000414,KINETIC_198_Industry 4 0 - Academic - TOE Assessment.pdf,KINETIC_198_Industry 4 0 - Academic - TOE Assessment.pdf,pdf,other,,academic,unknown,education_research,,,,,,,kinetic_organization,medium,filename_and_metadata_heuristics_v1,true,no_primary_domain_filename_match
codex_doc_000415,"KINETIC_199_Industry 4.0 - Academic - Comparison of Industry 4.0, Industry 5.0, and related political initiatives using bibliometric data.pdf","KINETIC_199_Industry 4.0 - Academic - Comparison of Industry 4.0, Industry 5.0, and related political initiatives using bibliometric data.pdf",pdf,other,,academic,unknown,manufacturing_industrial;education_research,,,,,,,kinetic_organization,medium,filename_and_metadata_heuristics_v1,true,no_primary_domain_filename_match
codex_doc_000416,KINETIC_200_Industry 4.0 - Academic - Emerging Enabling Technologies for Industry 4.0 and Beyond.pdf,KINETIC_200_Industry 4.0 - Academic - Emerging Enabling Technologies for Industry 4.0 and Beyond.pdf,pdf,other,,academic,unknown,manufacturing_industrial;education_research,,,,,,,kinetic_organization,medium,filename_and_metadata_heuristics_v1,true,no_primary_domain_filename_match
codex_doc_000417,KINETIC_201_Industry 4.0 - Academic - Industry 4.0 maturity assessment a multi-dimensional indicator approach.pdf,KINETIC_201_Industry 4.0 - Academic - Industry 4.0 maturity assessment a multi-dimensional indicator approach.pdf,pdf,other,,academic,unknown,manufacturing_industrial;education_research,,,,,,,kinetic_organization,medium,filename_and_metadata_heuristics_v1,true,no_primary_domain_filename_match
codex_doc_000418,KINETIC_202_Industry 4.0 - Academic - Leveraging Industry 4.0.pdf,KINETIC_202_Industry 4.0 - Academic - Leveraging Industry 4.0.pdf,pdf,other,,academic,unknown,manufacturing_industrial;education_research,,,,,,,kinetic_organization,medium,filename_and_metadata_heuristics_v1,true,no_primary_domain_filename_match
codex_doc_000419,KINETIC_203_Industry 4.0 - Academic - MCDM model to rank the performance outcomes in the implementation of Industry 4.0.pdf,KINETIC_203_Industry 4.0 - Academic - MCDM model to rank the performance outcomes in the implementation of Industry 4.0.pdf,pdf,other,,academic,unknown,manufacturing_industrial;education_research,,,,,,,kinetic_organization,medium,filename_and_metadata_heuristics_v1,true,no_primary_domain_filename_match
codex_doc_000420,KINETIC_204_Innovation - Academic - AI-driven business model innovation.pdf,KINETIC_204_Innovation - Academic - AI-driven business model innovation.pdf,pdf,ai,business_models;innovation,academic,unknown,education_research,artificial_intelligence,innovation,,,,business_model_canvas,kinetic_organization;mba_digital_strategy,high,filename_and_metadata_heuristics_v1,false,
codex_doc_000421,KINETIC_205_Innovation - Academic - Business Strategies and the role of innovation.pdf,KINETIC_205_Innovation - Academic - Business Strategies and the role of innovation.pdf,pdf,innovation,,academic,unknown,education_research,,innovation,,,,,kinetic_organization,high,filename_and_metadata_heuristics_v1,false,
codex_doc_000422,KINETIC_206_Innovation - Academic - Strategic innovation in business models - Leveraging emerging technologies to gain a competitive advantage.pdf,KINETIC_206_Innovation - Academic - Strategic innovation in business models - Leveraging emerging technologies to gain a competitive advantage.pdf,pdf,business_models,innovation,academic,unknown,education_research,,innovation,,,,business_model_canvas,kinetic_organization;mba_digital_strategy,high,filename_and_metadata_heuristics_v1,false,
codex_doc_000423,KINETIC_207_Innovation - Academic - The Role of Performance and Innovation.pdf,KINETIC_207_Innovation - Academic - The Role of Performance and Innovation.pdf,pdf,innovation,,academic,unknown,education_research,,innovation,,,,,kinetic_organization,high,filename_and_metadata_heuristics_v1,false,
codex_doc_000424,KINETIC_208_Innovation - Academic -Platform-competition-a-systematic-and-interdisciplinary-review-of-the-literature.pdf,KINETIC_208_Innovation - Academic -Platform-competition-a-systematic-and-interdisciplinary-review-of-the-literature.pdf,pdf,innovation,platforms_marketplaces,academic,unknown,technology_saas_platforms;education_research,,innovation,platform,,,,kinetic_organization,high,filename_and_metadata_heuristics_v1,false,
codex_doc_000425,KINETIC_209_Innovation - Practitioner - Deloitte Driving innovation and new business models through Industry 4.0.pdf,KINETIC_209_Innovation - Practitioner - Deloitte Driving innovation and new business models through Industry 4.0.pdf,pdf,business_models,innovation,consulting,Deloitte,manufacturing_industrial,,innovation,,,,business_model_canvas,kinetic_organization;mba_digital_strategy,high,filename_and_metadata_heuristics_v1,false,
codex_doc_000426,KINETIC_210_Inovation - Academic - Hypercompetition_customer-value_competition_and_th.pdf,KINETIC_210_Inovation - Academic - Hypercompetition_customer-value_competition_and_th.pdf,pdf,customer_experience,,academic,unknown,education_research,,,,,,,kinetic_organization,high,filename_and_metadata_heuristics_v1,false,
codex_doc_000427,KINETIC_211_Intercom AI End User Sentiment Report.pdf,KINETIC_211_Intercom AI End User Sentiment Report.pdf,pdf,ai,,industry_report,unknown,,artificial_intelligence,,,,,,kinetic_organization,high,filename_and_metadata_heuristics_v1,false,
codex_doc_000428,KINETIC_212_Ireland - BIockchain -Strategy-2022-A4-D5-3.pdf,KINETIC_212_Ireland - BIockchain -Strategy-2022-A4-D5-3.pdf,pdf,other,,unknown,unknown,,,,,,,,kinetic_organization,low,filename_and_metadata_heuristics_v1,true,no_primary_domain_filename_match;no_source_type_filename_match
codex_doc_000429,KINETIC_213_Japan's 3.0 Whitepaper_E_050122.pdf,KINETIC_213_Japan's 3.0 Whitepaper_E_050122.pdf,pdf,other,,academic,unknown,,,,,,,,kinetic_organization,medium,filename_and_metadata_heuristics_v1,true,no_primary_domain_filename_match
codex_doc_000430,KINETIC_214_KLG-CDAIO_Brochure_B2C_24-03-25.pdf,KINETIC_214_KLG-CDAIO_Brochure_B2C_24-03-25.pdf,pdf,other,,unknown,unknown,,,,,,,,kinetic_organization,low,filename_and_metadata_heuristics_v1,true,no_primary_domain_filename_match;no_source_type_filename_match
codex_doc_000431,KINETIC_215_Korea-Blockchain-Ecosystem.pdf,KINETIC_215_Korea-Blockchain-Ecosystem.pdf,pdf,blockchain,platforms_marketplaces,unknown,unknown,,blockchain,,ecosystem,networked,,,kinetic_organization,medium,filename_and_metadata_heuristics_v1,true,no_source_type_filename_match
codex_doc_000432,KINETIC_216_Leveraging Generative Intelligence - academic.pdf,KINETIC_216_Leveraging Generative Intelligence - academic.pdf,pdf,other,,academic,unknown,education_research,,,,,,,kinetic_organization,medium,filename_and_metadata_heuristics_v1,true,no_primary_domain_filename_match
codex_doc_000433,KINETIC_217_LLM reproduce human purchase intent via semantic similarity elicitation.pdf,KINETIC_217_LLM reproduce human purchase intent via semantic similarity elicitation.pdf,pdf,ai,,unknown,unknown,,,,,,,,kinetic_organization,low,filename_and_metadata_heuristics_v1,true,no_source_type_filename_match
codex_doc_000434,KINETIC_218_Malaysia - National-Blockchain-Roadmap-2021-2025.pdf,KINETIC_218_Malaysia - National-Blockchain-Roadmap-2021-2025.pdf,pdf,blockchain,government,government,unknown,government_public_sector,blockchain,,,,,,kinetic_organization,high,filename_and_metadata_heuristics_v1,false,
codex_doc_000435,KINETIC_219_mastering-ai-agents-galileo.pdf,KINETIC_219_mastering-ai-agents-galileo.pdf,pdf,ai,,unknown,unknown,,artificial_intelligence;agentic_ai,,,,ai_agent,,kinetic_organization,medium,filename_and_metadata_heuristics_v1,true,no_source_type_filename_match
codex_doc_000436,KINETIC_220_McKinesy - seizing-the-agentic-ai-advantage.pdf,KINETIC_220_McKinesy - seizing-the-agentic-ai-advantage.pdf,pdf,ai,,unknown,unknown,,artificial_intelligence;agentic_ai,,,ai_native,ai_agent,,kinetic_organization,medium,filename_and_metadata_heuristics_v1,true,no_source_type_filename_match
codex_doc_000437,KINETIC_221_McKinsey - artificial-intelligence-in-strategy.pdf,KINETIC_221_McKinsey - artificial-intelligence-in-strategy.pdf,pdf,ai,,consulting,McKinsey,,artificial_intelligence,,,,,,kinetic_organization,high,filename_and_metadata_heuristics_v1,false,
codex_doc_000438,KINETIC_222_McKinsey 2025 AI Survey - the-state-of-ai-how-organizations-are-rewiring-to-capture-value_final.pdf,KINETIC_222_McKinsey 2025 AI Survey - the-state-of-ai-how-organizations-are-rewiring-to-capture-value_final.pdf,pdf,ai,operating_models,consulting,McKinsey,,artificial_intelligence,organizational_design,,,,,kinetic_organization,high,filename_and_metadata_heuristics_v1,false,
codex_doc_000439,KINETIC_223_McKinsey and AI.pdf,KINETIC_223_McKinsey and AI.pdf,pdf,ai,,consulting,McKinsey,,artificial_intelligence,,,,,,kinetic_organization,high,filename_and_metadata_heuristics_v1,false,
codex_doc_000440,KINETIC_224_Meeker - Trends_Artificial_Intelligence (1).pdf,KINETIC_224_Meeker - Trends_Artificial_Intelligence (1).pdf,pdf,ai,,industry_report,unknown,,artificial_intelligence,future_readiness,,,,,kinetic_organization,high,filename_and_metadata_heuristics_v1,true,duplicate_or_copy_indicator
codex_doc_000441,KINETIC_225_MIT - State_of_AI_in_Business_2025_Report.pdf,KINETIC_225_MIT - State_of_AI_in_Business_2025_Report.pdf,pdf,ai,,industry_report,MIT,,artificial_intelligence,,,,,,kinetic_organization,high,filename_and_metadata_heuristics_v1,false,
codex_doc_000442,KINETIC_226_MO-AIL_Brochure_B2C_16-04-25.pdf,KINETIC_226_MO-AIL_Brochure_B2C_16-04-25.pdf,pdf,other,,unknown,unknown,,,,,,,,kinetic_organization,low,filename_and_metadata_heuristics_v1,true,no_primary_domain_filename_match;no_source_type_filename_match
codex_doc_000443,KINETIC_227_NICE_AI Readiness Guide.pdf,KINETIC_227_NICE_AI Readiness Guide.pdf,pdf,ai,,practitioner,unknown,,artificial_intelligence,ai_readiness,,,,,kinetic_organization;writing,high,filename_and_metadata_heuristics_v1,false,
codex_doc_000444,KINETIC_228_Nigeria - Co-Creating-a-Roadmap-for-Blockchain-in-Nigeria-BitKE.pdf,KINETIC_228_Nigeria - Co-Creating-a-Roadmap-for-Blockchain-in-Nigeria-BitKE.pdf,pdf,blockchain,,unknown,unknown,,blockchain,,,,,,kinetic_organization,low,filename_and_metadata_heuristics_v1,true,no_source_type_filename_match
codex_doc_000445,KINETIC_229_Nigeria - National-Blockchain-Policy.pdf,KINETIC_229_Nigeria - National-Blockchain-Policy.pdf,pdf,blockchain,government,government,unknown,government_public_sector,blockchain,,,,,,kinetic_organization,high,filename_and_metadata_heuristics_v1,false,
codex_doc_000446,KINETIC_230_Overclocked - Business Reinvented.pdf,KINETIC_230_Overclocked - Business Reinvented.pdf,pdf,other,,unknown,unknown,,,,,,,,kinetic_organization;overclocked,low,filename_and_metadata_heuristics_v1,true,no_primary_domain_filename_match;no_source_type_filename_match
codex_doc_000447,KINETIC_231_permissions-dont-persist-in-ai-apps.pdf,KINETIC_231_permissions-dont-persist-in-ai-apps.pdf,pdf,ai,,unknown,unknown,,artificial_intelligence,,,,,,kinetic_organization,low,filename_and_metadata_heuristics_v1,true,no_source_type_filename_match
codex_doc_000448,KINETIC_232_PwC Global CEO Survey.pdf,KINETIC_232_PwC Global CEO Survey.pdf,pdf,global_digital_policy,,consulting,PwC,,,,,,,,kinetic_organization;mba_digital_strategy,high,filename_and_metadata_heuristics_v1,false,
codex_doc_000449,KINETIC_233_Quantum - Academic - Commercial applications of quantum.pdf,KINETIC_233_Quantum - Academic - Commercial applications of quantum.pdf,pdf,quantum,,academic,unknown,education_research,quantum,,,,,,kinetic_organization,high,filename_and_metadata_heuristics_v1,false,
codex_doc_000450,KINETIC_234_Quantum - Academic - Framework for understanding quantum computing use cases.pdf,KINETIC_234_Quantum - Academic - Framework for understanding quantum computing use cases.pdf,pdf,quantum,,academic,unknown,education_research,quantum,,,,,,kinetic_organization;writing,high,filename_and_metadata_heuristics_v1,false,
codex_doc_000451,KINETIC_235_Quantum - Academic - Industry_quantum_computing_applications.pdf,KINETIC_235_Quantum - Academic - Industry_quantum_computing_applications.pdf,pdf,quantum,,academic,unknown,education_research,quantum,,,,,,kinetic_organization,high,filename_and_metadata_heuristics_v1,false,
codex_doc_000452,KINETIC_236_Quantum - Academic - Quantum_service-oriented_computing.pdf,KINETIC_236_Quantum - Academic - Quantum_service-oriented_computing.pdf,pdf,quantum,,academic,unknown,education_research,quantum,,,,customer_service,,kinetic_organization,high,filename_and_metadata_heuristics_v1,false,
codex_doc_000453,KINETIC_237_Quantum - Academic - The Quantum Computing Business Ecosystem and Firm Strategies.pdf,KINETIC_237_Quantum - Academic - The Quantum Computing Business Ecosystem and Firm Strategies.pdf,pdf,platforms_marketplaces,quantum,academic,unknown,education_research,quantum,,ecosystem,networked,,,kinetic_organization,high,filename_and_metadata_heuristics_v1,false,
codex_doc_000454,"KINETIC_238_Quantum - Academic - Three_Essays_on_Quantum_And, Industry.pdf","KINETIC_238_Quantum - Academic - Three_Essays_on_Quantum_And, Industry.pdf",pdf,quantum,,academic,unknown,education_research,quantum,,,,,,kinetic_organization,high,filename_and_metadata_heuristics_v1,false,
codex_doc_000455,KINETIC_239_Quantum - Practioner - McKinsey.pdf,KINETIC_239_Quantum - Practioner - McKinsey.pdf,pdf,quantum,,consulting,McKinsey,,quantum,,,,,,kinetic_organization,high,filename_and_metadata_heuristics_v1,false,
codex_doc_000456,KINETIC_240_Quantum - Practioner - Suppressing Error.pdf,KINETIC_240_Quantum - Practioner - Suppressing Error.pdf,pdf,quantum,,unknown,unknown,,quantum,,,,,,kinetic_organization,low,filename_and_metadata_heuristics_v1,true,no_source_type_filename_match
codex_doc_000457,KINETIC_241_Reinvention - Practitioner - PWC CEO Survey.pdf,KINETIC_241_Reinvention - Practitioner - PWC CEO Survey.pdf,pdf,other,,consulting,PwC,,,,,,,,kinetic_organization;mba_digital_strategy,medium,filename_and_metadata_heuristics_v1,true,no_primary_domain_filename_match
codex_doc_000458,KINETIC_242_seizing-the-agentic-ai-advantage - McKinsey.pdf,KINETIC_242_seizing-the-agentic-ai-advantage - McKinsey.pdf,pdf,ai,,consulting,McKinsey,,artificial_intelligence;agentic_ai,,,ai_native,ai_agent,,kinetic_organization,high,filename_and_metadata_heuristics_v1,false,
codex_doc_000459,KINETIC_243_Shift from transformation to business model reinvention.pdf,KINETIC_243_Shift from transformation to business model reinvention.pdf,pdf,business_models,,unknown,unknown,,,,,,,business_model_canvas,kinetic_organization;mba_digital_strategy,medium,filename_and_metadata_heuristics_v1,true,no_source_type_filename_match
codex_doc_000460,KINETIC_244_state-of-data-ai-report.pdf,KINETIC_244_state-of-data-ai-report.pdf,pdf,ai,,industry_report,unknown,,artificial_intelligence,,,,,,kinetic_organization,high,filename_and_metadata_heuristics_v1,false,
codex_doc_000461,KINETIC_245_Strategy - Acacemic - Strategic Management Process.pdf,KINETIC_245_Strategy - Acacemic - Strategic Management Process.pdf,pdf,other,,unknown,unknown,,,,,,,,kinetic_organization,low,filename_and_metadata_heuristics_v1,true,no_primary_domain_filename_match;no_source_type_filename_match
codex_doc_000462,KINETIC_246_Striim-How-to-Build-AI-Driven-Data-Strategy.pdf,KINETIC_246_Striim-How-to-Build-AI-Driven-Data-Strategy.pdf,pdf,ai,,unknown,unknown,,artificial_intelligence,,,,,,kinetic_organization,low,filename_and_metadata_heuristics_v1,true,no_source_type_filename_match
codex_doc_000463,KINETIC_247_The ultimate AI guide for marketers in 2025.pdf,KINETIC_247_The ultimate AI guide for marketers in 2025.pdf,pdf,ai,,practitioner,unknown,,artificial_intelligence,,,,,,kinetic_organization;writing,high,filename_and_metadata_heuristics_v1,false,
codex_doc_000464,KINETIC_248_The_Digital_Advantage__How_Digital_Leaders_Outperform_their_Peers_in_Every_Industry.pdf,KINETIC_248_The_Digital_Advantage__How_Digital_Leaders_Outperform_their_Peers_in_Every_Industry.pdf,pdf,other,,unknown,unknown,,,,,,,,kinetic_organization,low,filename_and_metadata_heuristics_v1,true,no_primary_domain_filename_match;no_source_type_filename_match
codex_doc_000465,KINETIC_249_the-big-product-and-platform-shift-five-actions-transformation - McKinsey.pdf,KINETIC_249_the-big-product-and-platform-shift-five-actions-transformation - McKinsey.pdf,pdf,platforms_marketplaces,,consulting,McKinsey,technology_saas_platforms,,,platform,,,,kinetic_organization,high,filename_and_metadata_heuristics_v1,false,
codex_doc_000466,KINETIC_250_The-foundations-of-corporate-innovation-in-the-digital-age.pdf,KINETIC_250_The-foundations-of-corporate-innovation-in-the-digital-age.pdf,pdf,innovation,,unknown,unknown,,,innovation,,,,,kinetic_organization,low,filename_and_metadata_heuristics_v1,true,no_source_type_filename_match
codex_doc_000467,KINETIC_251_the-impact-of-agility-how-to-shape-your-organization-to-compete-v4.pdf,KINETIC_251_the-impact-of-agility-how-to-shape-your-organization-to-compete-v4.pdf,pdf,operating_models,,unknown,unknown,,,agility;organizational_design,,,,,kinetic_organization,medium,filename_and_metadata_heuristics_v1,true,no_source_type_filename_match
codex_doc_000468,KINETIC_252_The-new-growth-game-Web.pdf,KINETIC_252_The-new-growth-game-Web.pdf,pdf,other,,unknown,unknown,,,,,,,,kinetic_organization,low,filename_and_metadata_heuristics_v1,true,no_primary_domain_filename_match;no_source_type_filename_match
codex_doc_000469,KINETIC_253_the-rise-of-ai-agents-unleashing-productivity-and-innovation.pdf,KINETIC_253_the-rise-of-ai-agents-unleashing-productivity-and-innovation.pdf,pdf,ai,innovation,unknown,unknown,,artificial_intelligence;agentic_ai,innovation,,,ai_agent,,kinetic_organization,medium,filename_and_metadata_heuristics_v1,true,no_source_type_filename_match
codex_doc_000470,KINETIC_254_the-state-of-ai-how-organizations-are-rewiring-to-capture-value_final.pdf,KINETIC_254_the-state-of-ai-how-organizations-are-rewiring-to-capture-value_final.pdf,pdf,ai,operating_models,unknown,unknown,,artificial_intelligence,organizational_design,,,,,kinetic_organization,medium,filename_and_metadata_heuristics_v1,true,no_source_type_filename_match
codex_doc_000471,KINETIC_255_The-state-of-ai-in-early-2024-final.pdf,KINETIC_255_The-state-of-ai-in-early-2024-final.pdf,pdf,ai,,unknown,unknown,,artificial_intelligence,,,,,,kinetic_organization,low,filename_and_metadata_heuristics_v1,true,no_source_type_filename_match
codex_doc_000472,KINETIC_256_U.S.-Blockchain-Roadmap.pdf,KINETIC_256_U.S.-Blockchain-Roadmap.pdf,pdf,blockchain,,unknown,unknown,,blockchain,,,,,,kinetic_organization,low,filename_and_metadata_heuristics_v1,true,no_source_type_filename_match
codex_doc_000473,KINETIC_257_UK-National Blockchain Roadmap Excellence-Standards-Framework.pdf,KINETIC_257_UK-National Blockchain Roadmap Excellence-Standards-Framework.pdf,pdf,blockchain,government,government,unknown,government_public_sector,blockchain,,,,,,kinetic_organization;writing,high,filename_and_metadata_heuristics_v1,false,
codex_doc_000474,KINETIC_258_us-state-of-gen-ai-report.pdf,KINETIC_258_us-state-of-gen-ai-report.pdf,pdf,ai,,industry_report,unknown,,artificial_intelligence,,,,,,kinetic_organization,high,filename_and_metadata_heuristics_v1,false,
codex_doc_000475,KINETIC_259_Velocitey - Academic - Diseconomies of Time Compression.pdf,KINETIC_259_Velocitey - Academic - Diseconomies of Time Compression.pdf,pdf,other,,academic,unknown,education_research,,,,,,,kinetic_organization,medium,filename_and_metadata_heuristics_v1,true,no_primary_domain_filename_match
codex_doc_000476,KINETIC_260_Velocitey - Academic - Time based competition.pdf,KINETIC_260_Velocitey - Academic - Time based competition.pdf,pdf,other,,academic,unknown,education_research,,,,,,,kinetic_organization,medium,filename_and_metadata_heuristics_v1,true,no_primary_domain_filename_match
codex_doc_000477,KINETIC_261_Velocitity - Academic - The regional and temperal nature of hypercompetition.pdf,KINETIC_261_Velocitity - Academic - The regional and temperal nature of hypercompetition.pdf,pdf,other,,academic,unknown,education_research,,,,,,,kinetic_organization,medium,filename_and_metadata_heuristics_v1,true,no_primary_domain_filename_match
codex_doc_000478,KINETIC_262_Velocity - Academic - Time Compression.pdf,KINETIC_262_Velocity - Academic - Time Compression.pdf,pdf,velocity,,academic,unknown,education_research,,velocity,,,,,kinetic_organization;overclocked,high,filename_and_metadata_heuristics_v1,false,
codex_doc_000479,KINETIC_263_Velocity - Academic - Winning in high velocity markets The case of BSkyB.pdf,KINETIC_263_Velocity - Academic - Winning in high velocity markets The case of BSkyB.pdf,pdf,velocity,,academic,unknown,education_research,,velocity,,,,,kinetic_organization;overclocked,high,filename_and_metadata_heuristics_v1,false,
codex_doc_000480,KINETIC_264_Velocity - Academic -Time compression diseconomies.pdf,KINETIC_264_Velocity - Academic -Time compression diseconomies.pdf,pdf,velocity,,academic,unknown,education_research,,velocity,,,,,kinetic_organization;overclocked,high,filename_and_metadata_heuristics_v1,false,
codex_doc_000481,KINETIC_265_Velocity - IT.pdf,KINETIC_265_Velocity - IT.pdf,pdf,velocity,,unknown,unknown,,,velocity,,,,,kinetic_organization;overclocked,medium,filename_and_metadata_heuristics_v1,true,no_source_type_filename_match
codex_doc_000482,KINETIC_266_Velocity - Multi Dimensional.pdf,KINETIC_266_Velocity - Multi Dimensional.pdf,pdf,velocity,,unknown,unknown,,,velocity,,,,,kinetic_organization;overclocked,medium,filename_and_metadata_heuristics_v1,true,no_source_type_filename_match
codex_doc_000483,KINETIC_267_Velocity - Organizational.pdf,KINETIC_267_Velocity - Organizational.pdf,pdf,operating_models,velocity,unknown,unknown,,,velocity;organizational_design,,,,,kinetic_organization;overclocked,medium,filename_and_metadata_heuristics_v1,true,no_source_type_filename_match
codex_doc_000484,KINETIC_268_WEF_Navigating_the_AI_Frontier_2024.pdf,KINETIC_268_WEF_Navigating_the_AI_Frontier_2024.pdf,pdf,ai,global_digital_policy,government,WEF,,artificial_intelligence,,,,,,kinetic_organization,high,filename_and_metadata_heuristics_v1,false,
codex_doc_000485,KINETIC_269_What is AI v2.pdf,KINETIC_269_What is AI v2.pdf,pdf,ai,,unknown,unknown,,artificial_intelligence,,,,,,kinetic_organization,low,filename_and_metadata_heuristics_v1,true,no_source_type_filename_match
codex_doc_000486,KINETIC_270_what-is-an-ai-agent.pdf,KINETIC_270_what-is-an-ai-agent.pdf,pdf,ai,,unknown,unknown,,artificial_intelligence;agentic_ai,,,,ai_agent,,kinetic_organization,medium,filename_and_metadata_heuristics_v1,true,no_source_type_filename_match
codex_doc_000487,KINETIC_271_Why-agentic-process-orchestration-belongs-in-your-automation-strategy.pdf,KINETIC_271_Why-agentic-process-orchestration-belongs-in-your-automation-strategy.pdf,pdf,ai,,unknown,unknown,,agentic_ai;automation,,,coordination;ai_native,ai_agent,,kinetic_organization,medium,filename_and_metadata_heuristics_v1,true,no_source_type_filename_match
codex_doc_000488,KINETIC_272_wp-agent-intelligence.pdf,KINETIC_272_wp-agent-intelligence.pdf,pdf,other,,unknown,unknown,,agentic_ai,,,,,,kinetic_organization,low,filename_and_metadata_heuristics_v1,true,no_primary_domain_filename_match;no_source_type_filename_match
codex_doc_000489,KINETIC_273_Zapier_State-of-RevOps-automation-report_z1rjux.pdf,KINETIC_273_Zapier_State-of-RevOps-automation-report_z1rjux.pdf,pdf,other,,industry_report,unknown,,automation,,,,,,kinetic_organization,medium,filename_and_metadata_heuristics_v1,true,no_primary_domain_filename_match
codex_doc_000490,KINETIC_274_Velocity-Acadmic - Internet of Things Book.pdf,KINETIC_274_Velocity-Acadmic - Internet of Things Book.pdf,pdf,velocity,,unknown,unknown,,iot,velocity,,,,,kinetic_organization;overclocked,medium,filename_and_metadata_heuristics_v1,true,no_source_type_filename_match
codex_doc_000491,Kinetic_275_Innovation-Academic - How the Internet of Things reshapes the organization of innovation.pdf,Kinetic_275_Innovation-Academic - How the Internet of Things reshapes the organization of innovation.pdf,pdf,innovation,operating_models,academic,unknown,education_research,iot,innovation;organizational_design,,,,,kinetic_organization,high,filename_and_metadata_heuristics_v1,false,
codex_doc_000492,KINETIC_276_Industry 4.0 - Academic - INTERNET OF THINGS IN THE CONTEXT OF INDUSTRY 4.0 - AN OVERVIEW.pdf,KINETIC_276_Industry 4.0 - Academic - INTERNET OF THINGS IN THE CONTEXT OF INDUSTRY 4.0 - AN OVERVIEW.pdf,pdf,other,,academic,unknown,manufacturing_industrial;education_research,iot,,,,,,kinetic_organization,medium,filename_and_metadata_heuristics_v1,true,no_primary_domain_filename_match
codex_doc_000493,KINETIC_277_Adaptability - Academic - Research on Self-Organization and Adaptive Strategy of the Internet of Things Sensor Networks.pdf,KINETIC_277_Adaptability - Academic - Research on Self-Organization and Adaptive Strategy of the Internet of Things Sensor Networks.pdf,pdf,adaptability,operating_models,academic,unknown,education_research,iot,adaptability;organizational_design,,networked,,,kinetic_organization,high,filename_and_metadata_heuristics_v1,false,
codex_doc_000494,"KINETIC_278_Innovation - Academic - Internet of Things beyond the Hype -  Research, Innovation and Deployment.pdf","KINETIC_278_Innovation - Academic - Internet of Things beyond the Hype -  Research, Innovation and Deployment.pdf",pdf,innovation,,academic,unknown,education_research,iot,innovation,,,,,kinetic_organization,high,filename_and_metadata_heuristics_v1,false,
codex_doc_000495,KINETIC_279_Innovation - Academic - Augmented Reality Book.pdf,KINETIC_279_Innovation - Academic - Augmented Reality Book.pdf,pdf,innovation,,academic,unknown,education_research,,innovation,,,,,kinetic_organization,high,filename_and_metadata_heuristics_v1,false,
codex_doc_000496,KINETIC_280_Innovation - Academic - Internet of things based innovative solutions and emerging research clusters in circular economy.pdf,KINETIC_280_Innovation - Academic - Internet of things based innovative solutions and emerging research clusters in circular economy.pdf,pdf,innovation,,academic,unknown,education_research,iot,innovation,,,,,kinetic_organization,high,filename_and_metadata_heuristics_v1,false,
codex_doc_000497,KINETIC_281_Innovation - Academic - Enhancing Organizational Agility Through Open Innovation.pdf,KINETIC_281_Innovation - Academic - Enhancing Organizational Agility Through Open Innovation.pdf,pdf,operating_models,innovation,academic,unknown,education_research,,innovation;agility;organizational_design,,,,,kinetic_organization,high,filename_and_metadata_heuristics_v1,false,
codex_doc_000498,"KINETIC_282_Digital Transformation - Academic - A model of the interplay between leadership styles, culture and digital transformation.pdf","KINETIC_282_Digital Transformation - Academic - A model of the interplay between leadership styles, culture and digital transformation.pdf",pdf,digital_transformation,,academic,unknown,education_research,,organizational_design,,,,,kinetic_organization;mba_digital_strategy,high,filename_and_metadata_heuristics_v1,false,
codex_doc_000499,KINETIC_283_Adaptability - Academic - THE ROLE OF SUPPLY CHAIN DIGITALIZATION IN MANAGING CHANGE DURING.pdf,KINETIC_283_Adaptability - Academic - THE ROLE OF SUPPLY CHAIN DIGITALIZATION IN MANAGING CHANGE DURING.pdf,pdf,adaptability,digital_transformation,academic,unknown,education_research,,adaptability,,,,,kinetic_organization,high,filename_and_metadata_heuristics_v1,false,
codex_doc_000500,KINETIC_284_Industry 4.0 - Academic - How does performance vary between early and later adopters of Industry 4.0.pdf,KINETIC_284_Industry 4.0 - Academic - How does performance vary between early and later adopters of Industry 4.0.pdf,pdf,other,,academic,unknown,manufacturing_industrial;education_research,,,,,,,kinetic_organization,medium,filename_and_metadata_heuristics_v1,true,no_primary_domain_filename_match
codex_doc_000501,"KINETIC_285_Innovation - Academic - Digital technology innovation, supply chain resilience.pdf","KINETIC_285_Innovation - Academic - Digital technology innovation, supply chain resilience.pdf",pdf,innovation,,academic,unknown,technology_saas_platforms;education_research,,resilience;innovation,,,,,kinetic_organization,high,filename_and_metadata_heuristics_v1,false,
codex_doc_000502,KINETIC_286_Digital Business Models - Academic - Digital transformation of business models in SMEs Book.pdf,KINETIC_286_Digital Business Models - Academic - Digital transformation of business models in SMEs Book.pdf,pdf,business_models,digital_transformation,academic,unknown,education_research,,,,,,business_model_canvas,kinetic_organization;mba_digital_strategy,high,filename_and_metadata_heuristics_v1,false,
codex_doc_000503,KINETIC_287_Digital transformation - Academic - Traditional marketing business model in new industry era.pdf,KINETIC_287_Digital transformation - Academic - Traditional marketing business model in new industry era.pdf,pdf,business_models,digital_transformation,academic,unknown,advertising_media_marketing;education_research,,,,,,business_model_canvas,kinetic_organization;mba_digital_strategy,high,filename_and_metadata_heuristics_v1,false,
codex_doc_000504,KINETIC_288_Quantum - Academic - Use Cases.pdf,KINETIC_288_Quantum - Academic - Use Cases.pdf,pdf,quantum,,academic,unknown,education_research,quantum,,,,,,kinetic_organization,high,filename_and_metadata_heuristics_v1,false,
codex_doc_000505,KINETIC_289_Quantum - Academic - Business Renaissance -  Opportunities and Challenges at the Dawn of the Quantum Computing Era.pdf,KINETIC_289_Quantum - Academic - Business Renaissance -  Opportunities and Challenges at the Dawn of the Quantum Computing Era.pdf,pdf,quantum,,academic,unknown,education_research,quantum,,,,,,kinetic_organization,high,filename_and_metadata_heuristics_v1,false,
codex_doc_000506,KINETIC_300_Innovation - Academic - Industry 5.0 Manufacturing Industry Applications book.pdf,KINETIC_300_Innovation - Academic - Industry 5.0 Manufacturing Industry Applications book.pdf,pdf,innovation,,academic,unknown,manufacturing_industrial;education_research,,innovation,,,,,kinetic_organization,high,filename_and_metadata_heuristics_v1,false,
codex_doc_000507,KINETIC_301_Quantum - Academic - Anticipating the Adoption of Quantum Computing Technology by Organizations Book.pdf,KINETIC_301_Quantum - Academic - Anticipating the Adoption of Quantum Computing Technology by Organizations Book.pdf,pdf,operating_models,quantum,academic,unknown,technology_saas_platforms;education_research,quantum,organizational_design,,,,,kinetic_organization,high,filename_and_metadata_heuristics_v1,false,
codex_doc_000508,KINETIC_302_Quantum-Academic - Quantum-inspired framework for big data analytics - evaluating the impact of movie trailers and its financial returns.pdf,KINETIC_302_Quantum-Academic - Quantum-inspired framework for big data analytics - evaluating the impact of movie trailers and its financial returns.pdf,pdf,quantum,,academic,unknown,banking_finance_insurance;education_research,analytics;quantum,,,,,,kinetic_organization;writing,high,filename_and_metadata_heuristics_v1,false,
codex_doc_000509,KINETIC_303_Innovation_Academic - A Survey on Artificial Intelligence and Blockchain Clustering for Enhanced Security in 6G Wireless Networks.pdf,KINETIC_303_Innovation_Academic - A Survey on Artificial Intelligence and Blockchain Clustering for Enhanced Security in 6G Wireless Networks.pdf,pdf,ai,blockchain;innovation,academic,unknown,education_research,artificial_intelligence;blockchain,innovation,,networked,,,kinetic_organization,high,filename_and_metadata_heuristics_v1,false,
codex_doc_000510,KINETIC_304_Innovation - Academic - Sixth_Generation_Enabling_Tech.pdf,KINETIC_304_Innovation - Academic - Sixth_Generation_Enabling_Tech.pdf,pdf,innovation,,academic,unknown,education_research,,innovation,,,,,kinetic_organization,high,filename_and_metadata_heuristics_v1,false,
codex_doc_000511,KINETIC_305_Blockchain - Academic - The Internet of Value - Unleashing the Blockchain’s Potential with Tokenization.pdf,KINETIC_305_Blockchain - Academic - The Internet of Value - Unleashing the Blockchain’s Potential with Tokenization.pdf,pdf,blockchain,,academic,unknown,education_research,blockchain,,tokenization,,,,kinetic_organization,high,filename_and_metadata_heuristics_v1,false,
codex_doc_000512,KINETIC_306_Blockchain_Academic Creating Value in Metaverse-Driven Global Value Chains - Blockchain Integration and the Evolution of International Business.pdf,KINETIC_306_Blockchain_Academic Creating Value in Metaverse-Driven Global Value Chains - Blockchain Integration and the Evolution of International Business.pdf,pdf,blockchain,global_digital_policy;government,academic,unknown,government_public_sector;education_research,blockchain,,,,,,kinetic_organization,high,filename_and_metadata_heuristics_v1,false,
codex_doc_000513,KINETIC_307_Blockchain_Academic - Tokenized Markets Using Blockchain Technology - Exploring Recent Developments and Opportunities.pdf,KINETIC_307_Blockchain_Academic - Tokenized Markets Using Blockchain Technology - Exploring Recent Developments and Opportunities.pdf,pdf,blockchain,,academic,unknown,technology_saas_platforms;education_research,blockchain,,tokenization,,,,kinetic_organization,high,filename_and_metadata_heuristics_v1,false,
codex_doc_000514,KINETIC_308_Blockchain_Adacemic- Blockchain_Technology_Adoption.pdf,KINETIC_308_Blockchain_Adacemic- Blockchain_Technology_Adoption.pdf,pdf,blockchain,,unknown,unknown,technology_saas_platforms,blockchain,,,,,,kinetic_organization,medium,filename_and_metadata_heuristics_v1,true,no_source_type_filename_match
codex_doc_000515,"KINETIC_309_AI - Academic - TECHNOLOGY, ORGANIZATIONAL, AND ENVIRONMENTAL FACTORS.pdf","KINETIC_309_AI - Academic - TECHNOLOGY, ORGANIZATIONAL, AND ENVIRONMENTAL FACTORS.pdf",pdf,operating_models,ai,academic,unknown,technology_saas_platforms;education_research,artificial_intelligence,organizational_design,,,,,kinetic_organization,high,filename_and_metadata_heuristics_v1,false,
codex_doc_000516,KINETIC_310_Blockchain - Academic - When_is_blockchain_worth_it_.pdf,KINETIC_310_Blockchain - Academic - When_is_blockchain_worth_it_.pdf,pdf,blockchain,,academic,unknown,education_research,blockchain,,,,,,kinetic_organization,high,filename_and_metadata_heuristics_v1,false,
codex_doc_000517,KINETIC_310_Blockchain_Academic - A Survey of Consortium Blockchain and Its Applications.pdf,KINETIC_310_Blockchain_Academic - A Survey of Consortium Blockchain and Its Applications.pdf,pdf,blockchain,,academic,unknown,education_research,blockchain,,,,,,kinetic_organization,high,filename_and_metadata_heuristics_v1,false,
codex_doc_000518,KINETIC_312_Adaptability-Academic- The nexus between dynamic capabilities and open innovation.pdf,KINETIC_312_Adaptability-Academic- The nexus between dynamic capabilities and open innovation.pdf,pdf,adaptability,dynamic_capabilities;innovation,academic,unknown,education_research,,adaptability;innovation,,,,dynamic_capabilities,kinetic_organization,high,filename_and_metadata_heuristics_v1,false,
codex_doc_000519,KINETIC_313_Innovation - Academic - Impact of organization structure on innovation.pdf,KINETIC_313_Innovation - Academic - Impact of organization structure on innovation.pdf,pdf,innovation,operating_models,academic,unknown,education_research,,innovation;organizational_design,,,,,kinetic_organization,high,filename_and_metadata_heuristics_v1,false,
codex_doc_000520,KINETIC_314_AI - Academic - Unlocking AI’s Radical Innovation Potential The Contingent.pdf,KINETIC_314_AI - Academic - Unlocking AI’s Radical Innovation Potential The Contingent.pdf,pdf,ai,innovation,academic,unknown,education_research,artificial_intelligence,innovation,,,,,kinetic_organization,high,filename_and_metadata_heuristics_v1,false,
codex_doc_000521,KINETIC_315_AI - Academic - Unveiling Organizational AI Adoption thru the lens of Diffusion of Adoption.pdf,KINETIC_315_AI - Academic - Unveiling Organizational AI Adoption thru the lens of Diffusion of Adoption.pdf,pdf,operating_models,ai,academic,unknown,education_research,artificial_intelligence,organizational_design,,,,,kinetic_organization,high,filename_and_metadata_heuristics_v1,false,
codex_doc_000522,KINETIC_316_Agility_Academic_Effect of Customer Centricity on Business Agility via Product Management.pdf,KINETIC_316_Agility_Academic_Effect of Customer Centricity on Business Agility via Product Management.pdf,pdf,customer_experience,,academic,unknown,education_research,,agility,,,,,kinetic_organization,high,filename_and_metadata_heuristics_v1,false,
codex_doc_000523,KINETIC_317_AI - Academic - AI Literacy for the top management - An upper echelons perspective.pdf,KINETIC_317_AI - Academic - AI Literacy for the top management - An upper echelons perspective.pdf,pdf,ai,,academic,unknown,education_research,artificial_intelligence,,,,,,kinetic_organization,high,filename_and_metadata_heuristics_v1,false,
codex_doc_000524,"KINETIC_318_AI - Academic - AI in business - adoption, acceptance and implementation.pdf","KINETIC_318_AI - Academic - AI in business - adoption, acceptance and implementation.pdf",pdf,ai,,academic,unknown,education_research,artificial_intelligence,,,,,,kinetic_organization,high,filename_and_metadata_heuristics_v1,false,
codex_doc_000525,Kinetic_319_AI - Academic -Stanford - HAI_ai_index_report_2025 400 pages.pdf,Kinetic_319_AI - Academic -Stanford - HAI_ai_index_report_2025 400 pages.pdf,pdf,ai,,academic,Stanford,education_research,artificial_intelligence;analytics,,,,,,kinetic_organization,high,filename_and_metadata_heuristics_v1,false,
codex_doc_000526,KINETIC_320_AI - Practioner - OPENAI The-state-of-enterprise-ai_2025-report.pdf,KINETIC_320_AI - Practioner - OPENAI The-state-of-enterprise-ai_2025-report.pdf,pdf,ai,,industry_report,OpenAI,,artificial_intelligence,,,,,,kinetic_organization,high,filename_and_metadata_heuristics_v1,false,
codex_doc_000527,KINETIC_321_Adaptability - Practioner - Mckinsey-technology-trends-outlook-2025.pdf,KINETIC_321_Adaptability - Practioner - Mckinsey-technology-trends-outlook-2025.pdf,pdf,adaptability,,consulting,McKinsey,technology_saas_platforms,,adaptability;future_readiness,,,,,kinetic_organization,high,filename_and_metadata_heuristics_v1,false,
codex_doc_000528,KINETIC_322_Adaptiablility - Academic - A study of Digital Disruption.pdf,KINETIC_322_Adaptiablility - Academic - A study of Digital Disruption.pdf,pdf,adaptability,,academic,unknown,education_research,,,,,,,kinetic_organization,high,filename_and_metadata_heuristics_v1,false,
codex_doc_000529,KINETIC_323_Adaptability-Practioner - Deloitte 2026 Tech Trends.pdf,KINETIC_323_Adaptability-Practioner - Deloitte 2026 Tech Trends.pdf,pdf,adaptability,,consulting,Deloitte,,,adaptability;future_readiness,,,,,kinetic_organization,high,filename_and_metadata_heuristics_v1,false,
codex_doc_000530,KINETIC_324_Digital Transformation-Academic - DIGITAL TRANSFORMATION A COMPARATIVE ANALYSIS OF SME DIGITAL MATURITY MODELS..pdf,KINETIC_324_Digital Transformation-Academic - DIGITAL TRANSFORMATION A COMPARATIVE ANALYSIS OF SME DIGITAL MATURITY MODELS..pdf,pdf,digital_transformation,,academic,unknown,education_research,,,,,,digital_maturity_model,kinetic_organization;mba_digital_strategy,high,filename_and_metadata_heuristics_v1,false,
codex_doc_000531,KINETIC_325_DIGITAL MATURITY - ACADEMIC-DIGITAL MATURITY MODEL ANALYSIS.pdf,KINETIC_325_DIGITAL MATURITY - ACADEMIC-DIGITAL MATURITY MODEL ANALYSIS.pdf,pdf,other,,academic,unknown,education_research,,,,,,digital_maturity_model,kinetic_organization,medium,filename_and_metadata_heuristics_v1,true,no_primary_domain_filename_match
codex_doc_000532,KINETIC_326_DIGITAL MATURITY-ACADEMIC-DIGITAL MATURITY AND MIDSIZE BUSINESS.pdf,KINETIC_326_DIGITAL MATURITY-ACADEMIC-DIGITAL MATURITY AND MIDSIZE BUSINESS.pdf,pdf,other,,academic,unknown,education_research,,,,,,digital_maturity_model,kinetic_organization,medium,filename_and_metadata_heuristics_v1,true,no_primary_domain_filename_match
codex_doc_000533,KINETIC_327_AGILE MARKETING - ACADEMIC-Leading digital transformation through an Agile Marketing.pdf,KINETIC_327_AGILE MARKETING - ACADEMIC-Leading digital transformation through an Agile Marketing.pdf,pdf,agile,digital_transformation,academic,unknown,advertising_media_marketing;education_research,,agility,,agile,,,kinetic_organization;mba_digital_strategy,high,filename_and_metadata_heuristics_v1,false,
codex_doc_000534,KINETIC_328_DIGITAL TRANSFORMATION-ACADEMIC-The impact of enterprise digital transformation on financial.pdf,KINETIC_328_DIGITAL TRANSFORMATION-ACADEMIC-The impact of enterprise digital transformation on financial.pdf,pdf,digital_transformation,,academic,unknown,banking_finance_insurance;education_research,,,,,,,kinetic_organization;mba_digital_strategy,high,filename_and_metadata_heuristics_v1,false,
codex_doc_000535,KINETIC_329_DIGITAL TRANSFORMATION - ACADEMIC - Advancing digital transformation in the mining industry.pdf,KINETIC_329_DIGITAL TRANSFORMATION - ACADEMIC - Advancing digital transformation in the mining industry.pdf,pdf,digital_transformation,,academic,unknown,education_research,,,,,,,kinetic_organization;mba_digital_strategy,high,filename_and_metadata_heuristics_v1,false,
codex_doc_000536,KINETIC_330_DIGITAL TRANSFORMATION - ACADEMIC - Digital Value Creation in German SMEs--A Return-on-Investment Analysis.pdf,KINETIC_330_DIGITAL TRANSFORMATION - ACADEMIC - Digital Value Creation in German SMEs--A Return-on-Investment Analysis.pdf,pdf,digital_transformation,,academic,unknown,education_research,,,,,,,kinetic_organization;mba_digital_strategy,high,filename_and_metadata_heuristics_v1,false,
codex_doc_000537,KINETIC_332_DIGITAL TRANSFORMATION-ACADEMIC-DIGITAL TRANSFORMATION OF SUPPLY CHAINS AND COMPANY'S PERFORMANCE.pdf,KINETIC_332_DIGITAL TRANSFORMATION-ACADEMIC-DIGITAL TRANSFORMATION OF SUPPLY CHAINS AND COMPANY'S PERFORMANCE.pdf,pdf,digital_transformation,,academic,unknown,education_research,,,,,,,kinetic_organization;mba_digital_strategy,high,filename_and_metadata_heuristics_v1,false,
codex_doc_000538,KINETIC_334_DIGITAL TRANSFORMATION - ACADEMIC - Can digital transformation expand the boundaries of the earnings.pdf,KINETIC_334_DIGITAL TRANSFORMATION - ACADEMIC - Can digital transformation expand the boundaries of the earnings.pdf,pdf,digital_transformation,,academic,unknown,education_research,,,,,,,kinetic_organization;mba_digital_strategy,high,filename_and_metadata_heuristics_v1,false,
codex_doc_000539,KINETIC_335_VELOCITY-ACADEMIC-Fast or slow A meta-analysis on the performance.pdf,KINETIC_335_VELOCITY-ACADEMIC-Fast or slow A meta-analysis on the performance.pdf,pdf,velocity,,academic,unknown,education_research,,velocity,,,,,kinetic_organization;overclocked,high,filename_and_metadata_heuristics_v1,false,
codex_doc_000540,KINETIC_336_VELOCITY- ACADEMIC-The impact of knowledge transfer velocity.pdf,KINETIC_336_VELOCITY- ACADEMIC-The impact of knowledge transfer velocity.pdf,pdf,velocity,,academic,unknown,education_research,,velocity;learning,,,,,kinetic_organization;overclocked,high,filename_and_metadata_heuristics_v1,false,
codex_doc_000541,KINETIC_337_AI - ACADEMIC - Artificial intelligence marketing usage and firm performance.pdf,KINETIC_337_AI - ACADEMIC - Artificial intelligence marketing usage and firm performance.pdf,pdf,ai,,academic,unknown,advertising_media_marketing;education_research,artificial_intelligence,,,,,,kinetic_organization,high,filename_and_metadata_heuristics_v1,false,
codex_doc_000542,KINETIC_338_BLOCKCHAIN - ACADEMIC - Investigating the key challenges and success factors for blockchain.pdf,KINETIC_338_BLOCKCHAIN - ACADEMIC - Investigating the key challenges and success factors for blockchain.pdf,pdf,blockchain,,academic,unknown,education_research,blockchain,,,,,,kinetic_organization,high,filename_and_metadata_heuristics_v1,false,
codex_doc_000543,KINETIC_339_AI - ACADEMIC - AI AND PRODUCTION RESILIANCE.pdf,KINETIC_339_AI - ACADEMIC - AI AND PRODUCTION RESILIANCE.pdf,pdf,ai,,academic,unknown,education_research,artificial_intelligence,resilience,,,,,kinetic_organization,high,filename_and_metadata_heuristics_v1,false,
codex_doc_000544,KINETIC_340_INNOVATION - ACADEMIC - Open innovation a growth and dynamic signals.pdf,KINETIC_340_INNOVATION - ACADEMIC - Open innovation a growth and dynamic signals.pdf,pdf,innovation,,academic,unknown,education_research,,innovation,,,,,kinetic_organization,high,filename_and_metadata_heuristics_v1,false,
codex_doc_000545,KINETIC_342_AI - ACADEMIC - AI AND GEOGRAPHIC EXPOSURE.pdf,KINETIC_342_AI - ACADEMIC - AI AND GEOGRAPHIC EXPOSURE.pdf,pdf,ai,,academic,unknown,education_research,artificial_intelligence,,,,,,kinetic_organization,high,filename_and_metadata_heuristics_v1,false,
codex_doc_000546,KINETIC_343_AI - ACADEMIC - AI AND NEW VENTURE PERFORMANCE.pdf,KINETIC_343_AI - ACADEMIC - AI AND NEW VENTURE PERFORMANCE.pdf,pdf,ai,,academic,unknown,education_research,artificial_intelligence,,,,,,kinetic_organization,high,filename_and_metadata_heuristics_v1,false,
codex_doc_000547,KINETIC_344_AI - ACADEMIC - THE EFFECT OF AI INDUCED OUTCOME FAVORABILITY.pdf,KINETIC_344_AI - ACADEMIC - THE EFFECT OF AI INDUCED OUTCOME FAVORABILITY.pdf,pdf,ai,,academic,unknown,education_research,artificial_intelligence,,,,,,kinetic_organization,high,filename_and_metadata_heuristics_v1,false,
codex_doc_000548,KINETIC_345_DIGITAL TRANSFORMATION - ACADEMIC - DIGITAL TRANSFORMATION IN SMEs.pdf,KINETIC_345_DIGITAL TRANSFORMATION - ACADEMIC - DIGITAL TRANSFORMATION IN SMEs.pdf,pdf,digital_transformation,,academic,unknown,education_research,,,,,,,kinetic_organization;mba_digital_strategy,high,filename_and_metadata_heuristics_v1,false,
codex_doc_000549,"KINETIC_346_ADAPTABILITY - ACADEMIC - Building Organizational Resilience by developing Customers Orientation, Digital Adoption and Organizational Agility.pdf","KINETIC_346_ADAPTABILITY - ACADEMIC - Building Organizational Resilience by developing Customers Orientation, Digital Adoption and Organizational Agility.pdf",pdf,operating_models,adaptability;customer_experience,academic,unknown,education_research,,adaptability;resilience;agility;organizational_design,,,,,kinetic_organization,high,filename_and_metadata_heuristics_v1,false,
codex_doc_000550,KINETIC_347_ADAPTABILTY - ACADEMIC - PERFORMANCE IMPLICATIONS OF DIGITAL DISRUPTION.pdf,KINETIC_347_ADAPTABILTY - ACADEMIC - PERFORMANCE IMPLICATIONS OF DIGITAL DISRUPTION.pdf,pdf,adaptability,,academic,unknown,education_research,,,,,,,kinetic_organization,high,filename_and_metadata_heuristics_v1,false,
codex_doc_000551,KINETIC_348_DISRUPTION - ACADEMIC - A CONFIGURATIONAL THEORY ON DIGITAL DISRUPTION.pdf,KINETIC_348_DISRUPTION - ACADEMIC - A CONFIGURATIONAL THEORY ON DIGITAL DISRUPTION.pdf,pdf,adaptability,,academic,unknown,education_research,,,,,,,kinetic_organization,high,filename_and_metadata_heuristics_v1,false,
codex_doc_000552,KINETIC_349_ADAPTABILITY-ACADEMIC-Digital evolution in hospitality.pdf,KINETIC_349_ADAPTABILITY-ACADEMIC-Digital evolution in hospitality.pdf,pdf,adaptability,,academic,unknown,wine_hospitality;education_research,,adaptability,,,,,kinetic_organization,high,filename_and_metadata_heuristics_v1,false,
codex_doc_000553,2026 Trend Articles.docx,Kinetic_Economy_book_Research_OS\source_messy\Drafts\2026 Trend Articles.docx,docx,other,,academic,unknown,education_research,,,,,,,kinetic_organization,medium,filename_and_metadata_heuristics_v1,true,no_primary_domain_filename_match
codex_doc_000554,Composable - Building-composable-enterprise-ebook.pdf,Kinetic_Economy_book_Research_OS\source_messy\Drafts\Composable - Building-composable-enterprise-ebook.pdf,pdf,other,,academic,unknown,education_research,,composability,,,,,kinetic_organization,medium,filename_and_metadata_heuristics_v1,true,no_primary_domain_filename_match
codex_doc_000555,EDITORIAL MEMO.docx,Kinetic_Economy_book_Research_OS\source_messy\Drafts\EDITORIAL MEMO.docx,docx,other,,academic,unknown,education_research,,,,,,,kinetic_organization,medium,filename_and_metadata_heuristics_v1,true,no_primary_domain_filename_match
codex_doc_000556,Government as a Service - 4 part series.docx,Kinetic_Economy_book_Research_OS\source_messy\Drafts\Government as a Service - 4 part series.docx,docx,government,,academic,unknown,government_public_sector;education_research,,,,,customer_service,,kinetic_organization;government_as_a_service,high,filename_and_metadata_heuristics_v1,false,
codex_doc_000557,Kinetetic - Part_I_Kinetic_Economy_Thesis.docx,Kinetic_Economy_book_Research_OS\source_messy\Drafts\Kinetetic - Part_I_Kinetic_Economy_Thesis.docx,docx,other,,academic,unknown,education_research,,,,,,,kinetic_organization,medium,filename_and_metadata_heuristics_v1,true,no_primary_domain_filename_match
codex_doc_000558,Kinetic - Blockchain use case support - Copy.docx,Kinetic_Economy_book_Research_OS\source_messy\Drafts\Kinetic - Blockchain use case support - Copy.docx,docx,blockchain,,academic,unknown,education_research,blockchain,,,,,,kinetic_organization,high,filename_and_metadata_heuristics_v1,true,duplicate_or_copy_indicator
codex_doc_000559,Kinetic - Blockchain use case support.docx,Kinetic_Economy_book_Research_OS\source_messy\Drafts\Kinetic - Blockchain use case support.docx,docx,blockchain,,academic,unknown,education_research,blockchain,,,,,,kinetic_organization,high,filename_and_metadata_heuristics_v1,false,
codex_doc_000560,Kinetic - ebook.docx,Kinetic_Economy_book_Research_OS\source_messy\Drafts\Kinetic - ebook.docx,docx,other,,academic,unknown,education_research,,,,,,,kinetic_organization,medium,filename_and_metadata_heuristics_v1,true,no_primary_domain_filename_match
codex_doc_000561,Kinetic - Quantum Integration - Strategy Framework eval - Funding.docx,Kinetic_Economy_book_Research_OS\source_messy\Drafts\Kinetic - Quantum Integration - Strategy Framework eval - Funding.docx,docx,quantum,,academic,unknown,education_research,quantum,,,,,,kinetic_organization;writing,high,filename_and_metadata_heuristics_v1,false,
codex_doc_000562,Kinetic .4.docx,Kinetic_Economy_book_Research_OS\source_messy\Drafts\Kinetic .4.docx,docx,other,,academic,unknown,education_research,,,,,,,kinetic_organization,medium,filename_and_metadata_heuristics_v1,true,no_primary_domain_filename_match
codex_doc_000563,Kinetic Economy - Draft Proposal - Copy.docx,Kinetic_Economy_book_Research_OS\source_messy\Drafts\Kinetic Economy - Draft Proposal - Copy.docx,docx,other,,academic,unknown,education_research,,,,,,,kinetic_organization,medium,filename_and_metadata_heuristics_v1,true,duplicate_or_copy_indicator;no_primary_domain_filename_match
codex_doc_000564,Kinetic Economy - Draft Proposal.docx,Kinetic_Economy_book_Research_OS\source_messy\Drafts\Kinetic Economy - Draft Proposal.docx,docx,other,,academic,unknown,education_research,,,,,,,kinetic_organization,medium,filename_and_metadata_heuristics_v1,true,no_primary_domain_filename_match
codex_doc_000565,Kinetic Economy - The Year of Composability.docx,Kinetic_Economy_book_Research_OS\source_messy\Drafts\Kinetic Economy - The Year of Composability.docx,docx,other,,academic,unknown,education_research,,composability,,,,,kinetic_organization,medium,filename_and_metadata_heuristics_v1,true,no_primary_domain_filename_match
codex_doc_000566,Kinetic Economy.docx,Kinetic_Economy_book_Research_OS\source_messy\Drafts\Kinetic Economy.docx,docx,other,,academic,unknown,education_research,,,,,,,kinetic_organization,medium,filename_and_metadata_heuristics_v1,true,no_primary_domain_filename_match
codex_doc_000567,Kinetic Organization - Draft.docx,Kinetic_Economy_book_Research_OS\source_messy\Drafts\Kinetic Organization - Draft.docx,docx,operating_models,,academic,unknown,education_research,,organizational_design,,,,,kinetic_organization,high,filename_and_metadata_heuristics_v1,false,
codex_doc_000568,Kinetic Organization .1.docx,Kinetic_Economy_book_Research_OS\source_messy\Drafts\Kinetic Organization .1.docx,docx,operating_models,,academic,unknown,education_research,,organizational_design,,,,,kinetic_organization,high,filename_and_metadata_heuristics_v1,false,
codex_doc_000569,Kinetic_Economy_Research_Paper - Long Form - Copy (3).docx,Kinetic_Economy_book_Research_OS\source_messy\Drafts\Kinetic_Economy_Research_Paper - Long Form - Copy (3).docx,docx,other,,academic,unknown,education_research,,,,,,,kinetic_organization,medium,filename_and_metadata_heuristics_v1,true,duplicate_or_copy_indicator;no_primary_domain_filename_match
codex_doc_000570,Kinetic_Economy_Research_Paper - Long Form - Copy.docx,Kinetic_Economy_book_Research_OS\source_messy\Drafts\Kinetic_Economy_Research_Paper - Long Form - Copy.docx,docx,other,,academic,unknown,education_research,,,,,,,kinetic_organization,medium,filename_and_metadata_heuristics_v1,true,duplicate_or_copy_indicator;no_primary_domain_filename_match
codex_doc_000571,Kinetic_Economy_Research_Paper - Long Form.docx,Kinetic_Economy_book_Research_OS\source_messy\Drafts\Kinetic_Economy_Research_Paper - Long Form.docx,docx,other,,academic,unknown,education_research,,,,,,,kinetic_organization,medium,filename_and_metadata_heuristics_v1,true,no_primary_domain_filename_match
codex_doc_000572,Overclocked - Kinetic Matrix.docx,Kinetic_Economy_book_Research_OS\source_messy\Drafts\Overclocked - Kinetic Matrix.docx,docx,other,,academic,unknown,education_research,,,,,,,kinetic_organization;overclocked,medium,filename_and_metadata_heuristics_v1,true,no_primary_domain_filename_match
codex_doc_000573,Overclocked - Recurring Themes for Diagnostic.docx,Kinetic_Economy_book_Research_OS\source_messy\Drafts\Overclocked - Recurring Themes for Diagnostic.docx,docx,other,,academic,unknown,education_research,,,,,,,kinetic_organization;overclocked,medium,filename_and_metadata_heuristics_v1,true,no_primary_domain_filename_match
codex_doc_000574,kinetic_country_policy_assessment.xlsx,Kinetic_Economy_book_Research_OS\source_messy\Excel_Outputs\kinetic_country_policy_assessment.xlsx,xlsx,other,,academic,unknown,education_research,,,,,,,kinetic_organization,medium,filename_and_metadata_heuristics_v1,true,no_primary_domain_filename_match
codex_doc_000575,Kinetic_Economy_Research_Paper - Long Form.docx,Kinetic_Economy_Research_Paper - Long Form.docx,docx,other,,academic,unknown,education_research,,,,,,,kinetic_organization,medium,filename_and_metadata_heuristics_v1,true,no_primary_domain_filename_match
codex_doc_000576,KPMG - global-ai-pulse.pdf.coredownload.inline.pdf,KPMG - global-ai-pulse.pdf.coredownload.inline.pdf,pdf,ai,global_digital_policy,consulting,KPMG,,artificial_intelligence,,,,,,,high,filename_and_metadata_heuristics_v1,false,
codex_doc_000577,Leadership The Adaptive Framework.April 8 2020.pdf,Leadership The Adaptive Framework.April 8 2020.pdf,pdf,adaptability,,unknown,unknown,,,adaptability,,,,,kinetic_organization;writing,medium,filename_and_metadata_heuristics_v1,true,no_source_type_filename_match
codex_doc_000578,"Less trust, more truth -  Implications and design choices for business models.pdf","Less trust, more truth -  Implications and design choices for business models.pdf",pdf,business_models,,unknown,unknown,,,trust,,,,business_model_canvas,mba_digital_strategy,medium,filename_and_metadata_heuristics_v1,true,no_source_type_filename_match
codex_doc_000579,Locked into collaboration models that hold back synergy.pdf,Locked into collaboration models that hold back synergy.pdf,pdf,other,,unknown,unknown,,,,,,,,,low,filename_and_metadata_heuristics_v1,true,no_primary_domain_filename_match;no_source_type_filename_match
codex_doc_000580,Made-in-China-Backgrounder.pdf,Made-in-China-Backgrounder.pdf,pdf,other,,unknown,unknown,,,,,,,,,low,filename_and_metadata_heuristics_v1,true,no_primary_domain_filename_match;no_source_type_filename_match
codex_doc_000581,Mapping the relationship between Dynamic Capabilities and Digital Transformation.pdf,Mapping the relationship between Dynamic Capabilities and Digital Transformation.pdf,pdf,digital_transformation,dynamic_capabilities,unknown,unknown,,,,,,,dynamic_capabilities,kinetic_organization;mba_digital_strategy,medium,filename_and_metadata_heuristics_v1,true,no_source_type_filename_match
codex_doc_000582,Marketing Maturity - a-new-model-for-maximizing-value-for-martech.pdf,Marketing Maturity - a-new-model-for-maximizing-value-for-martech.pdf,pdf,marketing_maturity,,unknown,unknown,advertising_media_marketing,,,,,,,,low,filename_and_metadata_heuristics_v1,true,no_source_type_filename_match
codex_doc_000583,Marketing Maturity - Academic - 2017.pdf,Marketing Maturity - Academic - 2017.pdf,pdf,marketing_maturity,,academic,unknown,advertising_media_marketing;education_research,,,,,,,,high,filename_and_metadata_heuristics_v1,false,
codex_doc_000584,Marketing Maturity - Academic - 5 Stages.pdf,Marketing Maturity - Academic - 5 Stages.pdf,pdf,marketing_maturity,,academic,unknown,advertising_media_marketing;education_research,,,,,,,,high,filename_and_metadata_heuristics_v1,false,
codex_doc_000585,Marketing Maturity - Academic - Agile 2.pdf,Marketing Maturity - Academic - Agile 2.pdf,pdf,agile,marketing_maturity,academic,unknown,advertising_media_marketing;education_research,,agility,,agile,,,,high,filename_and_metadata_heuristics_v1,false,
codex_doc_000586,Marketing Maturity - Academic - Agile.pdf,Marketing Maturity - Academic - Agile.pdf,pdf,agile,marketing_maturity,academic,unknown,advertising_media_marketing;education_research,,agility,,agile,,,,high,filename_and_metadata_heuristics_v1,false,
codex_doc_000587,Marketing Maturity - Academic - B2B-Sales Developing a digital maturity model for the sales processes of industrial projects.pdf,Marketing Maturity - Academic - B2B-Sales Developing a digital maturity model for the sales processes of industrial projects.pdf,pdf,marketing_maturity,,academic,unknown,advertising_media_marketing;manufacturing_industrial;education_research,,,,,,digital_maturity_model,,high,filename_and_metadata_heuristics_v1,false,
codex_doc_000588,Marketing Maturity - Agile - Fardapaper-An-agile-marketing-capability-maturity-framework.pdf,Marketing Maturity - Agile - Fardapaper-An-agile-marketing-capability-maturity-framework.pdf,pdf,agile,marketing_maturity,academic,unknown,advertising_media_marketing,,agility,,agile,,,writing,high,filename_and_metadata_heuristics_v1,false,
codex_doc_000589,Marketing Maturity - Agile Marketing and Digital Transformation.pdf,Marketing Maturity - Agile Marketing and Digital Transformation.pdf,pdf,agile,digital_transformation;marketing_maturity,unknown,unknown,advertising_media_marketing,,agility,,agile,,,mba_digital_strategy,medium,filename_and_metadata_heuristics_v1,true,no_source_type_filename_match
codex_doc_000590,Marketing Maturity - agile-marketing-depth-assessment1-1.pdf,Marketing Maturity - agile-marketing-depth-assessment1-1.pdf,pdf,agile,marketing_maturity,unknown,unknown,advertising_media_marketing,,agility,,agile,,,,medium,filename_and_metadata_heuristics_v1,true,no_source_type_filename_match
codex_doc_000591,Marketing Maturity - Agile.pdf,Marketing Maturity - Agile.pdf,pdf,agile,marketing_maturity,unknown,unknown,advertising_media_marketing,,agility,,agile,,,,medium,filename_and_metadata_heuristics_v1,true,no_source_type_filename_match
codex_doc_000592,Marketing Maturity - Altimeter-The-5-Stages-of-Digital-Content-Maturity.pdf,Marketing Maturity - Altimeter-The-5-Stages-of-Digital-Content-Maturity.pdf,pdf,marketing_maturity,,unknown,unknown,advertising_media_marketing,,,,,content,,,low,filename_and_metadata_heuristics_v1,true,no_source_type_filename_match
codex_doc_000593,Marketing Maturity - Bain - Modern Marketing.pdf,Marketing Maturity - Bain - Modern Marketing.pdf,pdf,marketing_maturity,,consulting,Bain,advertising_media_marketing,,,,,,,,high,filename_and_metadata_heuristics_v1,false,
codex_doc_000594,Marketing Maturity - BCG - Banking - Creating-a-Competitive-Advantage-Through-Marketing-Maturity-in-Banking.pdf,Marketing Maturity - BCG - Banking - Creating-a-Competitive-Advantage-Through-Marketing-Maturity-in-Banking.pdf,pdf,marketing_maturity,,consulting,BCG,advertising_media_marketing;banking_finance_insurance,,,,,,,,high,filename_and_metadata_heuristics_v1,false,
codex_doc_000595,Marketing Maturity - BCG - bcg-accelerating-ai-driven-marketing-maturity.pdf,Marketing Maturity - BCG - bcg-accelerating-ai-driven-marketing-maturity.pdf,pdf,ai,marketing_maturity,consulting,BCG,advertising_media_marketing,artificial_intelligence,,,,,,,high,filename_and_metadata_heuristics_v1,false,
codex_doc_000596,Marketing Maturity - bcg-dividends-digital-marketing-maturity-feb-2019.pdf,Marketing Maturity - bcg-dividends-digital-marketing-maturity-feb-2019.pdf,pdf,marketing_maturity,,consulting,BCG,advertising_media_marketing,,,,,,,web_strategy_course,high,filename_and_metadata_heuristics_v1,false,
codex_doc_000597,Marketing Maturity - BCG-Mastering-Digital-Marketing-Maturity-Feb-2018.pdf,Marketing Maturity - BCG-Mastering-Digital-Marketing-Maturity-Feb-2018.pdf,pdf,marketing_maturity,,consulting,BCG,advertising_media_marketing,,,,,,,web_strategy_course,high,filename_and_metadata_heuristics_v1,false,
codex_doc_000598,Marketing Maturity - bcg-the-fast-track-to-digital-marketing-maturity-aug-2021-r.pdf,Marketing Maturity - bcg-the-fast-track-to-digital-marketing-maturity-aug-2021-r.pdf,pdf,marketing_maturity,velocity,consulting,BCG,advertising_media_marketing,,,,,,,web_strategy_course,high,filename_and_metadata_heuristics_v1,false,
codex_doc_000599,Marketing Maturity - Customer-Experience-Maturity-for-Financial-Institutions.pdf,Marketing Maturity - Customer-Experience-Maturity-for-Financial-Institutions.pdf,pdf,customer_experience,marketing_maturity,unknown,unknown,advertising_media_marketing;banking_finance_insurance,,,,,,,,low,filename_and_metadata_heuristics_v1,true,no_source_type_filename_match
codex_doc_000600,Marketing Maturity - CX 3.pdf,Marketing Maturity - CX 3.pdf,pdf,customer_experience,marketing_maturity,unknown,unknown,advertising_media_marketing,,,,,,,,low,filename_and_metadata_heuristics_v1,true,no_source_type_filename_match
codex_doc_000601,Marketing Maturity - CX 4.pdf,Marketing Maturity - CX 4.pdf,pdf,customer_experience,marketing_maturity,unknown,unknown,advertising_media_marketing,,,,,,,,low,filename_and_metadata_heuristics_v1,true,no_source_type_filename_match
codex_doc_000602,Marketing Maturity - CX.pdf,Marketing Maturity - CX.pdf,pdf,customer_experience,marketing_maturity,unknown,unknown,advertising_media_marketing,,,,,,,,low,filename_and_metadata_heuristics_v1,true,no_source_type_filename_match
codex_doc_000603,Marketing Maturity - DCG-IP-Customer-Engagement-Maturity-May-2013.pdf,Marketing Maturity - DCG-IP-Customer-Engagement-Maturity-May-2013.pdf,pdf,customer_experience,marketing_maturity,unknown,unknown,advertising_media_marketing,,,,,,,,low,filename_and_metadata_heuristics_v1,true,no_source_type_filename_match
codex_doc_000604,Marketing Maturity - Design maturity models used in design organization.pdf,Marketing Maturity - Design maturity models used in design organization.pdf,pdf,marketing_maturity,operating_models,unknown,unknown,advertising_media_marketing,,organizational_design,,,,digital_maturity_model,,medium,filename_and_metadata_heuristics_v1,true,no_source_type_filename_match
codex_doc_000605,Marketing Maturity - Google - MIT.pdf,Marketing Maturity - Google - MIT.pdf,pdf,marketing_maturity,,unknown,Google,advertising_media_marketing,,,,,,,,high,filename_and_metadata_heuristics_v1,true,no_source_type_filename_match
codex_doc_000606,Marketing Maturity - IAB - DataMaturityModel-042016.pdf,Marketing Maturity - IAB - DataMaturityModel-042016.pdf,pdf,marketing_maturity,,unknown,unknown,advertising_media_marketing,,,,,,,,low,filename_and_metadata_heuristics_v1,true,no_source_type_filename_match
codex_doc_000607,Marketing Maturity - IBM - B2B.pdf,Marketing Maturity - IBM - B2B.pdf,pdf,marketing_maturity,,unknown,IBM,advertising_media_marketing,,,,,,,,high,filename_and_metadata_heuristics_v1,true,no_source_type_filename_match
codex_doc_000608,Marketing Maturity - marketing-analytics-maturity-model.pdf,Marketing Maturity - marketing-analytics-maturity-model.pdf,pdf,marketing_maturity,,unknown,unknown,advertising_media_marketing,analytics,,,,,digital_maturity_model,,medium,filename_and_metadata_heuristics_v1,true,no_source_type_filename_match
codex_doc_000609,Marketing Maturity - MARTECH - mma_martech_playbook_0.pdf,Marketing Maturity - MARTECH - mma_martech_playbook_0.pdf,pdf,marketing_maturity,,practitioner,unknown,advertising_media_marketing,,,,,,,writing,high,filename_and_metadata_heuristics_v1,false,
codex_doc_000610,Marketing Maturity - McKinesy - modern-marketing-what-it-is-what-it-isnt.pdf,Marketing Maturity - McKinesy - modern-marketing-what-it-is-what-it-isnt.pdf,pdf,marketing_maturity,,unknown,unknown,advertising_media_marketing,,,,,,,,low,filename_and_metadata_heuristics_v1,true,no_source_type_filename_match
codex_doc_000611,Marketing Maturity - McKinsey - agents-for-growth-turning-ai-promise-into-impact.pdf,Marketing Maturity - McKinsey - agents-for-growth-turning-ai-promise-into-impact.pdf,pdf,ai,marketing_maturity,consulting,McKinsey,advertising_media_marketing,artificial_intelligence;agentic_ai,,,,,,,high,filename_and_metadata_heuristics_v1,false,
codex_doc_000612,Marketing Maturity - Modern-Marketing-Model.pdf,Marketing Maturity - Modern-Marketing-Model.pdf,pdf,marketing_maturity,,unknown,unknown,advertising_media_marketing,,,,,,,,low,filename_and_metadata_heuristics_v1,true,no_source_type_filename_match
codex_doc_000613,Marketing Maturity - Omni channel 3.pdf,Marketing Maturity - Omni channel 3.pdf,pdf,marketing_maturity,,unknown,unknown,advertising_media_marketing,,,,,omnichannel,,,low,filename_and_metadata_heuristics_v1,true,no_source_type_filename_match
codex_doc_000614,Marketing Maturity - Omni Channel.pdf,Marketing Maturity - Omni Channel.pdf,pdf,marketing_maturity,,unknown,unknown,advertising_media_marketing,,,,,omnichannel,,,low,filename_and_metadata_heuristics_v1,true,no_source_type_filename_match
codex_doc_000615,Marketing Maturity - Omni-channel 2.pdf,Marketing Maturity - Omni-channel 2.pdf,pdf,marketing_maturity,,unknown,unknown,advertising_media_marketing,,,,,omnichannel,,,low,filename_and_metadata_heuristics_v1,true,no_source_type_filename_match
codex_doc_000616,Marketing Maturity - The Modern-Marketing-Model.pdf,Marketing Maturity - The Modern-Marketing-Model.pdf,pdf,marketing_maturity,,unknown,unknown,advertising_media_marketing,,,,,,,,low,filename_and_metadata_heuristics_v1,true,no_source_type_filename_match
codex_doc_000617,Marketplaces - Statistica.pdf,Marketplaces - Statistica.pdf,pdf,platforms_marketplaces,,unknown,unknown,,,,marketplace,,,marketplace_design,,low,filename_and_metadata_heuristics_v1,true,no_source_type_filename_match
codex_doc_000618,mayo-et-al-2024-coordination-in-dynamic-teams-investigating-a-learning-productivity-trade-off.pdf,mayo-et-al-2024-coordination-in-dynamic-teams-investigating-a-learning-productivity-trade-off.pdf,pdf,other,,unknown,unknown,,,learning,,coordination,,,,low,filename_and_metadata_heuristics_v1,true,no_primary_domain_filename_match;no_source_type_filename_match
codex_doc_000619,McKinesey and AI - which-tech-trends-are-rising-to-the-top-of-the-business-agenda_vf.pdf,McKinesey and AI - which-tech-trends-are-rising-to-the-top-of-the-business-agenda_vf.pdf,pdf,ai,,industry_report,unknown,,artificial_intelligence,future_readiness,,,,,,high,filename_and_metadata_heuristics_v1,false,
codex_doc_000620,McKinsey - ai-is-everywhere-the-agentic-organization-isnt-yet_final.pdf,McKinsey - ai-is-everywhere-the-agentic-organization-isnt-yet_final.pdf,pdf,ai,operating_models,consulting,McKinsey,,artificial_intelligence;agentic_ai,organizational_design,,ai_native,ai_agent,,,high,filename_and_metadata_heuristics_v1,false,
codex_doc_000621,McKinsey - An-operating-model-for-the-next-normal-Lessons-from-agile-organizations-in-the-crisis.pdf,McKinsey - An-operating-model-for-the-next-normal-Lessons-from-agile-organizations-in-the-crisis.pdf,pdf,operating_models,agile,consulting,McKinsey,,,agility;organizational_design,,agile,,,,high,filename_and_metadata_heuristics_v1,false,
codex_doc_000622,McKinsey - for-industrials-the-next-decade-belongs-to-builders.pdf,McKinsey - for-industrials-the-next-decade-belongs-to-builders.pdf,pdf,other,,consulting,McKinsey,manufacturing_industrial,,,,,,,,medium,filename_and_metadata_heuristics_v1,true,no_primary_domain_filename_match
codex_doc_000623,McKinsey - how-to-build-businesses-faster-and-better-with-ai_final.pdf,McKinsey - how-to-build-businesses-faster-and-better-with-ai_final.pdf,pdf,ai,velocity,consulting,McKinsey,,artificial_intelligence,,,,,,,high,filename_and_metadata_heuristics_v1,false,
codex_doc_000624,McKinsey - leveraging-industrial-iot-and-advanced-technologies-for-digital-transformation.pdf,McKinsey - leveraging-industrial-iot-and-advanced-technologies-for-digital-transformation.pdf,pdf,digital_transformation,technology_infrastructure,consulting,McKinsey,manufacturing_industrial,iot,,,,,,mba_digital_strategy,high,filename_and_metadata_heuristics_v1,false,
codex_doc_000625,McKinsey - the-agentic-organization-contours-of-the-next-paradigm-for-the-ai-era.pdf,McKinsey - the-agentic-organization-contours-of-the-next-paradigm-for-the-ai-era.pdf,pdf,ai,operating_models,consulting,McKinsey,,artificial_intelligence;agentic_ai,organizational_design,,ai_native,ai_agent,,,high,filename_and_metadata_heuristics_v1,false,
codex_doc_000626,McKinsey - the-seven-operating-truths-of-ai-native-companies.pdf,McKinsey - the-seven-operating-truths-of-ai-native-companies.pdf,pdf,ai,,consulting,McKinsey,,artificial_intelligence,,,ai_native,,,,high,filename_and_metadata_heuristics_v1,false,
codex_doc_000627,McKinsey - the-state-of-organizations-2023.pdf,McKinsey - the-state-of-organizations-2023.pdf,pdf,operating_models,,consulting,McKinsey,,,organizational_design,,,,,,high,filename_and_metadata_heuristics_v1,false,
codex_doc_000628,McKinsey - the-way-to-win-in-corporate-venturing-serial-building-and-ai.pdf,McKinsey - the-way-to-win-in-corporate-venturing-serial-building-and-ai.pdf,pdf,ai,,consulting,McKinsey,,artificial_intelligence,,,,,,,high,filename_and_metadata_heuristics_v1,false,
codex_doc_000629,McKinsey - untangling-your-organizations-decision-making.pdf,McKinsey - untangling-your-organizations-decision-making.pdf,pdf,operating_models,,consulting,McKinsey,,,decision_making;organizational_design,,,,,,high,filename_and_metadata_heuristics_v1,false,
codex_doc_000630,McKinsey’s Three Horizons Model Defined Innovation for Years. Here’s Why It No Longer Applies_.pdf,McKinsey’s Three Horizons Model Defined Innovation for Years. Here’s Why It No Longer Applies_.pdf,pdf,innovation,,consulting,McKinsey,,,innovation,,,,,,high,filename_and_metadata_heuristics_v1,false,
codex_doc_000631,merits-05-00002-with-cover.pdf,merits-05-00002-with-cover.pdf,pdf,other,,unknown,unknown,,,,,,,,,low,filename_and_metadata_heuristics_v1,true,no_primary_domain_filename_match;no_source_type_filename_match
codex_doc_000632,Mexico - Digitalization.pdf,Mexico - Digitalization.pdf,pdf,digital_transformation,,unknown,unknown,,,,,,,,,low,filename_and_metadata_heuristics_v1,true,no_source_type_filename_match
codex_doc_000633,Mexico - Mexico City Smart City.pdf,Mexico - Mexico City Smart City.pdf,pdf,other,,unknown,unknown,smart_cities,,,,,,,,low,filename_and_metadata_heuristics_v1,true,no_primary_domain_filename_match;no_source_type_filename_match
codex_doc_000634,Mexico - Tax_Digitalization_in_Mexico_Success_Factors_and_Pathways_Forward.pdf,Mexico - Tax_Digitalization_in_Mexico_Success_Factors_and_Pathways_Forward.pdf,pdf,digital_transformation,,unknown,unknown,,,,,,,,,low,filename_and_metadata_heuristics_v1,true,no_source_type_filename_match
codex_doc_000635,Mexico - unlocking-the-benefits-of-digital-payments-insights-from-mexico.pdf,Mexico - unlocking-the-benefits-of-digital-payments-insights-from-mexico.pdf,pdf,other,,unknown,unknown,banking_finance_insurance,payments,,,,,,,low,filename_and_metadata_heuristics_v1,true,no_primary_domain_filename_match;no_source_type_filename_match
codex_doc_000636,Microsoft - AI-Diffusion-Report-2026-Q1.pdf,Microsoft - AI-Diffusion-Report-2026-Q1.pdf,pdf,ai,,industry_report,Microsoft,,artificial_intelligence,,,,,,,high,filename_and_metadata_heuristics_v1,false,
codex_doc_000637,Microwave-Driven_Plasma_Gasification_for_Biomass_Waste_Treatment_at_Miniature_Scale.pdf,Microwave-Driven_Plasma_Gasification_for_Biomass_Waste_Treatment_at_Miniature_Scale.pdf,pdf,other,,unknown,unknown,,,,,,,,,low,filename_and_metadata_heuristics_v1,true,no_primary_domain_filename_match;no_source_type_filename_match
codex_doc_000638,Middle East and Digital.pdf,Middle East and Digital.pdf,pdf,other,,unknown,unknown,,,,,,,,,low,filename_and_metadata_heuristics_v1,true,no_primary_domain_filename_match;no_source_type_filename_match
codex_doc_000639,Mobile-CUX-Ecommerce-Report.pdf,Mobile-CUX-Ecommerce-Report.pdf,pdf,customer_experience,,industry_report,unknown,consumer_retail_ecommerce,,,,,mobile;ecommerce,,web_strategy_course,high,filename_and_metadata_heuristics_v1,false,
codex_doc_000640,Module 2 - BCG The Rise of the digital incumbent Feb 22.pdf,Module 2 - BCG The Rise of the digital incumbent Feb 22.pdf,pdf,other,,consulting,BCG,,,,,,,,,medium,filename_and_metadata_heuristics_v1,true,no_primary_domain_filename_match
codex_doc_000641,Morocco - AI-Recommendations-Towards-a-National-AI-Strategy-For-Morocco.pdf,Morocco - AI-Recommendations-Towards-a-National-AI-Strategy-For-Morocco.pdf,pdf,ai,government,government,unknown,government_public_sector,artificial_intelligence,,,,,,,high,filename_and_metadata_heuristics_v1,false,
codex_doc_000642,Multi-Sided Platform Businesses.pdf,Multi-Sided Platform Businesses.pdf,pdf,platforms_marketplaces,,unknown,unknown,technology_saas_platforms,,,platform,,,,,low,filename_and_metadata_heuristics_v1,true,no_source_type_filename_match
codex_doc_000643,Multifinality-equifinality-and-fanning-Developmental-concepts-and-statistical-implications.pdf,Multifinality-equifinality-and-fanning-Developmental-concepts-and-statistical-implications.pdf,pdf,other,,unknown,unknown,,,,,,,,,low,filename_and_metadata_heuristics_v1,true,no_primary_domain_filename_match;no_source_type_filename_match
codex_doc_000644,Nambia - AI.pdf,Nambia - AI.pdf,pdf,ai,,unknown,unknown,,artificial_intelligence,,,,,,,low,filename_and_metadata_heuristics_v1,true,no_source_type_filename_match
codex_doc_000645,Natoinal Association of State Energy Officials.pdf,Natoinal Association of State Energy Officials.pdf,pdf,other,,unknown,unknown,,,,,,,,,low,filename_and_metadata_heuristics_v1,true,no_primary_domain_filename_match;no_source_type_filename_match
codex_doc_000646,Navigating turbulence - resource orchestration in developing international marketing capabilities.pdf,Navigating turbulence - resource orchestration in developing international marketing capabilities.pdf,pdf,government,,government,unknown,advertising_media_marketing;government_public_sector,,,,coordination,,,,high,filename_and_metadata_heuristics_v1,false,
codex_doc_000647,Nepal - Digital Transformation.pdf,Nepal - Digital Transformation.pdf,pdf,digital_transformation,,unknown,unknown,,,,,,,,mba_digital_strategy,low,filename_and_metadata_heuristics_v1,true,no_source_type_filename_match
codex_doc_000648,New Zealand - National AI Strategy May 2025.pdf,New Zealand - National AI Strategy May 2025.pdf,pdf,ai,government,government,unknown,government_public_sector,artificial_intelligence,,,,,,,high,filename_and_metadata_heuristics_v1,false,
codex_doc_000649,Kinetic - Agentic AI and Web 3.docx,notes\Kinetic - Agentic AI and Web 3.docx,docx,ai,,unknown,unknown,,artificial_intelligence;agentic_ai,,,ai_native,ai_agent,,kinetic_organization,medium,filename_and_metadata_heuristics_v1,true,no_source_type_filename_match
codex_doc_000650,Kinetic - AI and Agile.docx,notes\Kinetic - AI and Agile.docx,docx,agile,ai,unknown,unknown,,artificial_intelligence,agility,,agile,,,kinetic_organization,medium,filename_and_metadata_heuristics_v1,true,no_source_type_filename_match
codex_doc_000651,Kinetic - Blockchain Examples.docx,notes\Kinetic - Blockchain Examples.docx,docx,blockchain,,unknown,unknown,,blockchain,,,,,,kinetic_organization,low,filename_and_metadata_heuristics_v1,true,no_source_type_filename_match
codex_doc_000652,Kinetic - Blockchain use case support.docx,notes\Kinetic - Blockchain use case support.docx,docx,blockchain,,unknown,unknown,,blockchain,,,,,,kinetic_organization,low,filename_and_metadata_heuristics_v1,true,no_source_type_filename_match
codex_doc_000653,Kinetic - Blockchain-AI-Quantum.docx,notes\Kinetic - Blockchain-AI-Quantum.docx,docx,ai,blockchain;quantum,unknown,unknown,,artificial_intelligence;blockchain;quantum,,,,,,kinetic_organization,medium,filename_and_metadata_heuristics_v1,true,no_source_type_filename_match
codex_doc_000654,Kinetic - Government as a Service.docx,notes\Kinetic - Government as a Service.docx,docx,government,,government,unknown,government_public_sector,,,,,customer_service,,kinetic_organization;government_as_a_service,high,filename_and_metadata_heuristics_v1,false,
codex_doc_000655,Kinetic - Quantum Integration - Strategy Framework eval - Funding.docx,notes\Kinetic - Quantum Integration - Strategy Framework eval - Funding.docx,docx,quantum,,unknown,unknown,,quantum,,,,,,kinetic_organization;writing,medium,filename_and_metadata_heuristics_v1,true,no_source_type_filename_match
codex_doc_000656,Kinetic - Revised list of use cases and analysis.docx,notes\Kinetic - Revised list of use cases and analysis.docx,docx,other,,unknown,unknown,,,,,,,,kinetic_organization,low,filename_and_metadata_heuristics_v1,true,no_primary_domain_filename_match;no_source_type_filename_match
codex_doc_000657,Kinetic Economy - National Backbone.docx,notes\Kinetic Economy - National Backbone.docx,docx,government,,government,unknown,government_public_sector,,,,,,,kinetic_organization,high,filename_and_metadata_heuristics_v1,false,
codex_doc_000658,Kinetic Economy - The Year of Composability.docx,notes\Kinetic Economy - The Year of Composability.docx,docx,other,,unknown,unknown,,,composability,,,,,kinetic_organization,low,filename_and_metadata_heuristics_v1,true,no_primary_domain_filename_match;no_source_type_filename_match
codex_doc_000659,Kinetic Economy Is Taking Shape.docx,notes\Kinetic Economy Is Taking Shape.docx,docx,other,,unknown,unknown,,,,,,,,kinetic_organization,low,filename_and_metadata_heuristics_v1,true,no_primary_domain_filename_match;no_source_type_filename_match
codex_doc_000660,Kinetic Economy Moment - US vs the world.docx,notes\Kinetic Economy Moment - US vs the world.docx,docx,other,,unknown,unknown,,,,,,,,kinetic_organization,low,filename_and_metadata_heuristics_v1,true,no_primary_domain_filename_match;no_source_type_filename_match
codex_doc_000661,Kinetic Marketing - Are the 5 P's still Relevant.docx,notes\Kinetic Marketing - Are the 5 P's still Relevant.docx,docx,other,,unknown,unknown,advertising_media_marketing,,,,,,,kinetic_organization,low,filename_and_metadata_heuristics_v1,true,no_primary_domain_filename_match;no_source_type_filename_match
codex_doc_000662,Kinetic Organization - 5.0.docx,notes\Kinetic Organization - 5.0.docx,docx,operating_models,,unknown,unknown,,,organizational_design,,,,,kinetic_organization,low,filename_and_metadata_heuristics_v1,true,no_source_type_filename_match
codex_doc_000663,Kinetic Organization - Thesis.docx,notes\Kinetic Organization - Thesis.docx,docx,operating_models,,unknown,unknown,,,organizational_design,,,,,kinetic_organization,low,filename_and_metadata_heuristics_v1,true,no_source_type_filename_match
codex_doc_000664,Kinetic Research - AI Integration into products and services.docx,notes\Kinetic Research - AI Integration into products and services.docx,docx,ai,,academic,unknown,education_research,artificial_intelligence,,,,customer_service,,kinetic_organization,high,filename_and_metadata_heuristics_v1,false,
codex_doc_000665,Kinetic Research - AI Use Cases.docx,notes\Kinetic Research - AI Use Cases.docx,docx,ai,,academic,unknown,education_research,artificial_intelligence,,,,,,kinetic_organization,high,filename_and_metadata_heuristics_v1,false,
codex_doc_000666,Kinetic Research - Chapter 6.docx,notes\Kinetic Research - Chapter 6.docx,docx,other,,academic,unknown,education_research,,,,,,,kinetic_organization,medium,filename_and_metadata_heuristics_v1,true,no_primary_domain_filename_match
codex_doc_000667,Kinetic Research - Chapter 7.docx,notes\Kinetic Research - Chapter 7.docx,docx,other,,academic,unknown,education_research,,,,,,,kinetic_organization,medium,filename_and_metadata_heuristics_v1,true,no_primary_domain_filename_match
codex_doc_000668,Kinetic Research and Content Engine.docx,notes\Kinetic Research and Content Engine.docx,docx,other,,academic,unknown,education_research,,,,,content,,kinetic_organization,medium,filename_and_metadata_heuristics_v1,true,no_primary_domain_filename_match
codex_doc_000669,NICE_AI Readiness Guide.pdf,notes\NICE_AI Readiness Guide.pdf,pdf,ai,,practitioner,unknown,,artificial_intelligence,ai_readiness,,,,,writing,high,filename_and_metadata_heuristics_v1,false,
codex_doc_000670,Overclocked - Vertical AI.docx,notes\Overclocked - Vertical AI.docx,docx,ai,,unknown,unknown,,artificial_intelligence,,,,,,overclocked,low,filename_and_metadata_heuristics_v1,true,no_source_type_filename_match
codex_doc_000671,Parallels Between Blockchain Adoption in Industry Consortiums and Media.docx,notes\Parallels Between Blockchain Adoption in Industry Consortiums and Media.docx,docx,blockchain,,unknown,unknown,advertising_media_marketing,blockchain,,advertising,,,,,medium,filename_and_metadata_heuristics_v1,true,no_source_type_filename_match
codex_doc_000672,The Kinetic Economy - LinkedIn.docx,notes\The Kinetic Economy - LinkedIn.docx,docx,other,,unknown,unknown,,,,,,,,kinetic_organization,low,filename_and_metadata_heuristics_v1,true,no_primary_domain_filename_match;no_source_type_filename_match
codex_doc_000673,Omni Channel - Explainer.pdf,Omni Channel - Explainer.pdf,pdf,other,,unknown,unknown,,,,,,omnichannel,,,low,filename_and_metadata_heuristics_v1,true,no_primary_domain_filename_match;no_source_type_filename_match
codex_doc_000674,Omni Channel - Logistics MDPI Whitepaper.pdf,Omni Channel - Logistics MDPI Whitepaper.pdf,pdf,other,,academic,unknown,,,,,,omnichannel,,,medium,filename_and_metadata_heuristics_v1,true,no_primary_domain_filename_match
codex_doc_000675,Omnichannel Retail in the US - Statistica Dossier.pdf,Omnichannel Retail in the US - Statistica Dossier.pdf,pdf,customer_experience,,unknown,unknown,consumer_retail_ecommerce,,,,,omnichannel,,web_strategy_course,medium,filename_and_metadata_heuristics_v1,true,no_source_type_filename_match
codex_doc_000676,OpenAI AI - Microsoft - AWS - Google AI use Cases.docx,OpenAI AI - Microsoft - AWS - Google AI use Cases.docx,docx,ai,,unknown,Microsoft,,artificial_intelligence,,,,,,,high,filename_and_metadata_heuristics_v1,true,no_source_type_filename_match
codex_doc_000677,Operations in an era of radical uncertainty.pdf,Operations in an era of radical uncertainty.pdf,pdf,other,,unknown,unknown,,,,,,,,,low,filename_and_metadata_heuristics_v1,true,no_primary_domain_filename_match;no_source_type_filename_match
codex_doc_000678,Overcoming change.pdf,Overcoming change.pdf,pdf,other,,unknown,unknown,,,,,,,,,low,filename_and_metadata_heuristics_v1,true,no_primary_domain_filename_match;no_source_type_filename_match
codex_doc_000679,Oxford - 2023-Government-AI-Readiness-Index-1.pdf,Oxford - 2023-Government-AI-Readiness-Index-1.pdf,pdf,ai,government,government,Oxford,government_public_sector,artificial_intelligence;analytics,ai_readiness,,,,,government_as_a_service,high,filename_and_metadata_heuristics_v1,false,
codex_doc_000680,Oxford - 2024-Government-AI-Readiness-Index-2.pdf,Oxford - 2024-Government-AI-Readiness-Index-2.pdf,pdf,ai,government,government,Oxford,government_public_sector,artificial_intelligence;analytics,ai_readiness,,,,,government_as_a_service,high,filename_and_metadata_heuristics_v1,false,
codex_doc_000681,Oxford - 2025-Government-AI-Readiness-Index-Report_01_26.pdf,Oxford - 2025-Government-AI-Readiness-Index-Report_01_26.pdf,pdf,ai,government,government,Oxford,government_public_sector,artificial_intelligence;analytics,ai_readiness,,,,,government_as_a_service,high,filename_and_metadata_heuristics_v1,false,
codex_doc_000682,Oxford - ai_readiness_index_2019__0.pdf,Oxford - ai_readiness_index_2019__0.pdf,pdf,ai,,industry_report,Oxford,,artificial_intelligence;analytics,ai_readiness,,,,,,high,filename_and_metadata_heuristics_v1,false,
codex_doc_000683,Oxford - Government_AI_Readiness_2021.pdf,Oxford - Government_AI_Readiness_2021.pdf,pdf,ai,government,government,Oxford,government_public_sector,artificial_intelligence,ai_readiness,,,,,government_as_a_service,high,filename_and_metadata_heuristics_v1,false,
codex_doc_000684,Oxford - Government_AI_Readiness_2022_FV.pdf,Oxford - Government_AI_Readiness_2022_FV.pdf,pdf,ai,government,government,Oxford,government_public_sector,artificial_intelligence,ai_readiness,,,,,government_as_a_service,high,filename_and_metadata_heuristics_v1,false,
codex_doc_000685,Oxford - Govt AI Readiness Report 2020.pdf,Oxford - Govt AI Readiness Report 2020.pdf,pdf,ai,government,government,Oxford,government_public_sector,artificial_intelligence,ai_readiness,,,,,government_as_a_service,high,filename_and_metadata_heuristics_v1,false,
codex_doc_000686,Paid Owned and Earend - Media Consumption - Statista Dossier.pdf,Paid Owned and Earend - Media Consumption - Statista Dossier.pdf,pdf,other,,unknown,Statista,advertising_media_marketing,,,advertising,,,,,low,filename_and_metadata_heuristics_v1,true,no_primary_domain_filename_match;no_source_type_filename_match
codex_doc_000687,Paid Owned and Earned - Media Usage in the US by Device by Demo - Statista Dossier.pdf,Paid Owned and Earned - Media Usage in the US by Device by Demo - Statista Dossier.pdf,pdf,marketing_maturity,,unknown,Statista,advertising_media_marketing,,,advertising,,,,,high,filename_and_metadata_heuristics_v1,true,no_source_type_filename_match
codex_doc_000688,Paid Owned and Earned - The State of Social Media.pdf,Paid Owned and Earned - The State of Social Media.pdf,pdf,marketing_maturity,,unknown,unknown,advertising_media_marketing,,,advertising,,social,,,medium,filename_and_metadata_heuristics_v1,true,no_source_type_filename_match
codex_doc_000689,Paid Owned Earned - Social Media Usage in the US - Statista Dossier.pdf,Paid Owned Earned - Social Media Usage in the US - Statista Dossier.pdf,pdf,marketing_maturity,,unknown,Statista,advertising_media_marketing,,,advertising,,social,,,high,filename_and_metadata_heuristics_v1,true,no_source_type_filename_match
codex_doc_000690,Pantera Capital - State-of-Tokenization-Q1-2026.pdf,Pantera Capital - State-of-Tokenization-Q1-2026.pdf,pdf,blockchain,,unknown,unknown,,,,tokenization,,,,,low,filename_and_metadata_heuristics_v1,true,no_source_type_filename_match
codex_doc_000691,"Peru - IMF - Productivity, Digitalization, and Artificial Intelligence in Peru.pdf","Peru - IMF - Productivity, Digitalization, and Artificial Intelligence in Peru.pdf",pdf,ai,digital_transformation;global_digital_policy,government,IMF,,artificial_intelligence,,,,,,,high,filename_and_metadata_heuristics_v1,false,
codex_doc_000692,Platform enhancers - Collaborating in the early stages of Platforms.pdf,Platform enhancers - Collaborating in the early stages of Platforms.pdf,pdf,platforms_marketplaces,,unknown,unknown,technology_saas_platforms,,,platform,,,,,low,filename_and_metadata_heuristics_v1,true,no_source_type_filename_match
codex_doc_000693,Platform orchestrators vs complementors - power dynamics.pdf,Platform orchestrators vs complementors - power dynamics.pdf,pdf,platforms_marketplaces,,unknown,unknown,technology_saas_platforms,,,platform,,,,,low,filename_and_metadata_heuristics_v1,true,no_source_type_filename_match
codex_doc_000694,Private - Agile-organizations 2019.pdf,Private - Agile-organizations 2019.pdf,pdf,agile,operating_models,unknown,unknown,,,agility;organizational_design,,agile,,,,medium,filename_and_metadata_heuristics_v1,true,no_source_type_filename_match
codex_doc_000695,Private Sector - 2026 Process Optimization Report_eBook.pdf,Private Sector - 2026 Process Optimization Report_eBook.pdf,pdf,other,,industry_report,unknown,,,,,,,,,medium,filename_and_metadata_heuristics_v1,true,no_primary_domain_filename_match
codex_doc_000696,Psychological Safety and Learning Behavior.pdf,Psychological Safety and Learning Behavior.pdf,pdf,other,,unknown,unknown,,,learning;psychological_safety,,,,,,low,filename_and_metadata_heuristics_v1,true,no_primary_domain_filename_match;no_source_type_filename_match
codex_doc_000697,PWC - global-crypto-regulation-report-2026.pdf,PWC - global-crypto-regulation-report-2026.pdf,pdf,blockchain,global_digital_policy,consulting,PwC,,,,,,,,,high,filename_and_metadata_heuristics_v1,false,
codex_doc_000698,PWC - global-tech-report.pdf.coredownload.inline.pdf,PWC - global-tech-report.pdf.coredownload.inline.pdf,pdf,global_digital_policy,,consulting,PwC,,,,,,,,,high,filename_and_metadata_heuristics_v1,false,
codex_doc_000699,PWC - roi-from-ai.pdf,PWC - roi-from-ai.pdf,pdf,ai,,consulting,PwC,,artificial_intelligence,,,,,,,high,filename_and_metadata_heuristics_v1,false,
codex_doc_000700,Quantum - Academic - Physics-Informed_Quantum_Communication_Networks_A_Vision_Toward_the_Quantum_Internet.pdf,Quantum - Academic - Physics-Informed_Quantum_Communication_Networks_A_Vision_Toward_the_Quantum_Internet.pdf,pdf,quantum,,academic,unknown,education_research,quantum,,,networked,,,,high,filename_and_metadata_heuristics_v1,false,
codex_doc_000701,Reconfiguring competitive advantage - a resource dynamic framework for generative AI adoption in digital content marketing.pdf,Reconfiguring competitive advantage - a resource dynamic framework for generative AI adoption in digital content marketing.pdf,pdf,ai,,unknown,unknown,advertising_media_marketing,artificial_intelligence,,,,content,,writing,medium,filename_and_metadata_heuristics_v1,true,no_source_type_filename_match
codex_doc_000702,Reiter Armin - 2025 - Key Success Factors of Decentralized Web3 Business Models.pdf,Reiter Armin - 2025 - Key Success Factors of Decentralized Web3 Business Models.pdf,pdf,business_models,blockchain,unknown,unknown,,blockchain,,,,,business_model_canvas,mba_digital_strategy,medium,filename_and_metadata_heuristics_v1,true,no_source_type_filename_match
codex_doc_000703,Revenue growth management_ The next horizon _ McKinsey.pdf,Revenue growth management_ The next horizon _ McKinsey.pdf,pdf,other,,consulting,McKinsey,,,,,,,,,medium,filename_and_metadata_heuristics_v1,true,no_primary_domain_filename_match
codex_doc_000704,"Revenue management playbook_ Definition, strategies, and software.pdf","Revenue management playbook_ Definition, strategies, and software.pdf",pdf,other,,practitioner,unknown,technology_saas_platforms,,,,,,,writing,medium,filename_and_metadata_heuristics_v1,true,no_primary_domain_filename_match
codex_doc_000705,Revenue optimization_ how to improve revenue management.pdf,Revenue optimization_ how to improve revenue management.pdf,pdf,other,,unknown,unknown,,,,,,,,,low,filename_and_metadata_heuristics_v1,true,no_primary_domain_filename_match;no_source_type_filename_match
codex_doc_000706,Role of Strategic Flexibility Analysis in Organizational Adaptation to VUCA.pdf,Role of Strategic Flexibility Analysis in Organizational Adaptation to VUCA.pdf,pdf,operating_models,adaptability,unknown,unknown,,,adaptability;organizational_design,,,,,,low,filename_and_metadata_heuristics_v1,true,no_source_type_filename_match
codex_doc_000707,Romania - Digitization.pdf,Romania - Digitization.pdf,pdf,digital_transformation,,unknown,unknown,,,,,,,,,low,filename_and_metadata_heuristics_v1,true,no_source_type_filename_match
codex_doc_000708,s13731-024-00405-4.pdf,s13731-024-00405-4.pdf,pdf,other,,unknown,unknown,,,,,,,,,low,filename_and_metadata_heuristics_v1,true,no_primary_domain_filename_match;no_source_type_filename_match
codex_doc_000709,Scoping-Foresight-Work_FTI-12.10.2022-1.pdf,Scoping-Foresight-Work_FTI-12.10.2022-1.pdf,pdf,other,,unknown,unknown,,,future_readiness,,,,,,low,filename_and_metadata_heuristics_v1,true,no_primary_domain_filename_match;no_source_type_filename_match
codex_doc_000710,Scotland - AI_Digital.pdf,Scotland - AI_Digital.pdf,pdf,ai,,unknown,unknown,,artificial_intelligence,,,,,,,low,filename_and_metadata_heuristics_v1,true,no_source_type_filename_match
codex_doc_000711,Slovakia - Digital Transformation.pdf,Slovakia - Digital Transformation.pdf,pdf,digital_transformation,,unknown,unknown,,,,,,,,mba_digital_strategy,low,filename_and_metadata_heuristics_v1,true,no_source_type_filename_match
codex_doc_000712,Social Media and Impact on Shareholder Value.pdf,Social Media and Impact on Shareholder Value.pdf,pdf,marketing_maturity,,unknown,unknown,advertising_media_marketing,,,advertising,,social,,,medium,filename_and_metadata_heuristics_v1,true,no_source_type_filename_match
codex_doc_000713,South Africa - AI.pdf,South Africa - AI.pdf,pdf,ai,,unknown,unknown,,artificial_intelligence,,,,,,,low,filename_and_metadata_heuristics_v1,true,no_source_type_filename_match
codex_doc_000714,Sri Lanka - Digital.pdf,Sri Lanka - Digital.pdf,pdf,other,,unknown,unknown,,,,,,,,,low,filename_and_metadata_heuristics_v1,true,no_primary_domain_filename_match;no_source_type_filename_match
codex_doc_000715,ssrn-5215616.pdf,ssrn-5215616.pdf,pdf,other,,unknown,unknown,,,,,,,,,low,filename_and_metadata_heuristics_v1,true,no_primary_domain_filename_match;no_source_type_filename_match
codex_doc_000716,ssrn-5383323.pdf,ssrn-5383323.pdf,pdf,other,,unknown,unknown,,,,,,,,,low,filename_and_metadata_heuristics_v1,true,no_primary_domain_filename_match;no_source_type_filename_match
codex_doc_000717,Stanford - 2021-AI-Index-Report.pdf,Stanford - 2021-AI-Index-Report.pdf,pdf,ai,,industry_report,Stanford,,artificial_intelligence;analytics,,,,,,,high,filename_and_metadata_heuristics_v1,false,
codex_doc_000718,Stanford - 2022-ai-index-report_master.pdf,Stanford - 2022-ai-index-report_master.pdf,pdf,ai,,industry_report,Stanford,,artificial_intelligence;analytics,,,,,,,high,filename_and_metadata_heuristics_v1,false,
codex_doc_000719,Stanford - ai_index_report_2026.pdf,Stanford - ai_index_report_2026.pdf,pdf,ai,,industry_report,Stanford,,artificial_intelligence;analytics,,,,,,,high,filename_and_metadata_heuristics_v1,false,
codex_doc_000720,Stanford - hai_ai-index-report_2023.pdf,Stanford - hai_ai-index-report_2023.pdf,pdf,ai,,industry_report,Stanford,,artificial_intelligence;analytics,,,,,,,high,filename_and_metadata_heuristics_v1,false,
codex_doc_000721,Stanfored - hai_ai_index_report_2025.pdf,Stanfored - hai_ai_index_report_2025.pdf,pdf,ai,,industry_report,unknown,,artificial_intelligence;analytics,,,,,,,high,filename_and_metadata_heuristics_v1,false,
codex_doc_000722,Strategic Change - 2025 - Sadraei - Strategic Adaptation in a Dynamic Global Environment  Unleashing the Power of Dynamic.pdf,Strategic Change - 2025 - Sadraei - Strategic Adaptation in a Dynamic Global Environment  Unleashing the Power of Dynamic.pdf,pdf,adaptability,global_digital_policy,unknown,unknown,,,adaptability,,,,,,low,filename_and_metadata_heuristics_v1,true,no_source_type_filename_match
codex_doc_000723,Strategic Management at the corporate level.pdf,Strategic Management at the corporate level.pdf,pdf,other,,unknown,unknown,,,,,,,,,low,filename_and_metadata_heuristics_v1,true,no_primary_domain_filename_match;no_source_type_filename_match
codex_doc_000724,"Strategic Planning Tools_ What, Why, How, Template _ Gartner.pdf","Strategic Planning Tools_ What, Why, How, Template _ Gartner.pdf",pdf,other,,unknown,Gartner,,,,,,,,,low,filename_and_metadata_heuristics_v1,true,no_primary_domain_filename_match;no_source_type_filename_match
codex_doc_000725,Sudan - Generative AI and Institutional Reform in Sudan_1.pdf,Sudan - Generative AI and Institutional Reform in Sudan_1.pdf,pdf,ai,,unknown,unknown,,artificial_intelligence,,,,,,,low,filename_and_metadata_heuristics_v1,true,no_source_type_filename_match
codex_doc_000726,superagency-in-the-workplace-empowering-people-to-unlock-ais-full-potential-v4.pdf,superagency-in-the-workplace-empowering-people-to-unlock-ais-full-potential-v4.pdf,pdf,other,,unknown,unknown,,,,,,,,,low,filename_and_metadata_heuristics_v1,true,no_primary_domain_filename_match;no_source_type_filename_match
codex_doc_000727,Surf Tech - surf-tech-trends-2026_ttr26.pdf,Surf Tech - surf-tech-trends-2026_ttr26.pdf,pdf,other,,industry_report,unknown,,,future_readiness,,,,,,medium,filename_and_metadata_heuristics_v1,true,no_primary_domain_filename_match
codex_doc_000728,Suriname-National-Digital-Strategy-2023-2030.pdf,Suriname-National-Digital-Strategy-2023-2030.pdf,pdf,digital_transformation,government,government,unknown,government_public_sector,,,,,,,mba_digital_strategy,high,filename_and_metadata_heuristics_v1,false,
codex_doc_000729,sustainability-18-01157 (1).pdf,sustainability-18-01157 (1).pdf,pdf,other,,unknown,unknown,,,,,,,,,low,filename_and_metadata_heuristics_v1,true,duplicate_or_copy_indicator;no_primary_domain_filename_match;no_source_type_filename_match
codex_doc_000730,sustainability-18-01157-with-cover.pdf,sustainability-18-01157-with-cover.pdf,pdf,other,,unknown,unknown,,,,,,,,,low,filename_and_metadata_heuristics_v1,true,no_primary_domain_filename_match;no_source_type_filename_match
codex_doc_000731,sustainability-18-01157.pdf,sustainability-18-01157.pdf,pdf,other,,unknown,unknown,,,,,,,,,low,filename_and_metadata_heuristics_v1,true,no_primary_domain_filename_match;no_source_type_filename_match
codex_doc_000732,Sweden - Digitization.pdf,Sweden - Digitization.pdf,pdf,digital_transformation,,unknown,unknown,,,,,,,,,low,filename_and_metadata_heuristics_v1,true,no_source_type_filename_match
codex_doc_000733,Systems_theory_as_the_foundation_for_advanced_manu.pdf,Systems_theory_as_the_foundation_for_advanced_manu.pdf,pdf,other,,unknown,unknown,,,,,,,,,low,filename_and_metadata_heuristics_v1,true,no_primary_domain_filename_match;no_source_type_filename_match
codex_doc_000734,taiwan - Digital-Government-Program-2-0-of-Taiwan-2021-2025.pdf,taiwan - Digital-Government-Program-2-0-of-Taiwan-2021-2025.pdf,pdf,government,,government,unknown,government_public_sector,,,,,,,government_as_a_service,high,filename_and_metadata_heuristics_v1,false,
codex_doc_000735,Taking another look at Blockchain for Business.pdf,Taking another look at Blockchain for Business.pdf,pdf,blockchain,,unknown,unknown,,blockchain,,,,,,,low,filename_and_metadata_heuristics_v1,true,no_source_type_filename_match
codex_doc_000736,Thailand - Digital Roadmap.pdf,Thailand - Digital Roadmap.pdf,pdf,other,,unknown,unknown,,,,,,,,,low,filename_and_metadata_heuristics_v1,true,no_primary_domain_filename_match;no_source_type_filename_match
codex_doc_000737,The battle for digital disruption_ startups vs incumbents.pdf,The battle for digital disruption_ startups vs incumbents.pdf,pdf,adaptability,,unknown,unknown,,,,,,,,,low,filename_and_metadata_heuristics_v1,true,no_source_type_filename_match
codex_doc_000738,The cheap back office becomes the value driver - ambidexterous.pdf,The cheap back office becomes the value driver - ambidexterous.pdf,pdf,other,,unknown,unknown,,,,,,,,,low,filename_and_metadata_heuristics_v1,true,no_primary_domain_filename_match;no_source_type_filename_match
codex_doc_000739,The Creator Economy.pdf,The Creator Economy.pdf,pdf,other,,unknown,unknown,,,,,,,,,low,filename_and_metadata_heuristics_v1,true,no_primary_domain_filename_match;no_source_type_filename_match
codex_doc_000740,"The Forrester Wave™_ Digital Business Transformation Services, Q4 2020.pdf","The Forrester Wave™_ Digital Business Transformation Services, Q4 2020.pdf",pdf,other,,unknown,unknown,,,,,,customer_service,,,low,filename_and_metadata_heuristics_v1,true,no_primary_domain_filename_match;no_source_type_filename_match
codex_doc_000741,The Future of Music_ How Generative AI Is Transforming the Music Industry _ Andreessen Horowitz.pdf,The Future of Music_ How Generative AI Is Transforming the Music Industry _ Andreessen Horowitz.pdf,pdf,ai,,unknown,unknown,,artificial_intelligence,future_readiness,,,,,,low,filename_and_metadata_heuristics_v1,true,no_source_type_filename_match
codex_doc_000742,The moderating role of modularity in the relationship between patent pools.pdf,The moderating role of modularity in the relationship between patent pools.pdf,pdf,other,,unknown,unknown,,,composability,,,,,,low,filename_and_metadata_heuristics_v1,true,no_primary_domain_filename_match;no_source_type_filename_match
codex_doc_000743,The Normative Theory of Web3 Commercial Integrity.pdf,The Normative Theory of Web3 Commercial Integrity.pdf,pdf,blockchain,,unknown,unknown,,blockchain,,,,,,,low,filename_and_metadata_heuristics_v1,true,no_source_type_filename_match
codex_doc_000744,The process of developing dynamic capabilities.pdf,The process of developing dynamic capabilities.pdf,pdf,dynamic_capabilities,,unknown,unknown,,,,,,,dynamic_capabilities,kinetic_organization,low,filename_and_metadata_heuristics_v1,true,no_source_type_filename_match
codex_doc_000745,The Shift from Sales-Driven to Revenue-Driven Organizations.pdf,The Shift from Sales-Driven to Revenue-Driven Organizations.pdf,pdf,operating_models,,unknown,unknown,,,organizational_design,,,,,,low,filename_and_metadata_heuristics_v1,true,no_source_type_filename_match
codex_doc_000746,The Transformative Role of Artificial Intelligence in organizational decision making.pdf,The Transformative Role of Artificial Intelligence in organizational decision making.pdf,pdf,operating_models,ai,unknown,unknown,,artificial_intelligence,decision_making;organizational_design,,,,,,medium,filename_and_metadata_heuristics_v1,true,no_source_type_filename_match
codex_doc_000747,The “Middleground” as a catalyst for the dynamics of innovation in an.pdf,The “Middleground” as a catalyst for the dynamics of innovation in an.pdf,pdf,innovation,,unknown,unknown,,,innovation,,,,,,low,filename_and_metadata_heuristics_v1,true,no_source_type_filename_match
codex_doc_000748,The-Digital-Maturity-Model-5.0-1.pdf,The-Digital-Maturity-Model-5.0-1.pdf,pdf,other,,unknown,unknown,,,,,,,digital_maturity_model,,low,filename_and_metadata_heuristics_v1,true,no_primary_domain_filename_match;no_source_type_filename_match
codex_doc_000749,the-state-of-ai-how-organizations-are-rewiring-to-capture-value_final.pdf,the-state-of-ai-how-organizations-are-rewiring-to-capture-value_final.pdf,pdf,ai,operating_models,unknown,unknown,,artificial_intelligence,organizational_design,,,,,,low,filename_and_metadata_heuristics_v1,true,no_source_type_filename_match
codex_doc_000750,the-state-of-organizations-2026.pdf,the-state-of-organizations-2026.pdf,pdf,operating_models,,unknown,unknown,,,organizational_design,,,,,,low,filename_and_metadata_heuristics_v1,true,no_source_type_filename_match
codex_doc_000751,The-Widening-AI-Value-Gap-October-2025.pdf,The-Widening-AI-Value-Gap-October-2025.pdf,pdf,ai,,unknown,unknown,,artificial_intelligence,,,,,,,low,filename_and_metadata_heuristics_v1,true,no_source_type_filename_match
codex_doc_000752,The_new_anarchy_Globalisation_and_fragme.pdf,The_new_anarchy_Globalisation_and_fragme.pdf,pdf,global_digital_policy,,unknown,unknown,,,,,,,,,low,filename_and_metadata_heuristics_v1,true,no_source_type_filename_match
codex_doc_000753,The_ultimate_AI_guide_for_marketers_in_2025.pdf,The_ultimate_AI_guide_for_marketers_in_2025.pdf,pdf,ai,,practitioner,unknown,,artificial_intelligence,,,,,,writing,high,filename_and_metadata_heuristics_v1,false,
codex_doc_000754,Thesis_LauraJane_ist188122.pdf,Thesis_LauraJane_ist188122.pdf,pdf,other,,unknown,unknown,,,,,,,,,low,filename_and_metadata_heuristics_v1,true,no_primary_domain_filename_match;no_source_type_filename_match
codex_doc_000755,Tortoise - AI-Methodology-2409.BGTLUPC-.pdf,Tortoise - AI-Methodology-2409.BGTLUPC-.pdf,pdf,ai,,unknown,unknown,,artificial_intelligence,,,,,,,low,filename_and_metadata_heuristics_v1,true,no_source_type_filename_match
codex_doc_000756,Transitioning_to_Agile_Organizational_Structures_A.pdf,Transitioning_to_Agile_Organizational_Structures_A.pdf,pdf,operating_models,agile,unknown,unknown,,,agility;organizational_design,,agile,,,,medium,filename_and_metadata_heuristics_v1,true,no_source_type_filename_match
codex_doc_000757,Turkey - National_Artificial_Intelligence_Strategy_2021-2025.pdf,Turkey - National_Artificial_Intelligence_Strategy_2021-2025.pdf,pdf,ai,government,government,unknown,government_public_sector,artificial_intelligence,,,,,,,high,filename_and_metadata_heuristics_v1,false,
codex_doc_000758,UAE Digital Vision 2031 - EN V9.1.pdf,UAE Digital Vision 2031 - EN V9.1.pdf,pdf,other,,unknown,unknown,,,,,,,,,low,filename_and_metadata_heuristics_v1,true,no_primary_domain_filename_match;no_source_type_filename_match
codex_doc_000759,UAE-National-Strategy-for-Artificial-Intelligence-2031.pdf,UAE-National-Strategy-for-Artificial-Intelligence-2031.pdf,pdf,ai,government,government,unknown,government_public_sector,artificial_intelligence,,,,,,,high,filename_and_metadata_heuristics_v1,false,
codex_doc_000760,uipath-agentic-orchestration-use-cases.pdf,uipath-agentic-orchestration-use-cases.pdf,pdf,ai,,unknown,unknown,,agentic_ai,,,coordination;ai_native,ai_agent,,,medium,filename_and_metadata_heuristics_v1,true,no_source_type_filename_match
codex_doc_000761,UK - AI Strategy.pdf,UK - AI Strategy.pdf,pdf,ai,,unknown,unknown,,artificial_intelligence,,,,,,,low,filename_and_metadata_heuristics_v1,true,no_source_type_filename_match
codex_doc_000762,UK - Digital-Development-Strategy-2024-2030.pdf,UK - Digital-Development-Strategy-2024-2030.pdf,pdf,other,,unknown,unknown,,,,,,,,,low,filename_and_metadata_heuristics_v1,true,no_primary_domain_filename_match;no_source_type_filename_match
codex_doc_000763,Understanding the pathway from market-based capability to performance - Resource advantage Theory.pdf,Understanding the pathway from market-based capability to performance - Resource advantage Theory.pdf,pdf,other,,unknown,unknown,,,,,,,,,low,filename_and_metadata_heuristics_v1,true,no_primary_domain_filename_match;no_source_type_filename_match
codex_doc_000764,United Nations - AI and the Human Development.pdf,United Nations - AI and the Human Development.pdf,pdf,ai,,unknown,unknown,,artificial_intelligence,,,,,,,low,filename_and_metadata_heuristics_v1,true,no_source_type_filename_match
codex_doc_000765,United Nations - Digital-Strategy-2022-2025-Full-Document_ENG_Interactive.pdf,United Nations - Digital-Strategy-2022-2025-Full-Document_ENG_Interactive.pdf,pdf,digital_transformation,,unknown,unknown,,,,,,,,mba_digital_strategy,low,filename_and_metadata_heuristics_v1,true,no_source_type_filename_match
codex_doc_000766,us-cons-deloitte-blockchain-inspiring-an-evolution-in-commerce.pdf,us-cons-deloitte-blockchain-inspiring-an-evolution-in-commerce.pdf,pdf,blockchain,,consulting,Deloitte,consumer_retail_ecommerce,blockchain,,,,ecommerce,,,high,filename_and_metadata_heuristics_v1,false,
codex_doc_000767,vergne-2020-decentralized-vs-distributed-organization-blockchain-machine-learning-and-the-future-of-the-digital-platform.pdf,vergne-2020-decentralized-vs-distributed-organization-blockchain-machine-learning-and-the-future-of-the-digital-platform.pdf,pdf,ai,blockchain;operating_models;platforms_marketplaces,unknown,unknown,technology_saas_platforms,artificial_intelligence;blockchain,learning;organizational_design;future_readiness,platform,,,,,medium,filename_and_metadata_heuristics_v1,true,no_source_type_filename_match
codex_doc_000768,vergne-2020-decentralized-vs-distributed-organization-blockchain-machine-learning-and-the-future-of-the-digital.pdf,vergne-2020-decentralized-vs-distributed-organization-blockchain-machine-learning-and-the-future-of-the-digital.pdf,pdf,ai,blockchain;operating_models,unknown,unknown,,artificial_intelligence;blockchain,learning;organizational_design;future_readiness,,,,,,medium,filename_and_metadata_heuristics_v1,true,no_source_type_filename_match
codex_doc_000769,VietnamsFutureDigitalEconomy2045_ENG.pdf,VietnamsFutureDigitalEconomy2045_ENG.pdf,pdf,other,,unknown,unknown,,,,,,,,,low,filename_and_metadata_heuristics_v1,true,no_primary_domain_filename_match;no_source_type_filename_match
codex_doc_000770,Vineyard Lens Proposal.pdf,Vineyard Lens Proposal.pdf,pdf,wine,,unknown,unknown,wine_hospitality,,,,,,,terroir_os,low,filename_and_metadata_heuristics_v1,true,no_source_type_filename_match
codex_doc_000771,VR Shopping Report.pdf,VR Shopping Report.pdf,pdf,other,,industry_report,unknown,,,,,,,,,medium,filename_and_metadata_heuristics_v1,true,no_primary_domain_filename_match
codex_doc_000772,VUCA - The human dynamics of agility.pdf,VUCA - The human dynamics of agility.pdf,pdf,other,,unknown,unknown,,,agility,,,,,,low,filename_and_metadata_heuristics_v1,true,no_primary_domain_filename_match;no_source_type_filename_match
codex_doc_000773,Web3 Decentralized Business Models.pdf,Web3 Decentralized Business Models.pdf,pdf,business_models,blockchain,unknown,unknown,,blockchain,,,,,business_model_canvas,mba_digital_strategy,medium,filename_and_metadata_heuristics_v1,true,no_source_type_filename_match
codex_doc_000774,WEF - Building_Resilient_and_Scalable_AI_Value_Chains_2026.pdf,WEF - Building_Resilient_and_Scalable_AI_Value_Chains_2026.pdf,pdf,ai,global_digital_policy,government,WEF,,artificial_intelligence,resilience,,,,,,high,filename_and_metadata_heuristics_v1,false,
codex_doc_000775,WEF - Making_Agentic_AI_Work_for_Government_A_Readiness_Framework_2026.pdf,WEF - Making_Agentic_AI_Work_for_Government_A_Readiness_Framework_2026.pdf,pdf,ai,global_digital_policy;government,government,WEF,government_public_sector,artificial_intelligence;agentic_ai,ai_readiness,,ai_native,ai_agent,,government_as_a_service;writing,high,filename_and_metadata_heuristics_v1,false,
codex_doc_000776,WEF - Organizational_Transformation_in_the_Age_of_AI_How_Organizations_Maximize_AI's_Potential_2026.pdf,WEF - Organizational_Transformation_in_the_Age_of_AI_How_Organizations_Maximize_AI's_Potential_2026.pdf,pdf,operating_models,ai;global_digital_policy,government,WEF,,artificial_intelligence,organizational_design,,,,,,high,filename_and_metadata_heuristics_v1,false,
codex_doc_000777,WEF_The_Human_Advantage_Stronger_Brains_in_the_Age_of_AI_2026.pdf,WEF_The_Human_Advantage_Stronger_Brains_in_the_Age_of_AI_2026.pdf,pdf,ai,global_digital_policy,government,WEF,,artificial_intelligence,,,,,,,high,filename_and_metadata_heuristics_v1,false,
codex_doc_000778,Wetering-van-de-2025-Artificial-Intelligence-as-an-enabler-of-dynamic capabilities in disruption.pdf,Wetering-van-de-2025-Artificial-Intelligence-as-an-enabler-of-dynamic capabilities in disruption.pdf,pdf,adaptability,ai;dynamic_capabilities,unknown,unknown,,artificial_intelligence,,,,,dynamic_capabilities,kinetic_organization,medium,filename_and_metadata_heuristics_v1,true,no_source_type_filename_match
codex_doc_000779,winning-with-your-talent-management-strategy.pdf,winning-with-your-talent-management-strategy.pdf,pdf,other,,unknown,unknown,,,,,,,,,low,filename_and_metadata_heuristics_v1,true,no_primary_domain_filename_match;no_source_type_filename_match
codex_doc_000780,World Bank - AI WDR2026-Concept-Note.pdf,World Bank - AI WDR2026-Concept-Note.pdf,pdf,ai,global_digital_policy,government,World Bank,,artificial_intelligence,,,,,,,high,filename_and_metadata_heuristics_v1,false,
codex_doc_000781,World Bank and Digital Transformation.pdf,World Bank and Digital Transformation.pdf,pdf,digital_transformation,global_digital_policy,government,World Bank,,,,,,,,mba_digital_strategy,high,filename_and_metadata_heuristics_v1,false,
