source_doc_id,source_id,original_filename,relative_path,file_type,file_size_bytes,last_modified,checksum_sha256,status,file_role
codex_doc_000001,codex_src_000001,10 Metrics For Digitally Transforming Revenue Channels And Growth.pdf,10 Metrics For Digitally Transforming Revenue Channels And Growth.pdf,pdf,1291870,2023-12-27T18:07:45,fa7aadc886af31ca6d6bf40e60cb4b019cc91d77ff35bf317de7a4dfe98cd90c,inventory_complete,source_document
codex_doc_000002,codex_src_000002,12-3-24-Update-Formal-Group-Internet-Based-Applicant-Checklist.pdf,12-3-24-Update-Formal-Group-Internet-Based-Applicant-Checklist.pdf,pdf,436476,2026-01-16T10:41:23,8923fb7a32ae1d6d3107cd06499472602e6815bbdba9f96796fe6d3bb887ab73,inventory_complete,source_document
codex_doc_000003,codex_src_000003,2 Side Marketplaces - Business Models Journal.pdf,2 Side Marketplaces - Business Models Journal.pdf,pdf,1709444,2022-05-03T20:35:18,198982ea0e97b9bd2906cc77656708285f54a1552c7f5ba1947f9722eee77dec,inventory_complete,source_document
codex_doc_000004,codex_src_000004,2020-colombia-digital-strategy - Copy.pdf,2020-colombia-digital-strategy - Copy.pdf,pdf,414672,2026-01-04T14:23:16,17bccfd49e791e63bc14900351744e026e2b03b2ff8b1434db16514f423fd0d1,inventory_complete,source_document
codex_doc_000005,codex_src_000005,2020-colombia-digital-strategy.pdf,2020-colombia-digital-strategy.pdf,pdf,414672,2026-01-04T14:23:16,17bccfd49e791e63bc14900351744e026e2b03b2ff8b1434db16514f423fd0d1,inventory_complete,source_document
codex_doc_000006,codex_src_000006,2023_TR_Executive_Summary.pdf,2023_TR_Executive_Summary.pdf,pdf,27419409,2023-05-16T08:48:40,98a5e29b80e2ce7dc47198ea4a72e1820c67cbb19aac739b56b07322670b46f9,inventory_complete,source_document
codex_doc_000007,codex_src_000007,2025-Wharton-GBK-AI-Adoption-Report_Full-Report (1).pdf,2025-Wharton-GBK-AI-Adoption-Report_Full-Report (1).pdf,pdf,4397202,2026-06-18T09:25:05,edba7fbcc8469cd11ea495ae2a56924fe8893f59d741cd4beaa23dc2b8935ca7,inventory_complete,source_document
codex_doc_000008,codex_src_000008,2025-Wharton-GBK-AI-Adoption-Report_Full-Report.pdf,2025-Wharton-GBK-AI-Adoption-Report_Full-Report.pdf,pdf,4397202,2026-06-18T09:18:04,edba7fbcc8469cd11ea495ae2a56924fe8893f59d741cd4beaa23dc2b8935ca7,inventory_complete,source_document
codex_doc_000009,codex_src_000009,2026-Wharton-Accenture-Report-FNL.pdf,2026-Wharton-Accenture-Report-FNL.pdf,pdf,1938641,2026-06-18T09:19:19,53983618ed6ea67cb45d8820460172c9ebb6e4d59e0df4746558465851f42a5f,inventory_complete,source_document
codex_doc_000010,codex_src_000010,2026_Trend_Report.pdf,2026_Trend_Report.pdf,pdf,8296546,2025-12-28T11:18:49,9613d13f98a0e42e6dcee62b2985c6b4bc9a2d9fc13f9c1c852a0a6f0104e4c4,inventory_complete,source_document
codex_doc_000011,codex_src_000011,35611_AW_SowingSeeds_Adaptiveleadership_E_WEB.pdf,35611_AW_SowingSeeds_Adaptiveleadership_E_WEB.pdf,pdf,5169156,2026-06-22T12:00:31,735305e77a2d3b940c8926b91f8059ae2007c4e68f069c9ffebe13e9161e0c8e,inventory_complete,source_document
codex_doc_000012,codex_src_000012,"A dynamic capability driven framework linking Industry 4.0, circular.pdf","A dynamic capability driven framework linking Industry 4.0, circular.pdf",pdf,2847838,2026-06-15T09:14:54,44641edcf1ed05cf1715994ea485560bd52dbfd2e49f914101d548aa490eedd3,inventory_complete,source_document
codex_doc_000013,codex_src_000013,A framework for the dynamic adaptation of service.pdf,A framework for the dynamic adaptation of service.pdf,pdf,4989413,2026-06-15T08:57:58,76f783794f95e9aa763707b0daa76c98581265c85432594ce44c32522753c5a3,inventory_complete,source_document
codex_doc_000014,codex_src_000014,A game theory-based dynamic resource allocation strategy in data centers.pdf,A game theory-based dynamic resource allocation strategy in data centers.pdf,pdf,1536498,2026-06-15T09:23:59,cbe3ca369da33ce206337b120e1eca9170bf41c5d16ca436b9cf5b3cc198da83,inventory_complete,source_document
codex_doc_000015,codex_src_000015,A to Z Marketplace 100 Report.pdf,A to Z Marketplace 100 Report.pdf,pdf,2283025,2022-05-03T10:16:35,03d4dc73bb17322a4116a62498bc5a4d08b252bca2e4eb2e8a99f3ce1449fd7a,inventory_complete,source_document
codex_doc_000016,codex_src_000016,Academic - Adaptable Organizations and sub cultures 2002.pdf,Academic - Adaptable Organizations and sub cultures 2002.pdf,pdf,96395,2026-06-11T15:59:10,f40f0490efe66a49ad113121788a4aebd39524c90d7d52f667a6c163cb070b10,inventory_complete,source_document
codex_doc_000017,codex_src_000017,Academic - AI Readiness.pdf,Academic - AI Readiness.pdf,pdf,1281736,2026-06-18T09:15:21,14d071b1ff3c0c40be71e9c34c1623463a25a62f7ffe032cdedb65e132d93d16,inventory_complete,source_document
codex_doc_000018,codex_src_000018,Academic - The_AI_Adoption_Maturity_Model_v1_XUwQzX5.0.pdf,Academic - The_AI_Adoption_Maturity_Model_v1_XUwQzX5.0.pdf,pdf,6413244,2026-06-11T15:03:48,5bbb15aab8afefd5d0e4af41725eb7497b3dcad3d811838c23b17fcda7944b4b,inventory_complete,source_document
codex_doc_000019,codex_src_000019,Academic - Tokenization of gaming.pdf,Academic - Tokenization of gaming.pdf,pdf,6334505,2022-10-21T13:12:24,4030cb8803e00d33e79d3013863afc59561f9e05ef57691bdb5fdde5102d4af2,inventory_complete,source_document
codex_doc_000020,codex_src_000020,Accenture - Accenture-Impact-to-advantage.pdf,Accenture - Accenture-Impact-to-advantage.pdf,pdf,4385467,2026-06-11T15:09:04,5d7162dbf18f04dd01e426499d7a288929764f56ff2d7f3a0ea4ff1f4ce79429,inventory_complete,source_document
codex_doc_000021,codex_src_000021,Accenture - Consumer-Pulse-2026-In the age of AI agents.pdf,Accenture - Consumer-Pulse-2026-In the age of AI agents.pdf,pdf,3309297,2026-06-11T15:27:52,026e2ddc82743c106b32b04647957df43b148053818b17b7b51dad376d1fba6b,inventory_complete,source_document
codex_doc_000022,codex_src_000022,Accenture - Global Data-Centre-Trends-2026.pdf,Accenture - Global Data-Centre-Trends-2026.pdf,pdf,16686847,2026-06-11T15:09:47,831ffa75ea1868ce8243be3d05c7e83757b53beda5a7007036538e82ecf696f7,inventory_complete,source_document
codex_doc_000023,codex_src_000023,Accenture-Human-Paradox.pdf,Accenture-Human-Paradox.pdf,pdf,7950966,2023-09-15T12:05:08,996d8e7f2a7eb8e3c74779fec22084f22db2b460dd88492b5a122f52419343fa,inventory_complete,source_document
codex_doc_000024,codex_src_000024,Accenture-Technology-Vision-2023-Full-Report.pdf,Accenture-Technology-Vision-2023-Full-Report.pdf,pdf,22787885,2023-06-13T07:13:05,0fa862210e799a1ae64011970457bbd1fe471185f17e5c4475a8f60da179b077,inventory_complete,source_document
codex_doc_000025,codex_src_000025,Adaptability - Academic - Incumbent response to volatility and disruption.pdf,Adaptability - Academic - Incumbent response to volatility and disruption.pdf,pdf,4111467,2026-01-20T09:15:29,0e9557dbad4f61085541b73ee971547156f521effe77d48a777c2364376b34de,inventory_complete,source_document
codex_doc_000026,codex_src_000026,Adaptability - Academic - Marketing in an unpredictable environment.pdf,Adaptability - Academic - Marketing in an unpredictable environment.pdf,pdf,52900,2026-01-19T10:54:58,589445c90eb97b76c4dc59f22e20e2bf52f020be2e64637b86b4a349ec2b1d41,inventory_complete,source_document
codex_doc_000027,codex_src_000027,Adaptability - Academic - Zeroth Principle Design.pdf,Adaptability - Academic - Zeroth Principle Design.pdf,pdf,365392,2026-02-10T08:49:12,972d06ac326aa4a3a83520fef66e181ee110202f22736e8aa99f9c5e7e901416,inventory_complete,source_document
codex_doc_000028,codex_src_000028,Adaptability - HBR - The Art of Designing Markets.pdf,Adaptability - HBR - The Art of Designing Markets.pdf,pdf,185023,2026-01-22T10:13:23,1b72cef2abc0ab0efd3dd69e190b361466c83bddfecc3611d72ccdcfbe532211,inventory_complete,source_document
codex_doc_000029,codex_src_000029,Adaptive-Leadership-WP-US-Single-pages.pdf,Adaptive-Leadership-WP-US-Single-pages.pdf,pdf,2000963,2026-06-22T12:00:10,e41c05cb06c855497b9b46e7f019d8e83ce186ee867b8887eefa1e0dcad8a8dd,inventory_complete,source_document
codex_doc_000030,codex_src_000030,Africa - AI continental strategy - Copy.pdf,Africa - AI continental strategy - Copy.pdf,pdf,2572777,2026-01-04T15:39:15,c5429f73786c0a0c170a78278016339ab86f914b239290ba1d6623cc07734e3f,inventory_complete,source_document
codex_doc_000031,codex_src_000031,Africa - AI continental strategy.pdf,Africa - AI continental strategy.pdf,pdf,2572777,2026-01-04T15:39:15,c5429f73786c0a0c170a78278016339ab86f914b239290ba1d6623cc07734e3f,inventory_complete,source_document
codex_doc_000032,codex_src_000032,Africa and Digitization - Copy.pdf,Africa and Digitization - Copy.pdf,pdf,787192,2026-01-04T12:49:27,9e1faf0c44d2eee33d7419c9131f71d78cdada2cdd20e7f9d5aabd08458461c1,inventory_complete,source_document
codex_doc_000033,codex_src_000033,Africa and Digitization.pdf,Africa and Digitization.pdf,pdf,787192,2026-01-04T12:49:27,9e1faf0c44d2eee33d7419c9131f71d78cdada2cdd20e7f9d5aabd08458461c1,inventory_complete,source_document
codex_doc_000034,codex_src_000035,Agile - From Campaigns to Continuums.docx,Agile - From Campaigns to Continuums.docx,docx,20776,2025-11-22T13:37:20,81c1295d10d90d056dd8eff2a9534a6d8b4f7526c5fe87e18f680e2ad4cef479,inventory_complete,source_document
codex_doc_000035,codex_src_000036,Agile - HBR - Agile at Scale.pdf,Agile - HBR - Agile at Scale.pdf,pdf,400841,2026-01-22T09:58:11,4dceb87d38b31d56fa008dd8d03b6b21c218685c87b1aaf718d9f137d9e34fd1,inventory_complete,source_document
codex_doc_000036,codex_src_000037,Agile - HBR - Agile.pdf,Agile - HBR - Agile.pdf,pdf,977123,2026-01-22T10:09:13,a5c4ff5a09c9d5e310d228a4166a063124da1ae1e7b4847764c4438648d25bd9,inventory_complete,source_document
codex_doc_000037,codex_src_000038,Agile - HBR - GE Case Study.pdf,Agile - HBR - GE Case Study.pdf,pdf,1027796,2026-01-22T10:04:21,17d81d4f8626494e3b5bbe31bb5e1c8499059cdfdb7624340f3223e1c85cb91c,inventory_complete,source_document
codex_doc_000038,codex_src_000039,Agile - HBR - ING Business Case.pdf,Agile - HBR - ING Business Case.pdf,pdf,860037,2026-01-22T10:01:40,9a808b1bf51de8d81027b4b72e97c188189204ba62c54029183eb02f6b452921,inventory_complete,source_document
codex_doc_000039,codex_src_000040,Agile - HBR - The Agile C-Suite.pdf,Agile - HBR - The Agile C-Suite.pdf,pdf,1031154,2026-01-22T09:59:18,5766189804f3a7e6a7c23d698ba5478eb950e6238abf26d5a070b121a9175035,inventory_complete,source_document
codex_doc_000040,codex_src_000041,AI - Academic - AI and Marketing 4.0.pdf,AI - Academic - AI and Marketing 4.0.pdf,pdf,1134775,2026-01-19T10:58:53,b317f0d6d08e91dd74137911da1ba55022fe3bd06b5d18d7224f86fef8e12446,inventory_complete,source_document
codex_doc_000041,codex_src_000042,AI - Academic - AI Based Innovation.pdf,AI - Academic - AI Based Innovation.pdf,pdf,686820,2026-01-18T15:37:59,29b2180c575b6f09f33bcfbbd7559e5e40210977147499a3365b8b508b48c58e,inventory_complete,source_document
codex_doc_000042,codex_src_000043,AI - Academic - Orchestration Logic for Application.pdf,AI - Academic - Orchestration Logic for Application.pdf,pdf,1985693,2026-01-19T11:21:13,22b5b89627b71af85f561dd49a374810c4dbc3c8c55f2c85698c744a800e8967,inventory_complete,source_document
codex_doc_000043,codex_src_000044,AI as a catalyst for dynamic capabilities.pdf,AI as a catalyst for dynamic capabilities.pdf,pdf,7799757,2026-06-22T11:42:37,8161b6bf7e3ad1aa880f4363e1bb141061bf85f3e42c6065241c25a32d754a20,inventory_complete,source_document
codex_doc_000044,codex_src_000045,AI Meets Blockchain.pdf,AI Meets Blockchain.pdf,pdf,3483329,2026-01-12T11:39:30,a781dbde4cec331319691cbd4e4b44627eade8218c1423f8f64e7d017b2373b1,inventory_complete,source_document
codex_doc_000045,codex_src_000046,AI Task Assessment.pdf,AI Task Assessment.pdf,pdf,1583174,2025-12-28T10:47:19,a54fcc65eee8aa18023a432339b14267b9e54f520e32558e920f332f20118504,inventory_complete,source_document
codex_doc_000046,codex_src_000047,AI-Governance-Dialogue-Steering-the-Future-of-AI-2025.pdf,AI-Governance-Dialogue-Steering-the-Future-of-AI-2025.pdf,pdf,6660118,2026-01-04T15:25:11,c6d5e1fcd199d4daf32e5077c388a1852211372216172cb2b54d7fa519354797,inventory_complete,source_document
codex_doc_000047,codex_src_000048,ai-readiness-model-whitepaper.pdf,ai-readiness-model-whitepaper.pdf,pdf,143111,2026-06-18T09:12:20,3a4a6b8e41542fb1777bd8e1e2ad8cd0125eeb6350d236ecaac88a1d978cd0b9,inventory_complete,source_document
codex_doc_000048,codex_src_000049,ai-readiness-report.pdf,ai-readiness-report.pdf,pdf,4715587,2026-06-18T09:12:32,9e2ef02f48d9574d879376d2c3548c8ebcd17578b5db1811fb74b1ed073af425,inventory_complete,source_document
codex_doc_000049,codex_src_000050,AI-Report_Full-Report.pdf,AI-Report_Full-Report.pdf,pdf,28793569,2026-06-18T09:17:53,7c71f45c6e54d19c2d3435425ef726c8f43d74cb0bff57720a1c1135d182b02e,inventory_complete,source_document
codex_doc_000050,codex_src_000051,AimeHumphreyDeRuePaul2014.pdf,AimeHumphreyDeRuePaul2014.pdf,pdf,166065,2026-06-12T07:45:20,493054007cfd58e044f9287cc02f271f71fd4639c5a4b018e4e382fe806d0c73,inventory_complete,source_document
codex_doc_000051,codex_src_000052,Americas Digital Baseline 2021.pdf,Americas Digital Baseline 2021.pdf,pdf,4544332,2026-01-04T13:47:09,9b275949c34e494c2c0d26691579bc8d9f72e2272e3e172b74ad591ab4784e38,inventory_complete,source_document
codex_doc_000052,codex_src_000053,Antecedents and Consequences of Resource Redeployment.pdf,Antecedents and Consequences of Resource Redeployment.pdf,pdf,1161337,2026-06-15T13:42:29,61483058896e3d3fb8ec8324124008e71218b8fdf393d9f5acdbe06411e25a6b,inventory_complete,source_document
codex_doc_000053,codex_src_000054,Argentina - Compute and AI strategy.pdf,Argentina - Compute and AI strategy.pdf,pdf,258717,2026-01-04T14:14:32,3cad22c104c926649f785f08e37b5048523d20ebbe33b2c7f38ec52c3a9a73c9,inventory_complete,source_document
codex_doc_000054,codex_src_000055,Argyris-C.-Theories-of-action-double-loop-learning-and-organizational-learning-revised-20-9-2011.pdf,Argyris-C.-Theories-of-action-double-loop-learning-and-organizational-learning-revised-20-9-2011.pdf,pdf,175949,2026-06-22T11:26:18,62c1950c277f5969a8c0675167423970f38403f8614d34a90941567501c6c846,inventory_complete,source_document
codex_doc_000055,codex_src_000056,Artificial Intelligence as a Catalyst for Dynamic Capabilities.pdf,Artificial Intelligence as a Catalyst for Dynamic Capabilities.pdf,pdf,7799854,2026-06-15T09:25:34,342ffdaf6fa5b94600a8033f3989b553612168864bd050562784c33eb94f430c,inventory_complete,source_document
codex_doc_000056,codex_src_000057,AWS- 2026+Future+of+Ecommerce.pdf,AWS- 2026+Future+of+Ecommerce.pdf,pdf,24285716,2026-06-11T15:33:00,4806b490535dbf990cc8284e5967b19f6a3075b1193f0215be015f247c6e24b1,inventory_complete,source_document
codex_doc_000057,codex_src_000058,Bain - Agile Organization.pdf,Bain - Agile Organization.pdf,pdf,1135766,2026-06-12T08:36:47,58bb7165517452e4367637e8c43b283ea488ffc978349deb6489c0d532a560c5,inventory_complete,source_document
codex_doc_000058,codex_src_000059,BAIN- technology_report_2025.pdf,BAIN- technology_report_2025.pdf,pdf,6219048,2026-06-12T08:35:12,d49fa01747ae2136a4f3ba688a831e08da53bee8342fe63c9dfc1330680676c9,inventory_complete,source_document
codex_doc_000059,codex_src_000060,Balkans - Digital Transformation.pdf,Balkans - Digital Transformation.pdf,pdf,1270065,2026-01-04T15:56:42,01d8eeec66b09e2b6bf1e96069afba8bb35868efb1b8ce378c3ca439cf169c50,inventory_complete,source_document
codex_doc_000060,codex_src_000061,Bangladesh - AI_and_The_Digital_Transformation_of_Bangladesh - Copy.pdf,Bangladesh - AI_and_The_Digital_Transformation_of_Bangladesh - Copy.pdf,pdf,321548,2026-01-04T16:04:09,59d435aee041c5504d3072f6f445d1aeb1b348eb033fa0d69b3f6162e8838cd8,inventory_complete,source_document
codex_doc_000061,codex_src_000062,Bangladesh - AI_and_The_Digital_Transformation_of_Bangladesh.pdf,Bangladesh - AI_and_The_Digital_Transformation_of_Bangladesh.pdf,pdf,321548,2026-01-04T16:04:09,59d435aee041c5504d3072f6f445d1aeb1b348eb033fa0d69b3f6162e8838cd8,inventory_complete,source_document
codex_doc_000062,codex_src_000063,BCG - Leaders Path to Digital Value Infographic-June 21.pdf,BCG - Leaders Path to Digital Value Infographic-June 21.pdf,pdf,1402667,2022-05-03T10:55:48,994aa77e28093b8b02a43540e782beee3f987f9e150e337959c759ed8b44e11a,inventory_complete,source_document
codex_doc_000063,codex_src_000064,BCG - Technology role in digital acceleration.pdf,BCG - Technology role in digital acceleration.pdf,pdf,503014,2022-05-03T10:44:05,6f4ab1de027c0acf340f2cf3768b66bc546fbe0002c0b0974aa1546e4cd25fed,inventory_complete,source_document
codex_doc_000064,codex_src_000065,BCG - the-ceos-guide-to-physical-ai.pdf,BCG - the-ceos-guide-to-physical-ai.pdf,pdf,1674557,2026-06-11T14:09:17,f108a1b4a32badda23d266d68e6cd6e0fb977ea55e81382f5a827e4253f53efd,inventory_complete,source_document
codex_doc_000065,codex_src_000066,BCG Four Strategies to Orchestrate a Digital ecosystem Sep 20.pdf,BCG Four Strategies to Orchestrate a Digital ecosystem Sep 20.pdf,pdf,408298,2022-05-03T11:09:56,00e79af3c53c37e0d28198614f72cf94592f84e2a71d96a173c35dd0b40d7abf,inventory_complete,source_document
codex_doc_000066,codex_src_000067,Belize - NATIONAL-DIGITAL-AGENDA-FINAL.pdf,Belize - NATIONAL-DIGITAL-AGENDA-FINAL.pdf,pdf,58358798,2026-01-04T14:01:59,062b4b353a8e155b37b50019b5a3867446b805e82ba945213e80d70137f5a42c,inventory_complete,source_document
codex_doc_000067,codex_src_000068,Blockchain - Legal.pdf,Blockchain - Legal.pdf,pdf,466289,2026-06-11T14:41:38,923fdeebc133d745a5df8d15e09c20bf6142c7f6027bcfb36fbd52fa9d8720fe,inventory_complete,source_document
codex_doc_000068,codex_src_000069,Blockchain - real-world-asset-tokenization-guide-2024.pdf,Blockchain - real-world-asset-tokenization-guide-2024.pdf,pdf,1036030,2026-06-11T14:48:12,af012baf5a41caf670f1f4a6cb398a54789c0bd48347ac365c447f83115c64a6,inventory_complete,source_document
codex_doc_000069,codex_src_000070,Blockchain - State of RWA Tokenization 2026 Report.pdf,Blockchain - State of RWA Tokenization 2026 Report.pdf,pdf,8284799,2026-06-11T14:46:26,f095c1b12ba2835beaa16cc22b8700a5f74d0698ca90acf05850705d747bb20b,inventory_complete,source_document
codex_doc_000070,codex_src_000071,Blockchain - The-Global-Digital-Asset-and-Web3-Adoption-Report.pdf,Blockchain - The-Global-Digital-Asset-and-Web3-Adoption-Report.pdf,pdf,6756677,2026-06-11T14:47:17,ba9b9c6e41773669ff5d955526d1c83c64b73bf98b32baa0638ec957108cb2b8,inventory_complete,source_document
codex_doc_000071,codex_src_000072,Blockchain - Tokenomics.pdf,Blockchain - Tokenomics.pdf,pdf,798753,2026-06-11T14:44:49,30beb99b855daec5b4042e36878ccaa4ffaba7f43135ce63417b7d414f14a1ab,inventory_complete,source_document
codex_doc_000072,codex_src_000073,Borino and digitization.pdf,Borino and digitization.pdf,pdf,947103,2026-01-04T12:51:02,8402b98ae1627cdbd198e37c8bc3ae3fe6cc93f6a00ce81c94fb26b6368aea2b,inventory_complete,source_document
codex_doc_000073,codex_src_000074,Brazil and AI Investment.pdf,Brazil and AI Investment.pdf,pdf,2786057,2026-01-04T12:47:28,bba6dbe5f2c044fa66cfe616395c483fb2b35314a47784c5bfe4e18c4bf14aee,inventory_complete,source_document
codex_doc_000074,codex_src_000075,Brazil and Digital Leadership.pdf,Brazil and Digital Leadership.pdf,pdf,910487,2026-01-04T12:45:36,2863b6629b3cd39ab9f569a06618af0798653731e09a8bacc026b7d304bdb246,inventory_complete,source_document
codex_doc_000075,codex_src_000076,brazil digital strategy_2022-2026.pdf,brazil digital strategy_2022-2026.pdf,pdf,7831535,2026-01-04T12:43:14,04d1e3afc5876977bd948c63e16c48e02cdc2ca4e9fae85f7826b14f49224eb7,inventory_complete,source_document
codex_doc_000076,codex_src_000077,Build Strategic Assumptions by Spotting Trends Early.pdf,Build Strategic Assumptions by Spotting Trends Early.pdf,pdf,764351,2023-12-27T18:45:22,24a62aa9c13cf44880e582e7e2adf37783c1b59d00fd8c7fc572d317cc160265,inventory_complete,source_document
codex_doc_000077,codex_src_000078,Building Customer Trust in AI with Blockchain.pdf,Building Customer Trust in AI with Blockchain.pdf,pdf,456272,2026-06-15T07:51:10,7e8bfef56ac65fe98e7059e0cc359c7d52359abdc5b69ea0d807bbc86e9beb64,inventory_complete,source_document
codex_doc_000078,codex_src_000079,Business Ecosystem Value Creation.pdf,Business Ecosystem Value Creation.pdf,pdf,2130409,2022-07-11T09:32:01,7f613f05864d07533d9353d19c5a2b80f5ca84c628a3e91c0071c3f667684133,inventory_complete,source_document
codex_doc_000079,codex_src_000080,Business Models - Academic - Digital Impact.pdf,Business Models - Academic - Digital Impact.pdf,pdf,2156292,2026-01-18T15:45:40,a831484a07474d5c29a1dd05c63bef72f03a8b34bfa1c3b61c48d625b2e1678a,inventory_complete,source_document
codex_doc_000080,codex_src_000081,Cambodia - Digital.pdf,Cambodia - Digital.pdf,pdf,2180715,2026-01-04T16:08:34,09b3db0d1209efaa5937eaadf296e366c98463bdd30451a9b2c0ba2344c2dedb,inventory_complete,source_document
codex_doc_000081,codex_src_000082,Cambodia - Digital_Government_Policy_2022_2035_English.pdf,Cambodia - Digital_Government_Policy_2022_2035_English.pdf,pdf,2245415,2026-01-04T16:09:18,fb1ac0575fcf6403b91417cb32d60ec831d81b4de7eb90542b567bb344403416,inventory_complete,source_document
codex_doc_000082,codex_src_000083,Canada - Digital Service.pdf,Canada - Digital Service.pdf,pdf,1753879,2026-01-04T16:13:14,f7824a947441da184b4f532afc16aa4d709a436b389eeed25063ff74cddd00ec,inventory_complete,source_document
codex_doc_000083,codex_src_000084,Canada - Digital.pdf,Canada - Digital.pdf,pdf,1418943,2026-01-04T16:12:40,a9b727d57cc3d9de696336c18468c7f995d6967447e2921b25e36c3a999ce18a,inventory_complete,source_document
codex_doc_000084,codex_src_000085,Cap Gemini - AI Advantage Final-Web-Version-Research-Brief-AI-Perspectives.pdf,Cap Gemini - AI Advantage Final-Web-Version-Research-Brief-AI-Perspectives.pdf,pdf,9453332,2026-01-16T13:29:15,0b96559e2e21156f783435d405f62b2356eb03fabd75c699fe7ba051cfbea6d5,inventory_complete,source_document
codex_doc_000085,codex_src_000086,Cap Gemini - CMO - CRI_CMO-Playbook-2025_Web_updated-1.pdf,Cap Gemini - CMO - CRI_CMO-Playbook-2025_Web_updated-1.pdf,pdf,7643447,2026-01-16T13:27:45,ea8efb8fb3da5dde5edfb7620771cfa05a7e3b329e530a4848e4a55629611fd4,inventory_complete,source_document
codex_doc_000086,codex_src_000087,Cap Gemini - Digital-AI-in-Business-Operation.pdf,Cap Gemini - Digital-AI-in-Business-Operation.pdf,pdf,8355447,2026-01-16T13:30:29,97491c702e0c1e612a23a82eff4f00c5bda1651458d2f6651c8d50ece969e078,inventory_complete,source_document
codex_doc_000087,codex_src_000088,Cap Gemini - Final-Web-Version-Report-Consumer-Trends-2026.pdf,Cap Gemini - Final-Web-Version-Report-Consumer-Trends-2026.pdf,pdf,5811818,2026-06-11T15:30:25,612f362e1bff3c307e4db4aed38414f7b3ac85dd5cba4742ef78625cd225ef3e,inventory_complete,source_document
codex_doc_000088,codex_src_000089,Cap Gemini - Gen-AI-in-Decision-Making.pdf,Cap Gemini - Gen-AI-in-Decision-Making.pdf,pdf,7181311,2026-01-16T13:31:55,034bbadf296aeca59d203733f6ff0d36f67848d012605421cf9614b484a41ba5,inventory_complete,source_document
codex_doc_000089,codex_src_000090,Cap Gemini - Olaf-Groth.pdf,Cap Gemini - Olaf-Groth.pdf,pdf,1411420,2026-01-16T13:37:37,363b908a8b73ee1f81b5dce2f6fc8d2bc46b2d3d2c1e7cd2c62c46b7250036b9,inventory_complete,source_document
codex_doc_000090,codex_src_000091,Cap Gemini - Report-Tech-In-Sports_V3.pdf,Cap Gemini - Report-Tech-In-Sports_V3.pdf,pdf,6919320,2026-01-16T13:38:45,b1b5aeff276560840f08be5ad88ed15abc7eb8dfc7ec53bf681e31ec2579a49a,inventory_complete,source_document
codex_doc_000091,codex_src_000092,Capgemini - Top_Tech_Trends_Report_2026.pdf,Capgemini - Top_Tech_Trends_Report_2026.pdf,pdf,4300286,2026-01-16T13:26:35,6f57539f88cc8962807fffb30452b56a5d2a45b5e79a48460f1364abde83c99f,inventory_complete,source_document
codex_doc_000092,codex_src_000093,Carribean - Unesco - digital.pdf,Carribean - Unesco - digital.pdf,pdf,13296153,2026-01-04T14:30:19,9c8402071471d179909aa69dc302f921a79cb641a0f1dcbbc69552aee4b68396,inventory_complete,source_document
codex_doc_000093,codex_src_000094,ceo-of-korber - pivot from manufacturer to tech stack.pdf,ceo-of-korber - pivot from manufacturer to tech stack.pdf,pdf,425319,2026-06-15T08:37:01,a4634372b150133e0439641881822e8fecc3147639582a0487c89d2feebc3560,inventory_complete,source_document
codex_doc_000094,codex_src_000095,Change Leaders - Creating resiliance in uncertain times.pdf,Change Leaders - Creating resiliance in uncertain times.pdf,pdf,108177,2026-06-15T08:30:33,3b3627117f788045f10e9250466be783db3e2d85bdd870ab71461b5e48939732,inventory_complete,source_document
codex_doc_000095,codex_src_000096,Chapter 7 Research - The Effects of Hierarchy on learning and performance.pdf,Chapter 7 Research - The Effects of Hierarchy on learning and performance.pdf,pdf,529054,2026-06-15T11:27:55,cbe06272df21e2a2362ed197f0092b691fb6c6d1b12039e66912e32085c76ea0,inventory_complete,source_document
codex_doc_000096,codex_src_000097,Chile - digital identity.pdf,Chile - digital identity.pdf,pdf,825042,2026-01-04T14:05:54,dde7bb047afe2c06d98d1a2f88ff8d6cad6ae801e42538548ed7607ff3e06867,inventory_complete,source_document
codex_doc_000097,codex_src_000098,China - NBRsr97-china-digital-ambitions.pdf,China - NBRsr97-china-digital-ambitions.pdf,pdf,1738220,2026-01-04T13:27:20,7c8b5ec0bafadf9a481c0a6a33e557160ddeb3f35ec589ca4f10b8ef29e55740,inventory_complete,source_document
codex_doc_000098,codex_src_000099,China _14th_Five_Year_Plan_EN.pdf,China _14th_Five_Year_Plan_EN.pdf,pdf,5461761,2026-01-04T13:26:36,72d8d8d01879c6f791199db0ee34269d26d325353ddcc4654d2002688933d092,inventory_complete,source_document
codex_doc_000099,codex_src_000100,China-Primer-Digital-Governance-2021_final.pdf,China-Primer-Digital-Governance-2021_final.pdf,pdf,1468773,2026-01-04T13:25:50,e07f711d19e7c9b9967d713b7e9ddb3c255f0285eae6b89ba0c4c205ac39be38,inventory_complete,source_document
codex_doc_000100,codex_src_000101,Chinese Communist Party's Layered Artificial Intelligence Strategy.pdf,Chinese Communist Party's Layered Artificial Intelligence Strategy.pdf,pdf,1809336,2026-01-04T13:29:38,a23813161372038ac5f2ba067dea4d529472513d8237934c7a52295b2b38ae3d,inventory_complete,source_document
codex_doc_000101,codex_src_000102,Competing digital capacities  between state-led digital governance and local data center tradeoffs.pdf,Competing digital capacities  between state-led digital governance and local data center tradeoffs.pdf,pdf,1136235,2026-01-12T11:10:01,9d4f8f7335a539d8019cc7d67fb05ce36bc0323488c2fa306259828a6654bf8c,inventory_complete,source_document
codex_doc_000102,codex_src_000103,Composable - Building-composable-enterprise-ebook.pdf,Composable - Building-composable-enterprise-ebook.pdf,pdf,298437,2026-01-16T14:02:37,7c8fb3d32212c033c62cdf726851800e9df563c6a80bb636fe1def3f511732e8,inventory_complete,source_document
codex_doc_000103,codex_src_000104,Composable - Communication_Holismand_the_Evolution_of_Sociopoli.pdf,Composable - Communication_Holismand_the_Evolution_of_Sociopoli.pdf,pdf,264080,2026-06-12T09:24:17,d6e5d1188c6873c643770e42900dc1a6b7066e42a13b13313b9616635f68e069,inventory_complete,source_document
codex_doc_000104,codex_src_000105,CONTINUOUS ADAPTATION.pdf,CONTINUOUS ADAPTATION.pdf,pdf,2352301,2026-06-22T11:58:20,f26b0f43c7de395ae36fab191ed0c709aa32fb7edf6417c4447ac0fa50fc392c,inventory_complete,source_document
codex_doc_000105,codex_src_000106,Costa Rica National AI Strategy.pdf,Costa Rica National AI Strategy.pdf,pdf,54964901,2026-01-04T14:00:42,ead252e93a2d4d269f4480a7a7beb2b45953d39c4398ec4bff99ffdfbbb3592f,inventory_complete,source_document
codex_doc_000106,codex_src_000107,Crusoe - 2026_AI_Infrastructure_Trends_Report.pdf,Crusoe - 2026_AI_Infrastructure_Trends_Report.pdf,pdf,8080200,2026-01-16T13:20:53,0c4bd76edd5ac731d47a2426b7c6e5d9367b5ed1a01048be20a02eacb5584c25,inventory_complete,source_document
codex_doc_000107,codex_src_000108,Customer Centricity - CDP and Attribution.pdf,Customer Centricity - CDP and Attribution.pdf,pdf,746287,2022-05-08T10:19:47,23a85d4758762577684b66f8c995fb62c80dd112e8e779f823757a6db585d5fb,inventory_complete,source_document
codex_doc_000108,codex_src_000109,Customer Centricity - Explore the B2B Elements of Value - Bain & Company.pdf,Customer Centricity - Explore the B2B Elements of Value - Bain & Company.pdf,pdf,169192,2022-05-03T11:14:49,8b0933b98d579d3d59cec3ccf0a89a47381e87336080ca9b2de4f29f1ba23fb6,inventory_complete,source_document
codex_doc_000109,codex_src_000110,Customer Centricity - Identity Management.pdf,Customer Centricity - Identity Management.pdf,pdf,3451866,2022-05-08T10:24:13,95bbc8068e7013e16e5f761b6bc75cf9693f47c8260781b8ba534b615044cbc8,inventory_complete,source_document
codex_doc_000110,codex_src_000111,Customer Centricity - The 30 Elements of Consumer Value_ A Hierarchy.pdf,Customer Centricity - The 30 Elements of Consumer Value_ A Hierarchy.pdf,pdf,1298336,2022-05-03T11:18:27,1c2bc035e362d23bb959e7253430511764618d636518fdda46d2666ec616649f,inventory_complete,source_document
codex_doc_000111,codex_src_000112,Customer Journey - Accenture-Moments-that-Matter-Full-Report.pdf,Customer Journey - Accenture-Moments-that-Matter-Full-Report.pdf,pdf,878575,2022-02-07T09:01:59,a9153d3a221f0fbeb1bf4f4ee7c71441c8594ec52cb6b8a8837ef94e1601d5e8,inventory_complete,source_document
codex_doc_000112,codex_src_000113,Czech Republic - AI.pdf,Czech Republic - AI.pdf,pdf,2696038,2026-01-04T15:50:39,b9b0c10f99b5ee962baad9994e49091564edec26b1e72fe2649499faa3c82512,inventory_complete,source_document
codex_doc_000113,codex_src_000114,Decentralized orchestration architecture for fluid computing.pdf,Decentralized orchestration architecture for fluid computing.pdf,pdf,4167386,2026-06-15T09:05:29,d480085aaca5742d1ed3d043140059c0a89ff1882006237543e7fb708f5765ed,inventory_complete,source_document
codex_doc_000114,codex_src_000115,Decisions_eBook_Universal_Orchestration_R1.pdf,Decisions_eBook_Universal_Orchestration_R1.pdf,pdf,250754,2026-06-15T08:22:57,2aea1bbf468960f6a777a22b320978a66a27d5a7263b9c0864479e6bbdca2965,inventory_complete,source_document
codex_doc_000115,codex_src_000116,Deloitte - DI_Tech-trends-2026 (1).pdf,Deloitte - DI_Tech-trends-2026 (1).pdf,pdf,2445820,2026-01-16T13:19:19,c7bf815eebe121b3bf3967649c13e578d562b6fae7162bb6de9f7b6c3095b450,inventory_complete,source_document
codex_doc_000116,codex_src_000117,Deloitte - DI_Tech-trends-2026.pdf,Deloitte - DI_Tech-trends-2026.pdf,pdf,2445820,2026-06-11T15:01:42,c7bf815eebe121b3bf3967649c13e578d562b6fae7162bb6de9f7b6c3095b450,inventory_complete,source_document
codex_doc_000117,codex_src_000118,Deloitte - hfs-horizons-agentic-services-2026.pdf,Deloitte - hfs-horizons-agentic-services-2026.pdf,pdf,2891148,2026-06-11T15:15:22,eaef959700f99a9477d0658c47befb97bf758c7e5a4f2bb5fed0295f8678e845,inventory_complete,source_document
codex_doc_000118,codex_src_000119,Deloitte - state-of-ai-2026-global.pdf,Deloitte - state-of-ai-2026-global.pdf,pdf,8226825,2026-06-11T14:11:28,df72e674c9719adfb025105c7fd271ee1466864a200226fdb5658378d2c15c7e,inventory_complete,source_document
codex_doc_000119,codex_src_000120,deloitte-digital-maturity-model.pdf,deloitte-digital-maturity-model.pdf,pdf,1267911,2023-12-27T17:56:46,834285ccff3f01eed97db9b1358661568345990ae0578605686a4719966aa5d0,inventory_complete,source_document
codex_doc_000120,codex_src_000121,deloitte-PoV-blockchain-media.pdf,deloitte-PoV-blockchain-media.pdf,pdf,2508189,2022-07-23T07:56:50,edc24d7d73d7238e7101e8ef1fc8799c4d08435ff7d01bcc196ee7d238dd30bf,inventory_complete,source_document
codex_doc_000121,codex_src_000122,Developments in dynamic and intelligent reconfiguration.pdf,Developments in dynamic and intelligent reconfiguration.pdf,pdf,1227788,2026-06-15T08:45:14,d852b92d83d4744d5d4cd2afc30583787020b9b3003919e598d9c3e4020f1bfd,inventory_complete,source_document
codex_doc_000122,codex_src_000123,DI_Tech-trends-2026.pdf,DI_Tech-trends-2026.pdf,pdf,2391633,2025-12-28T10:32:56,238262956e6f8f5b1baf59b3056ab3ddf469fee3e76ce3304e0f7e05ce1e1802,inventory_complete,source_document
codex_doc_000123,codex_src_000124,Digital Assessment - eCommerce sales by Category.pdf,Digital Assessment - eCommerce sales by Category.pdf,pdf,1436845,2022-05-03T12:12:07,eb8bdd1d79e8063c2a426fcc823b6ef47e63ba45ad800e2d9c9d43ea92d67f65,inventory_complete,source_document
codex_doc_000124,codex_src_000125,Digital Business Models.pdf,Digital Business Models.pdf,pdf,561967,2021-02-08T12:37:07,e975514475e94c6a0357a0cea6325f69fcc60c8e8fb11f3f68811f30a112d7ae,inventory_complete,source_document
codex_doc_000125,codex_src_000126,Digital Marketing Maturity - digital-marketing-maturity-guide.pdf,Digital Marketing Maturity - digital-marketing-maturity-guide.pdf,pdf,238735,2026-01-06T10:55:04,ed545d09b90bbf08eaea329ee3b7bd3703d4293737233def18d7448a9b26ecaa,inventory_complete,source_document
codex_doc_000126,codex_src_000127,Digital Transformation - 2026-digital-transformation-study.pdf,Digital Transformation - 2026-digital-transformation-study.pdf,pdf,355920,2026-06-11T14:57:11,037a364822314bc814a2f35dce4c22189f5dbe936b42f5e1cdf2cc5771d109d2,inventory_complete,source_document
codex_doc_000127,codex_src_000128,Digital Transformation - McKinsey Insights.pdf,Digital Transformation - McKinsey Insights.pdf,pdf,5556144,2022-05-03T10:25:29,766658d9dae68c36be9262baf4ffc7ec0fad3c4a3b34c5a2d421fb135d58e885,inventory_complete,source_document
codex_doc_000128,codex_src_000129,Digital transformation and organizational resiliance.pdf,Digital transformation and organizational resiliance.pdf,pdf,1594929,2026-06-15T09:49:08,1aeeb3d2adf7b11bdf2bc32e915d63c41698de067b5686ff008abf08c127d8a3,inventory_complete,source_document
codex_doc_000129,codex_src_000130,Digital-Access-Africa_Draft-Section-Nov-9_CT120222_Clean34.pdf,Digital-Access-Africa_Draft-Section-Nov-9_CT120222_Clean34.pdf,pdf,513624,2026-01-04T12:50:06,ff1b3e9db2b3e8a18b94d118ecb7931cf142705beb9a1fe7d3785ecb7c71a2ca,inventory_complete,source_document
codex_doc_000130,codex_src_000131,Digital_Transformation_Maturity_A_Systematic_Revie.pdf,Digital_Transformation_Maturity_A_Systematic_Revie.pdf,pdf,422594,2022-02-06T10:08:28,9abeecb4ea3f02c55b15b28e94c1c374253b5ee15a9fe96b031935510bd22781,inventory_complete,source_document
codex_doc_000131,codex_src_000132,DIGITALEUROPE-EUROPE-2030-A-DIGITAL-POWERHOUSE-FINAL_DECEMBER_WEB.pdf,DIGITALEUROPE-EUROPE-2030-A-DIGITAL-POWERHOUSE-FINAL_DECEMBER_WEB.pdf,pdf,6178177,2026-01-04T12:25:27,e7cdabddd733036e139181327ae240db9c3f36622dd3a66d56c37d7c62057aa0,inventory_complete,source_document
codex_doc_000132,codex_src_000133,Digitization of Public Diplomacy of Russia and Ukraine during the War_ 11.2024. MATVYEYEVA.pdf,Digitization of Public Diplomacy of Russia and Ukraine during the War_ 11.2024. MATVYEYEVA.pdf,pdf,6689961,2026-01-04T13:23:57,41b5ab03d06f3462e9c7197804c34eccdf9263749b242a31291330087475f08b,inventory_complete,source_document
codex_doc_000133,codex_src_000134,Driving Demand - Accenture-Market-Mix-Optimization.pdf,Driving Demand - Accenture-Market-Mix-Optimization.pdf,pdf,491353,2022-05-08T21:02:51,d3481b7849e9c19005fe34e5971c764fcbd99b1247fd10d4dbc9651c6a2e0697,inventory_complete,source_document
codex_doc_000134,codex_src_000135,Driving Demand - IAB-Cross-Media-Ad-Effectiveness-Study-Jan-11-2017.pdf,Driving Demand - IAB-Cross-Media-Ad-Effectiveness-Study-Jan-11-2017.pdf,pdf,1342445,2022-05-08T20:58:06,0e73e852ded7cf13ece71483b61bfe2e4d32e15b4f09e38e6096d3a6c1caf488,inventory_complete,source_document
codex_doc_000135,codex_src_000136,DTS_for_Africa_2020-2030_English.pdf,DTS_for_Africa_2020-2030_English.pdf,pdf,2923264,2026-01-04T12:48:35,378be91da7d58784048772bc9c854675ed0816e7c4a9ec0872fc5015ec8615df,inventory_complete,source_document
codex_doc_000136,codex_src_000137,dubai-digitized-roadmap.pdf,dubai-digitized-roadmap.pdf,pdf,9074306,2026-01-04T13:33:17,5d6d73b520cdddcc2e3b0a06f6d7a02c63e83c47b487e2c4e1fa4784506f249a,inventory_complete,source_document
codex_doc_000137,codex_src_000138,"Dynamic Capabilities - Teece, Pisano and Shuen (1997).pdf","Dynamic Capabilities - Teece, Pisano and Shuen (1997).pdf",pdf,887185,2026-06-22T11:24:42,9b09778769ee88bf87bdd0000cecbc21c69cfa7275ce6561bf961d2b2afde4ba,inventory_complete,source_document
codex_doc_000138,codex_src_000139,"Dynamic Capabilities and Strategic Management - Teece, Pisano and Shuen (1997).pdf","Dynamic Capabilities and Strategic Management - Teece, Pisano and Shuen (1997).pdf",pdf,887185,2026-06-15T08:25:43,9b09778769ee88bf87bdd0000cecbc21c69cfa7275ce6561bf961d2b2afde4ba,inventory_complete,source_document
codex_doc_000139,codex_src_000140,dynamic-capabilities-as-workable-management-systems-theory.pdf,dynamic-capabilities-as-workable-management-systems-theory.pdf,pdf,195649,2026-06-22T11:27:55,86113657f30a8f76f74af0169174a6138618869a9de064f595e4f9ae2566604e,inventory_complete,source_document
codex_doc_000140,codex_src_000141,E-Estonia_-Blueprint-for-a-Digital-Nation.pdf,E-Estonia_-Blueprint-for-a-Digital-Nation.pdf,pdf,1720879,2026-01-04T12:23:16,687061a198258572fddf55bf9e9b7ed3d8afbf64171cc85d3ea32ff052a8a30d,inventory_complete,source_document
codex_doc_000141,codex_src_000142,Earned Media - Academic Reseach on impact of social media on purchase intent.pdf,Earned Media - Academic Reseach on impact of social media on purchase intent.pdf,pdf,699699,2022-05-10T15:59:38,97a792aa6b7d4e1769d55fdfb10543b92fe5c82cd1afc9606e1099dc82ba466c,inventory_complete,source_document
codex_doc_000142,codex_src_000143,Earned Media - Academic Research on impact of UGC and FGC on funnel.pdf,Earned Media - Academic Research on impact of UGC and FGC on funnel.pdf,pdf,1478236,2022-05-10T16:07:18,5619c13aee775446e127b40bb115e7bef3d08f37eb270457f9d9b5b121c451bd,inventory_complete,source_document
codex_doc_000143,codex_src_000144,EBSCO-FullText-06_15_2026.pdf,EBSCO-FullText-06_15_2026.pdf,pdf,108177,2026-06-15T08:29:48,3b3627117f788045f10e9250466be783db3e2d85bdd870ab71461b5e48939732,inventory_complete,source_document
codex_doc_000144,codex_src_000145,eCommerce and physical retail shifts - Placer.io.pdf,eCommerce and physical retail shifts - Placer.io.pdf,pdf,1894325,2022-05-03T10:20:04,22f2bbd07a473fcfe3a48f835a0111898e2ee021537d52c418e60b2274b66635,inventory_complete,source_document
codex_doc_000145,codex_src_000146,eCommerce Trends Report.pdf,eCommerce Trends Report.pdf,pdf,22286455,2022-03-24T10:05:55,db2d0befecbe02645a742937f5d92a41fd2168a6714742bc8aa168a2656b4131,inventory_complete,source_document
codex_doc_000146,codex_src_000147,Economic-Index-5-v2 (1).pdf,Economic-Index-5-v2 (1).pdf,pdf,1343638,2026-06-11T11:35:12,adf4c8d0636038b8b8ceb45593724609d8b68f5412e662105c3dc3bde6e121f2,inventory_complete,source_document
codex_doc_000147,codex_src_000148,Ecuador - Digital Transformation.pdf,Ecuador - Digital Transformation.pdf,pdf,649283,2026-01-04T14:09:18,bc2ba3fe6778d2730a566de02b0a21ec98392e232178a2d7b56bc22e3dbcf3dc,inventory_complete,source_document
codex_doc_000148,codex_src_000149,Egypt - AI.pdf,Egypt - AI.pdf,pdf,10723962,2026-01-04T15:36:58,4e5739e811831c8da71e9a649f9709302939833e03fbbd026123455a441e2060,inventory_complete,source_document
codex_doc_000149,codex_src_000150,Eluvio and Warner Bros LOTR Case Study.pdf,Eluvio and Warner Bros LOTR Case Study.pdf,pdf,3568643,2023-03-07T14:00:21,db594b10d8101ad46c02d3785d4f864d7fda5d76b2a40a4fca0c2c99ceee73d4,inventory_complete,source_document
codex_doc_000150,codex_src_000151,Eluvio Content Fabric Protocol Whitepaper.pdf,Eluvio Content Fabric Protocol Whitepaper.pdf,pdf,2891122,2022-10-24T17:20:47,97a44069b09255ae1de1417e812af42d2055d1980fe2330b9e764a30b1de690b,inventory_complete,source_document
codex_doc_000151,codex_src_000152,"Enterprise architecture approach for project-based organizations modeling,.pdf","Enterprise architecture approach for project-based organizations modeling,.pdf",pdf,5281141,2026-06-15T12:59:03,029229f74b9a83331f08cbb7c9e8f591d834feefb1650b6ef03920c229fedd30,inventory_complete,source_document
codex_doc_000152,codex_src_000153,Entreprenuerial ecosystem mechanisms.pdf,Entreprenuerial ecosystem mechanisms.pdf,pdf,3280124,2026-06-22T11:47:48,8cb0049d56efc5c415de0f85781f782f1de2da32a406febabeea1894bd30e677,inventory_complete,source_document
codex_doc_000153,codex_src_000154,Estonian National Digital Decade Strategic Roadmap 2025.pdf,Estonian National Digital Decade Strategic Roadmap 2025.pdf,pdf,2546383,2026-01-04T12:22:35,69b503cb27689864e3dd69153cb89621d85eb426bae45b13a661e0a427ba3aeb,inventory_complete,source_document
codex_doc_000154,codex_src_000155,EU and Asia Digitization.pdf,EU and Asia Digitization.pdf,pdf,16240005,2026-01-04T12:40:33,5999fcba7a1f6c1f6466442292741a8c3510e06bb06f68483b0d6b4534b54136,inventory_complete,source_document
codex_doc_000155,codex_src_000156,Exploring the role of service modularity in knowledge based service firms.pdf,Exploring the role of service modularity in knowledge based service firms.pdf,pdf,692209,2026-06-15T08:49:52,be23da74a8798780286fb17d2010ba7fcff4d8f50aa5ce95aa4270100d620d2b,inventory_complete,source_document
codex_doc_000156,codex_src_000157,EY - ai-sentiment-study-wave-04-2026.pdf,EY - ai-sentiment-study-wave-04-2026.pdf,pdf,19239441,2026-06-11T14:38:56,6706adcaf57c263b01c195dbcabdbc9b7fbc0bf4c5678f161de7514ccfefd1b7,inventory_complete,source_document
codex_doc_000157,codex_src_000158,feb-2023-global-consumer-insights-survey-pulse-5-pwc-global.pdf,feb-2023-global-consumer-insights-survey-pulse-5-pwc-global.pdf,pdf,5703707,2023-06-13T07:41:21,eb9ca68eb7f5ef7a1dc894f6e6e01c24790623e5a0ac206e18bb3c57f69604d9,inventory_complete,source_document
codex_doc_000158,codex_src_000159,fpsyg-11-588172.pdf,fpsyg-11-588172.pdf,pdf,720283,2026-06-22T12:05:48,b64b95c89f45acbefebc790ca13f7ba8ec521e786f4723c93af8ba62e2968dc3,inventory_complete,source_document
codex_doc_000159,codex_src_000160,FTI-Foresight-Funnel.pdf,FTI-Foresight-Funnel.pdf,pdf,4990884,2023-12-23T12:49:38,a9dc7bf2afeb024a79047da5c71be245dac07f85252db1a580a7ed9768c528f7,inventory_complete,source_document
codex_doc_000160,codex_src_000161,"G20 Digital Future - Comprehensive Comparative Analysis of National AI, Blockchain and Digital Strategies.pdf","G20 Digital Future - Comprehensive Comparative Analysis of National AI, Blockchain and Digital Strategies.pdf",pdf,151398,2026-01-05T12:09:11,193e2a20cd797892d07e31ac570c8a47e61abab6ea922bd29a3cc0c91e1f85f5,inventory_complete,source_document
codex_doc_000161,codex_src_000162,Gartner - 2026-top-tech-trends.pdf,Gartner - 2026-top-tech-trends.pdf,pdf,5826465,2026-01-16T13:17:42,c0c5931193745cd5e4eb99582a12cffde63b16ba0eb4d70802dc77b3201187a9,inventory_complete,source_document
codex_doc_000162,codex_src_000163,Generative AI platforms as institutional catalysts of digital.pdf,Generative AI platforms as institutional catalysts of digital.pdf,pdf,8840332,2026-06-15T09:02:46,1893fe9eb2276c27a81953c617f43c1281b9d04854d68f3e80576782da26b712,inventory_complete,source_document
codex_doc_000163,codex_src_000164,Ghana - Financial Inclusion via Digital.pdf,Ghana - Financial Inclusion via Digital.pdf,pdf,626834,2026-01-12T11:17:06,6e06e70a322d7590e05a0d290d8859b031ce762fe6b4e310bf51b2b2004671e6,inventory_complete,source_document
codex_doc_000164,codex_src_000165,Global - 2025-Government-AI-Readiness-Index-2.pdf,Global - 2025-Government-AI-Readiness-Index-2.pdf,pdf,10632573,2026-01-04T14:36:46,29ccd10e098792a5da90c09b0285035838bd213280af9525877b06547afdefd0,inventory_complete,source_document
codex_doc_000165,codex_src_000166,Global - ai_vibrancy_tool_paper_november 2024.pdf,Global - ai_vibrancy_tool_paper_november 2024.pdf,pdf,6412972,2026-06-11T15:34:38,b49c32502fbee39c83b2921b29c3c2aa9d332f332a2a3707c6d8e90165e930c0,inventory_complete,source_document
codex_doc_000166,codex_src_000167,"Global - Digital Progress and Trends Report 2025, Strengthening AI Foundations.pdf","Global - Digital Progress and Trends Report 2025, Strengthening AI Foundations.pdf",pdf,3421090,2026-01-04T14:12:46,b120b4fc5c30de01e3823384fb02f5215a8268a3d59e2b645d74e9592859ade2,inventory_complete,source_document
codex_doc_000167,codex_src_000168,Global - Digital-Economy-Trends-2026.pdf,Global - Digital-Economy-Trends-2026.pdf,pdf,20121249,2026-06-11T15:26:50,0b4e82f2a4765f2434736e4706e7c9668ff40d1810c6e6abfe3ebda54c994a0a,inventory_complete,source_document
codex_doc_000168,codex_src_000169,Global - Digitization and Intelligence Index.pdf,Global - Digitization and Intelligence Index.pdf,pdf,10477552,2026-01-04T14:18:21,095e7dd2091dce30c6b3a73e6b5dfa1ff0fa0211c95fc99ba43126c545bc0d7e,inventory_complete,source_document
codex_doc_000169,codex_src_000170,Global - IMF - Global Impact of AI.pdf,Global - IMF - Global Impact of AI.pdf,pdf,837481,2026-01-04T15:18:05,167f0662a61f25efdbe67ad7d8b8d8b57e72ee528c9b5969835603c9fbf33f41,inventory_complete,source_document
codex_doc_000170,codex_src_000171,Global - Smart City Investment.pdf,Global - Smart City Investment.pdf,pdf,8015561,2026-01-04T15:14:00,c3007e79f3d20409f8876b2458579a2db720758eeb34c185d83f390e9247738c,inventory_complete,source_document
codex_doc_000171,codex_src_000172,Global - Smart City Predictions - IDC_FutureScape_Worldwide_Smart_Cities_and_Communities_2024_Predictions_-_2023_Oct.pdf,Global - Smart City Predictions - IDC_FutureScape_Worldwide_Smart_Cities_and_Communities_2024_Predictions_-_2023_Oct.pdf,pdf,657326,2026-01-04T15:06:36,03418d6986c5c42391896ee6cae7e18a99743b60d9a0fe9a93eea6fcfaaa23ad,inventory_complete,source_document
codex_doc_000172,codex_src_000173,Global - Smart-Cities-in-the-Digital-Age_251029_124718_251029_204141.pdf,Global - Smart-Cities-in-the-Digital-Age_251029_124718_251029_204141.pdf,pdf,1318411,2026-01-04T15:03:45,89c85eaadbc01bba176d001e12de3dd1ad795c6d6f1c8f64d726fa550627a5b6,inventory_complete,source_document
codex_doc_000173,codex_src_000174,Global - The_Industry_5.0_(I50)_paradigm.pdf,Global - The_Industry_5.0_(I50)_paradigm.pdf,pdf,2050539,2026-01-12T11:37:00,c0c3989c4eed4758cfd814533eeb498a989538a4c9532067f42b1faefee64657,inventory_complete,source_document
codex_doc_000174,codex_src_000175,Global - VC Activity - CB-Insights_Artificial-Intelligence-Report-2025.pdf,Global - VC Activity - CB-Insights_Artificial-Intelligence-Report-2025.pdf,pdf,10053018,2026-01-18T10:53:29,8cb405a6a57445707de1f4df95d96f7dcd9187244f165f055c6fc46f46607fdb,inventory_complete,source_document
codex_doc_000175,codex_src_000176,Global - WEF - WEF_Advancing_Responsible_AI_Innovation_A_Playbook_2025.pdf,Global - WEF - WEF_Advancing_Responsible_AI_Innovation_A_Playbook_2025.pdf,pdf,2203942,2026-01-04T15:16:30,8ca892cbdc25e5e2c93090c36ec95d099cffa8b1006d9974babd81be3860611a,inventory_complete,source_document
codex_doc_000176,codex_src_000177,Global - WEF - WEF_AI_in_Action_Beyond_Experimentation_to_Transform_Industry_2025.pdf,Global - WEF - WEF_AI_in_Action_Beyond_Experimentation_to_Transform_Industry_2025.pdf,pdf,2832462,2026-01-04T15:15:30,1db948361c952c08b3ddb1be4bb88dd32b2486ed7ae99f0b47409b86256c4228,inventory_complete,source_document
codex_doc_000177,codex_src_000178,Global - WIPO-pub-2000-2025-exec-en-global-innovation-index-2025.pdf,Global - WIPO-pub-2000-2025-exec-en-global-innovation-index-2025.pdf,pdf,11046098,2026-01-04T15:32:01,87f0f64f2c07cdcc2f5c5b0951e9fdb5532eeaa16dcf61e4c3a82ddc49d7e55b,inventory_complete,source_document
codex_doc_000178,codex_src_000179,Global - World Trade Report - Digital.pdf,Global - World Trade Report - Digital.pdf,pdf,3260221,2026-01-04T14:28:36,28f4a1e6149dc2a234acd3640cf0e71885ca8ada74187bb23b26d008536ae802,inventory_complete,source_document
codex_doc_000179,codex_src_000180,Global Analysis - Group 1.pdf,Global Analysis - Group 1.pdf,pdf,77217,2026-01-05T12:11:53,a7dc1ec85179fcc6716f9caefa35b29893dc4a752a432a29abd519ae0098c5b0,inventory_complete,source_document
codex_doc_000180,codex_src_000181,Global Analysis - Group 2.pdf,Global Analysis - Group 2.pdf,pdf,71577,2026-01-05T12:12:17,93d8c7a0cf96e5afc04fe819188585d642a72aa7bde966b1ad22904e361523fc,inventory_complete,source_document
codex_doc_000181,codex_src_000182,Global Analysis - Group 3.pdf,Global Analysis - Group 3.pdf,pdf,52038,2026-01-05T12:12:39,850aab3152a6b188b0f6ba3a5f13e82be67989121185c375faef6575d71e4260,inventory_complete,source_document
codex_doc_000182,codex_src_000183,"Global Context Analysis - AI, Digital, Blockchain and Smart City.pdf","Global Context Analysis - AI, Digital, Blockchain and Smart City.pdf",pdf,84328,2026-01-05T12:10:48,7e193b924ea9118e97bb88922401b1b2f9e181e181a3bb2f5d9bf3b2dfa95fab,inventory_complete,source_document
codex_doc_000183,codex_src_000184,Go to Market Frameworks - B2B and Account Based Marketing.pdf,Go to Market Frameworks - B2B and Account Based Marketing.pdf,pdf,9825563,2022-05-08T20:10:46,748fc78230e74df3b60b5b87ffbd60c4164481b823b7aa58692cf74e63772f74,inventory_complete,source_document
codex_doc_000184,codex_src_000185,goldman-sachs-david-solomon-on-adapting-to-disruption_final.pdf,goldman-sachs-david-solomon-on-adapting-to-disruption_final.pdf,pdf,314047,2026-06-15T08:34:01,75a0f985e8b00dfdd9c67e6f2c85440661b058bbaeb0a8382efeb379e44bbbbc,inventory_complete,source_document
codex_doc_000185,codex_src_000186,Governing complexity in sustainable innovation ecosystems - An empirical.pdf,Governing complexity in sustainable innovation ecosystems - An empirical.pdf,pdf,2966474,2026-06-15T09:50:06,d5c7233c6099582da46b9e902c1868358cfa318b0c81c89a340c102833637e28,inventory_complete,source_document
codex_doc_000186,codex_src_000187,Governing complexity in sustainable innovation ecosystems.pdf,Governing complexity in sustainable innovation ecosystems.pdf,pdf,2949713,2026-06-15T12:57:33,1dccf886e4956298887e6ab1e745063f1dcb541c9f0cc0e407131849a003de66,inventory_complete,source_document
codex_doc_000187,codex_src_000188,Govt - US - ERP-2026-5.-The-Revolution-of-Artificial-Intelligence.pdf,Govt - US - ERP-2026-5.-The-Revolution-of-Artificial-Intelligence.pdf,pdf,259114,2026-06-11T14:39:40,82b26f1594294c2fa542edd9adb976a8ec14c7881614ca27061122d40ed1e08e,inventory_complete,source_document
codex_doc_000188,codex_src_000189,Guyana - Digital Transformation.pdf,Guyana - Digital Transformation.pdf,pdf,734765,2026-01-04T14:26:06,5067f54dd39d585d1246477f6f5309e66169eac1eb22068d97bbf7728e28840a,inventory_complete,source_document
codex_doc_000189,codex_src_000190,hilton-president-and-ceo-chris-nassetta-on-culture-strategy-and-reinvention_final.pdf,hilton-president-and-ceo-chris-nassetta-on-culture-strategy-and-reinvention_final.pdf,pdf,441688,2026-06-15T08:35:53,3c3e2c5bf4bb13413cb58a1eb83fd25abf98099c2276e6acbc5c2808f4cde17d,inventory_complete,source_document
codex_doc_000190,codex_src_000191,HootsuiteSocialTrends2026_Report_en.pdf,HootsuiteSocialTrends2026_Report_en.pdf,pdf,26381784,2026-01-28T07:31:31,3fea26fbd6ebd5ba03cebd23f824e8a1c3a1f58f44fe41507257090dfbe3b68f,inventory_complete,source_document
codex_doc_000191,codex_src_000192,How digital transformation enhances firm performance through capability.pdf,How digital transformation enhances firm performance through capability.pdf,pdf,1561911,2026-06-15T08:47:20,1d2222630dbe906a745fadb850ab0a50f9e0b94d7b59c60c3eb7761bc036b1ec,inventory_complete,source_document
codex_doc_000192,codex_src_000193,How enterprise architecture leads to organisational benefits.pdf,How enterprise architecture leads to organisational benefits.pdf,pdf,1859670,2026-06-15T09:50:33,f02bb7eec272ac996eaf9121903725649ffa2f204c3322b893d2b3dc5c2909d7,inventory_complete,source_document
codex_doc_000193,codex_src_000194,How to Build Adaptive Strategy Fit for Disrupted Times.pdf,How to Build Adaptive Strategy Fit for Disrupted Times.pdf,pdf,271712,2023-12-27T18:48:46,7af41a8637e123c1724662b3a8fa0068af29cabea23b09d996e7454f138fe256,inventory_complete,source_document
codex_doc_000194,codex_src_000195,How to Do a Competitive Landscape Analysis.pdf,How to Do a Competitive Landscape Analysis.pdf,pdf,2213372,2023-12-27T17:51:10,216ca1a999588483f02d27924ae93650aaf54d2eeb6588d77f2835d377133cf8,inventory_complete,source_document
codex_doc_000195,codex_src_000196,How usefull is the theory of disruptive innovation.pdf,How usefull is the theory of disruptive innovation.pdf,pdf,592320,2026-06-15T07:53:05,593074c3b032f54a9b36d187f3dc556425ae654793f3507bcab625afb548e86d,inventory_complete,source_document
codex_doc_000196,codex_src_000197,How-digital-reinventors-are-pulling-away-from-the-pack.pdf,How-digital-reinventors-are-pulling-away-from-the-pack.pdf,pdf,3262668,2022-03-18T09:16:12,078ab734ddb16f89374661ebd5edfc9cb4951a836221776f5cc3d04084fc5c42,inventory_complete,source_document
codex_doc_000197,codex_src_000198,how-to-assess-the-performance-of-your-composable-architecture.pdf,how-to-assess-the-performance-of-your-composable-architecture.pdf,pdf,6646800,2026-06-15T10:47:10,29ae18bc8df73c2354cac76d38299ef35a2aadf0fad29576e26919251fd19d20,inventory_complete,source_document
codex_doc_000198,codex_src_000199,IBM - 5-trends-for-2026.pdf,IBM - 5-trends-for-2026.pdf,pdf,2188973,2026-01-16T13:22:52,8f639bdf465b6fbe326277c3e6687fa0d8dd7a0f6539026ae70051756ef2e94e,inventory_complete,source_document
codex_doc_000199,codex_src_000200,IBM - roi-guide-agentic-ai-gated-ebook.pdf,IBM - roi-guide-agentic-ai-gated-ebook.pdf,pdf,618572,2026-01-16T13:24:40,486d62c7c84229e51c0eb95372afbeec35b2f9425dcd46e41b0a5a1023662351,inventory_complete,source_document
codex_doc_000200,codex_src_000201,Iceland - AI Action Plan electronic version.pdf,Iceland - AI Action Plan electronic version.pdf,pdf,7221361,2026-01-04T15:30:02,77fea448f9076ca0f0d43f903c564a149497ec0466546945a2da1f6536cc61f1,inventory_complete,source_document
codex_doc_000201,codex_src_000202,IMD - World Digital Competitiveness _Report 2024.pdf,IMD - World Digital Competitiveness _Report 2024.pdf,pdf,2901940,2026-06-11T15:50:24,947e5f8806b09c3c6698deb25fd9a4f1095ec6a4892acb4aef80f4a264a2c1da,inventory_complete,source_document
codex_doc_000202,codex_src_000203,IMD - World Digital Competitiveness _Report_2025.pdf,IMD - World Digital Competitiveness _Report_2025.pdf,pdf,9307925,2026-06-11T15:49:35,d12e1a46a06c8ed1868db7d60f1e1584f12bd1960c6ce12235e0874261fc4bdc,inventory_complete,source_document
codex_doc_000203,codex_src_000204,IMF - Global AI preparedness 2025.pdf,IMF - Global AI preparedness 2025.pdf,pdf,837481,2026-06-11T15:42:05,167f0662a61f25efdbe67ad7d8b8d8b57e72ee528c9b5969835603c9fbf33f41,inventory_complete,source_document
codex_doc_000204,codex_src_000205,Immunity-to-Change-Blank-and-Examples.pdf,Immunity-to-Change-Blank-and-Examples.pdf,pdf,97005,2026-06-22T11:22:05,f1e3d07cccd75e01bdb8ccd5483a19512b12a41344f022dc4fbdb4a674eabc76,inventory_complete,source_document
codex_doc_000205,codex_src_000206,Indonesia - Digital.pdf,Indonesia - Digital.pdf,pdf,2521157,2026-01-04T16:11:34,de27433ebc9b48aca6486bf53b713b5822c565e42465f040e058a559e7620645,inventory_complete,source_document
codex_doc_000206,codex_src_000207,Industrial information integration through autonomous AI agents.pdf,Industrial information integration through autonomous AI agents.pdf,pdf,4518267,2026-06-15T08:58:55,510c671f41f0c11e217f8cdd10d54e848e5a9e23a2de987f4c2f925713a273d2,inventory_complete,source_document
codex_doc_000207,codex_src_000208,Informatica-White-Paper.pdf,Informatica-White-Paper.pdf,pdf,7515612,2026-06-18T09:18:38,a63b68fe2289b3007a888048589fe2b2dbe4af0b2750b3f1d796c30a222fe6c7,inventory_complete,source_document
codex_doc_000208,codex_src_000209,Is transparency the new green - How business model transparency.pdf,Is transparency the new green - How business model transparency.pdf,pdf,3610605,2026-06-15T08:12:31,987aed1479ce9b66c935e57dd08339ae96b2a96e8236c9c15933cff7533e6541,inventory_complete,source_document
codex_doc_000209,codex_src_000210,JP Morgan - 2026-tech-trends-the-end-of-app-switching.pdf,JP Morgan - 2026-tech-trends-the-end-of-app-switching.pdf,pdf,1940379,2026-06-11T15:16:34,98c1f1f0003f376fe48813e4c0c8822d586f6c9d3db46f5fcb5a7ed00d516b5f,inventory_complete,source_document
codex_doc_000210,codex_src_000211,JP Morgan - tech-trends-2026-report.pdf,JP Morgan - tech-trends-2026-report.pdf,pdf,11571421,2026-06-11T15:02:17,0a7e5695d3764d1a922bde1cb0ed5b5baea809714014120965a0c13933313328,inventory_complete,source_document
codex_doc_000211,codex_src_000212,Kenya - AI Strategy 2025 - 2030.pdf,Kenya - AI Strategy 2025 - 2030.pdf,pdf,23931312,2026-01-04T15:45:32,55e33e3ebf2c78bb8024bae1229fa7d557e32eeb81726021f5d163a637e3b145,inventory_complete,source_document
codex_doc_000212,codex_src_000213,Kinetetic - Part_I_Kinetic_Economy_Thesis.docx,Kinetetic - Part_I_Kinetic_Economy_Thesis.docx,docx,29188,2025-11-22T13:39:05,7524b7e7d04163ee034b5686b4922cc78c6dec588178ba362ae67d097405dd1a,inventory_complete,source_document
codex_doc_000213,codex_src_000214,Kinetic Models.pdf,Kinetic Models.pdf,pdf,1412373,2026-01-18T15:35:07,c486c0f138cbb98b299074265d314632187d441fdba8e3bf2eab9c97c9b46da9,inventory_complete,source_document
codex_doc_000214,codex_src_000215,Kinetic Organization - Chapter 6 and 7 Case Study Briefs.docx,Kinetic Organization - Chapter 6 and 7 Case Study Briefs.docx,docx,37171,2026-06-16T10:27:08,17054b8f386674e238dc6669a436ba7d83e7037e3a5849d89d22359a79ecb1d0,inventory_complete,source_document
codex_doc_000215,codex_src_000216,Kinetic Research - Composability.docx,Kinetic Research - Composability.docx,docx,418226,2026-06-15T11:03:36,de781bdb1449144bfa84249b6c58b925de28d7d22be5a122792f4d18fe0f5389,inventory_complete,source_document
codex_doc_000216,codex_src_000217,"KINETIC_001_A) - Academic - IMPACT OF ARTIFICIAL INTELLIGENCE ON BUSINESS, BUSINESS OPERATIONS AND STRATEGY.pdf","KINETIC_001_A) - Academic - IMPACT OF ARTIFICIAL INTELLIGENCE ON BUSINESS, BUSINESS OPERATIONS AND STRATEGY.pdf",pdf,819318,2025-12-07T11:10:31,ddedf1ca29f94dc8d257cd476ec32a1c61d692efe5cf119705e97b45cfbe6b3c,inventory_complete,source_document
codex_doc_000217,codex_src_000218,KINETIC_002_Accenture - Resiliency-in-the-making-report.pdf,KINETIC_002_Accenture - Resiliency-in-the-making-report.pdf,pdf,8572011,2025-09-11T14:18:45,c6adfafbf261673d1f4268f68ca9adcaa68345e661a034ccb64d12d15ba96604,inventory_complete,source_document
codex_doc_000218,codex_src_000219,KINETIC_003_Accenture-Art-of-AI-Maturity-Report-Global-Revised.pdf,KINETIC_003_Accenture-Art-of-AI-Maturity-Report-Global-Revised.pdf,pdf,7861335,2025-08-02T12:30:43,ca465379a8c47f9ff9522bb4c61126ed176240a6d99348c88a7453d6b828b9e9,inventory_complete,source_document
codex_doc_000219,codex_src_000220,KINETIC_004_Accenture-Digital-Core-Chapter-2-report.pdf,KINETIC_004_Accenture-Digital-Core-Chapter-2-report.pdf,pdf,2903555,2025-09-11T14:17:22,45147528340234de00ae08a62dd20de0bc1a456156cd674690e5d78d08fb6007,inventory_complete,source_document
codex_doc_000220,codex_src_000221,KINETIC_005_Accenture-Resilience-Redefined-From-Readiness-to-Reinvention.pdf,KINETIC_005_Accenture-Resilience-Redefined-From-Readiness-to-Reinvention.pdf,pdf,7224590,2025-09-11T14:16:32,94665945d18f082d56afec2359024f0749b8fb020cf596bade9a68546fb4fb8e,inventory_complete,source_document
codex_doc_000221,codex_src_000222,KINETIC_006_Accenture-Tech-Vision-2025.pdf,KINETIC_006_Accenture-Tech-Vision-2025.pdf,pdf,2634543,2025-09-11T14:16:57,26a242140fe5aa1073a1c0b43fc6a6aa9b2639054e592d4a3fe09fd1dea679b3,inventory_complete,source_document
codex_doc_000222,codex_src_000223,KINETIC_007_Adaptability - Academic -  Re‐examining Strategic Flexibility  A Meta‐Analysis of its Antecedents.pdf,KINETIC_007_Adaptability - Academic -  Re‐examining Strategic Flexibility  A Meta‐Analysis of its Antecedents.pdf,pdf,524974,2025-12-07T14:14:50,1a858662df08e503ca1a0e1a48b0d5f145bdb171cfb010ddf288b29145f59ff4,inventory_complete,source_document
codex_doc_000223,codex_src_000224,KINETIC_008_Adaptability - Academic - A dynamic capabilities view of improvement capabilities.pdf,KINETIC_008_Adaptability - Academic - A dynamic capabilities view of improvement capabilities.pdf,pdf,169123,2025-12-07T11:14:29,678136f0a2c303f3ad0dbef01b07994d899bb03f5e46f7c7aecd0d2ea254093d,inventory_complete,source_document
codex_doc_000224,codex_src_000225,KINETIC_009_Adaptability - Academic - Adaptive Capacity.pdf,KINETIC_009_Adaptability - Academic - Adaptive Capacity.pdf,pdf,1090874,2025-12-06T11:13:34,3fd4bd96145ee4331c6d6a12aeba5e8ae3381ba78a8976342d918021eb2bc49a,inventory_complete,source_document
codex_doc_000225,codex_src_000226,KINETIC_010_Adaptability - Academic - Addressing Policy Challenges of Disruptive Technologies.pdf,KINETIC_010_Adaptability - Academic - Addressing Policy Challenges of Disruptive Technologies.pdf,pdf,686631,2025-12-07T14:41:31,94b71a65a27b91d5ce146906ea3f3affb43d4573be8ca5cf2e1cbb3b0bd57f39,inventory_complete,source_document
codex_doc_000226,codex_src_000227,KINETIC_011_Adaptability - Academic - Disentangling organizational agility.pdf,KINETIC_011_Adaptability - Academic - Disentangling organizational agility.pdf,pdf,1913040,2025-12-07T11:42:41,9c7aaf62ae1f8fbfa84f3cee9fe0f4136606159e2197065c446d5a6680e9a339,inventory_complete,source_document
codex_doc_000227,codex_src_000228,KINETIC_012_Adaptability - Academic - How can firms locate proactive strategic flexibility in their new product development process.pdf,KINETIC_012_Adaptability - Academic - How can firms locate proactive strategic flexibility in their new product development process.pdf,pdf,938122,2025-12-07T14:18:54,5b3ef248d308583179552120a9e1a33638e84e25f6a4a814eed6998d5bde173f,inventory_complete,source_document
codex_doc_000228,codex_src_000229,KINETIC_013_Adaptability - Academic - Industry 4.0 and sustainable business models An intercontinental sample.pdf,KINETIC_013_Adaptability - Academic - Industry 4.0 and sustainable business models An intercontinental sample.pdf,pdf,594827,2025-12-07T15:06:54,db8b27c937fa73a8b5b167c29ae46abd0f924721abd1a73b0151e57676cdfe55,inventory_complete,source_document
codex_doc_000229,codex_src_000230,KINETIC_014_Adaptability - Academic - Investigating_the_Influence_of_Artificial_Intellig.pdf,KINETIC_014_Adaptability - Academic - Investigating_the_Influence_of_Artificial_Intellig.pdf,pdf,2086509,2025-12-07T15:37:06,56e59c6d8f00f2cfc4990aed25be06e0fa3873616802ee7f64dc72240af04c74,inventory_complete,source_document
codex_doc_000230,codex_src_000231,KINETIC_015_Adaptability - Academic - Moderation Effect of Technology Environment and Market Environment.pdf,KINETIC_015_Adaptability - Academic - Moderation Effect of Technology Environment and Market Environment.pdf,pdf,1189674,2025-12-07T11:19:55,ab533a3db88815926ac7b61d8285cf7e18cb86cb7d937f00e3fb21f484c9f586,inventory_complete,source_document
codex_doc_000231,codex_src_000232,KINETIC_016_Adaptability - Academic - Strategic Agility Achieving Superior Organizational.pdf,KINETIC_016_Adaptability - Academic - Strategic Agility Achieving Superior Organizational.pdf,pdf,1218914,2025-12-07T14:07:06,f2824311726565e007da8b1e77f7969ac37b4b8a46d6762cacb91b52fd3f8e3d,inventory_complete,source_document
codex_doc_000232,codex_src_000233,"KINETIC_017_Adaptability - Academic - Strategic Flexibility, Environmental Dynamism, and Innovation Performance An Empirical Study.pdf","KINETIC_017_Adaptability - Academic - Strategic Flexibility, Environmental Dynamism, and Innovation Performance An Empirical Study.pdf",pdf,452975,2025-12-07T14:12:14,db7c0889f9e455c479632b09772089d9089944361464a212e2b78858a29fecd7,inventory_complete,source_document
codex_doc_000233,codex_src_000234,KINETIC_018_Adaptability - Academic - Strategic Management - A Conceptual Framework.pdf,KINETIC_018_Adaptability - Academic - Strategic Management - A Conceptual Framework.pdf,pdf,1262268,2025-12-07T14:32:41,6f299b568343e380ff206d5ec01a2f4dcfb8b7c018e9021648282cbc043f38d4,inventory_complete,source_document
codex_doc_000234,codex_src_000235,KINETIC_019_Adaptability - Academic - Strategic Management_in_the_Digital_Age_A_Review_o.pdf,KINETIC_019_Adaptability - Academic - Strategic Management_in_the_Digital_Age_A_Review_o.pdf,pdf,745253,2025-12-07T14:37:01,55fa1de3a2430e1a801131de4cbe85c53d5376f25bc1c30a2f74190620622e2f,inventory_complete,source_document
codex_doc_000235,codex_src_000236,KINETIC_020_Adaptability - Academic - Strategic Planning for Technological Change.pdf,KINETIC_020_Adaptability - Academic - Strategic Planning for Technological Change.pdf,pdf,225150,2025-12-07T14:44:44,efcf86827a24a4b618c5cf0c6d6b26dee20cfc6a43a06748cfba518f1002ccce,inventory_complete,source_document
codex_doc_000236,codex_src_000237,KINETIC_021_Adaptability - Academic - SWOT_analysis_problems_and_solutions_Practitioners.pdf,KINETIC_021_Adaptability - Academic - SWOT_analysis_problems_and_solutions_Practitioners.pdf,pdf,260164,2025-12-07T15:12:48,de198989f55e8d3dea41b68004a5839b5fa5883fec580c65dc9c0d182932b1b9,inventory_complete,source_document
codex_doc_000237,codex_src_000238,KINETIC_022_Adaptability - Academic - The evolution of strategic management research Recent trends and current directions.pdf,KINETIC_022_Adaptability - Academic - The evolution of strategic management research Recent trends and current directions.pdf,pdf,627471,2025-12-07T15:28:20,54be90849271f96fb63c88eaf485e283cda04ff73707ecafc8a7fa71d9b97a2a,inventory_complete,source_document
codex_doc_000238,codex_src_000239,KINETIC_023_Adaptability - Academic - The relationship between velocity markets and adaptability.pdf,KINETIC_023_Adaptability - Academic - The relationship between velocity markets and adaptability.pdf,pdf,43905,2025-12-05T12:32:25,324f64c6691bce8f5e6e318e77509d6c744d2139948502952c824e898b443ca2,inventory_complete,source_document
codex_doc_000239,codex_src_000240,KINETIC_024_Adaptability - Academic - The Role of Artificial Intelligence in Strategic Decision-Making.pdf,KINETIC_024_Adaptability - Academic - The Role of Artificial Intelligence in Strategic Decision-Making.pdf,pdf,1322938,2025-12-07T15:38:17,66b0256106ddc880d44eeb32a826272b41bc6e6c465e5292e6931fb5c7291766,inventory_complete,source_document
codex_doc_000240,codex_src_000241,KINETIC_025_Adaptability - Academic - The Role of Open Innovation in Enhancing Organizational Resilience and Sustainability Performance Through Organizational Adaptability.pdf,KINETIC_025_Adaptability - Academic - The Role of Open Innovation in Enhancing Organizational Resilience and Sustainability Performance Through Organizational Adaptability.pdf,pdf,803941,2025-10-24T12:57:40,6a23ed2876d67caacf2eafd69f7af31cb0b8e2c4d72e16c7b75947b3113093af,inventory_complete,source_document
codex_doc_000241,codex_src_000242,KINETIC_026_Adaptability - Academic - the-role-of-adaptive-culture-in-organizational-success-a-comprehensive-review.pdf,KINETIC_026_Adaptability - Academic - the-role-of-adaptive-culture-in-organizational-success-a-comprehensive-review.pdf,pdf,425923,2025-12-09T10:26:48,7104263af486e29a3bc91855206c8fac8d4a85e0b755093ac3355b8e90c993ac,inventory_complete,source_document
codex_doc_000242,codex_src_000243,"KINETIC_027_Adaptability - Data, ML and Marketing.pdf","KINETIC_027_Adaptability - Data, ML and Marketing.pdf",pdf,1106190,2025-10-01T09:18:32,889a637e5cdb92eeec40b0a4b03ada52c2b9bb18ccc67f996f80c192f5a99c58,inventory_complete,source_document
codex_doc_000243,codex_src_000244,KINETIC_028_Adaptability - Harvard and BCG.pdf,KINETIC_028_Adaptability - Harvard and BCG.pdf,pdf,2992469,2025-09-08T10:24:30,d402981d68e4512ad851094cc87d3ee14bea0044408b1be91425f6488c369b3b,inventory_complete,source_document
codex_doc_000244,codex_src_000245,KINETIC_029_Adaptability - Practioner - BCG_New_Bases_Competitive_Advantage_Oct_2009_tcm9-121386.pdf,KINETIC_029_Adaptability - Practioner - BCG_New_Bases_Competitive_Advantage_Oct_2009_tcm9-121386.pdf,pdf,381168,2025-12-07T15:44:44,59f0e74126b0acfb442050f998a78b50a7b6f92f48336e4f952db4467a97dd65,inventory_complete,source_document
codex_doc_000245,codex_src_000246,KINETIC_030_Adaptability - Practioner - McKinsey - Disruptive Technologies.pdf,KINETIC_030_Adaptability - Practioner - McKinsey - Disruptive Technologies.pdf,pdf,4667713,2025-12-06T10:26:56,45a98259c7bd7c5ecb6a015574bbbec11e1bbc2887fb60657758100b1505e577,inventory_complete,source_document
codex_doc_000246,codex_src_000247,KINETIC_031_Adaptabilty - Academic - The value of adaptability—Through the analysis of a firm's prediction ability.pdf,KINETIC_031_Adaptabilty - Academic - The value of adaptability—Through the analysis of a firm's prediction ability.pdf,pdf,287966,2025-12-05T12:28:37,460b6d9a2daaaa74e1f51890a65acc0739ff32a0e2c5e26a537ea30cf81fe0dd,inventory_complete,source_document
codex_doc_000247,codex_src_000248,KINETIC_032_Adatabilty - Academic - New_competitive_strategies_Challenges_to_organizat.pdf,KINETIC_032_Adatabilty - Academic - New_competitive_strategies_Challenges_to_organizat.pdf,pdf,2462367,2025-12-07T11:35:07,a87d67ae70cfb24b09807be67467cd641079eed2ecbf04178a5eb89e5a5479c9,inventory_complete,source_document
codex_doc_000248,codex_src_000249,KINETIC_033_Agile - Academic - Agile Manufacturing.pdf,KINETIC_033_Agile - Academic - Agile Manufacturing.pdf,pdf,289364,2025-12-05T12:42:27,33b2ede40271e67cb993f50ca76b4bea46b2cf8f1b677e99ba4c2a95e5c668da,inventory_complete,source_document
codex_doc_000249,codex_src_000250,KINETIC_034_Agile - Academic - Organisational Culture Attributes Influencing the Adoption of Agile Practices - A Systematic Literature Review.pdf,KINETIC_034_Agile - Academic - Organisational Culture Attributes Influencing the Adoption of Agile Practices - A Systematic Literature Review.pdf,pdf,840436,2025-12-09T10:09:25,a182737cdb2090a4c779424a8e766ef5c11d49f4edf5be377aa28cab1d988f40,inventory_complete,source_document
codex_doc_000250,codex_src_000251,KINETIC_035_Agile - Academic - The Impact of Agile Transformations.pdf,KINETIC_035_Agile - Academic - The Impact of Agile Transformations.pdf,pdf,783217,2025-12-05T12:51:04,9fba9f0728c5fd934fb62a2d94f0cc241bf293ab9de06d2dfde1cf0fd6dd394d,inventory_complete,source_document
codex_doc_000251,codex_src_000252,KINETIC_036_Agile - Academic - Transitioning to Agile Organizational Structures.pdf,KINETIC_036_Agile - Academic - Transitioning to Agile Organizational Structures.pdf,pdf,2060522,2025-12-05T12:44:23,de19d4ff7ea04cb26671af9a73f3344b716a17d92769ce477bbd2c02e04e3706,inventory_complete,source_document
codex_doc_000252,codex_src_000253,KINETIC_037_Agile - Clean Room Marketing Data.pdf,KINETIC_037_Agile - Clean Room Marketing Data.pdf,pdf,258579,2025-10-14T09:56:26,2cd700161cc33657ca341bf3af30b1e0aa942bae34b1ff61dd67a2dd6675f0ae,inventory_complete,source_document
codex_doc_000253,codex_src_000254,KINETIC_038_Agile Enterprise - HBR.pdf,KINETIC_038_Agile Enterprise - HBR.pdf,pdf,965144,2025-10-15T12:04:43,bd92eca16a226abe40204de17a8c535e90c80d2422ed8f3157116e278e6ee83a,inventory_complete,source_document
codex_doc_000254,codex_src_000255,KINETIC_039_Agile Marketing - 2.pdf,KINETIC_039_Agile Marketing - 2.pdf,pdf,314284,2025-10-01T09:21:42,874c4d7bafa0440a0e8b72ff69206153e03de795ceae10a629c7de9ba91dbee2,inventory_complete,source_document
codex_doc_000255,codex_src_000256,KINETIC_040_Agile Marketing - Academic - An Agile Approach for Designing Marketing Activities.pdf,KINETIC_040_Agile Marketing - Academic - An Agile Approach for Designing Marketing Activities.pdf,pdf,582509,2025-10-24T13:01:09,56bf47176558fcf89f575b79686e8d57c66416c8db3317aae36c5acecfc9abec,inventory_complete,source_document
codex_doc_000256,codex_src_000257,"KINETIC_041_Agile Marketing - Academic - Co-Creation,_Innovation_and_Game Industry.pdf","KINETIC_041_Agile Marketing - Academic - Co-Creation,_Innovation_and_Game Industry.pdf",pdf,2686877,2025-11-24T09:09:18,0d6f65f5058f85601db6315fdaf59296fe10af368be085bac6eea9fbbe8375bd,inventory_complete,source_document
codex_doc_000257,codex_src_000258,KINETIC_042_Agile Marketing - Academic - Evaluating the potential of agile branding opportunities and challenges in the start-up context.pdf,KINETIC_042_Agile Marketing - Academic - Evaluating the potential of agile branding opportunities and challenges in the start-up context.pdf,pdf,1249446,2025-10-24T13:05:29,e8a64c68f765a7f383710b12611df69583e2b800fc2d3ed303b415bc7ef6ba35,inventory_complete,source_document
codex_doc_000258,codex_src_000259,KINETIC_043_Agile Marketing - Academic - Powering Agile Transformation Why Marketing Is the Hidden Accelerator.pdf,KINETIC_043_Agile Marketing - Academic - Powering Agile Transformation Why Marketing Is the Hidden Accelerator.pdf,pdf,85782,2025-10-24T13:02:35,b321addf4da91ca25366d83987c4c8128ffebddbe35da7d2496752ca8a9ffa8d,inventory_complete,source_document
codex_doc_000259,codex_src_000260,KINETIC_044_Agile Marketing - Academic - Trends and evolution of agile branding a bibliometric analysis.pdf,KINETIC_044_Agile Marketing - Academic - Trends and evolution of agile branding a bibliometric analysis.pdf,pdf,3777101,2025-10-24T13:06:25,70019bdc8f6b31e69ad8b795efaa8b4c345dffff7dca300615f8654a5d03e4a2,inventory_complete,source_document
codex_doc_000260,codex_src_000261,KINETIC_045_Agile Marketing - Academic- ENSURING COMPETITIVE ADVANTAGE THROUGH AGILE MARKETING.pdf,KINETIC_045_Agile Marketing - Academic- ENSURING COMPETITIVE ADVANTAGE THROUGH AGILE MARKETING.pdf,pdf,397336,2025-10-24T13:00:26,f2db9ad09604c49e35048ebc460da2ae044ec1266ea457b707194d53ebe4d2ba,inventory_complete,source_document
codex_doc_000261,codex_src_000262,KINETIC_046_Agile Marketing - Benefits.pdf,KINETIC_046_Agile Marketing - Benefits.pdf,pdf,67581,2025-10-01T09:25:41,5b7151df4cbc983acd48d30a2ab05c0550e25c43db5a506a564d9b41b6de2514,inventory_complete,source_document
codex_doc_000262,codex_src_000263,KINETIC_047_Agile Marketing - Case Study.pdf,KINETIC_047_Agile Marketing - Case Study.pdf,pdf,1017507,2025-10-01T09:37:37,353a0cf0f4a12b7491f81f0a2640f053c10e0a9170cda2b12919b968ddf76bdc,inventory_complete,source_document
codex_doc_000263,codex_src_000264,KINETIC_048_Agile Marketing - Crafting Campaigns.pdf,KINETIC_048_Agile Marketing - Crafting Campaigns.pdf,pdf,385512,2025-10-01T09:22:55,d6343e159b399880dc414f273bd358f1d731729ca12bf92b3fd273aa2f4293e9,inventory_complete,source_document
codex_doc_000264,codex_src_000265,KINETIC_049_Agile Marketing - Digital and Social.pdf,KINETIC_049_Agile Marketing - Digital and Social.pdf,pdf,195594,2025-10-01T09:33:59,c0d45abec212b1c899dc5adca8eb2bc320ac737c3eef0be14ad2ba0ad28e2c0f,inventory_complete,source_document
codex_doc_000265,codex_src_000266,KINETIC_050_Agile Marketing - Primer.pdf,KINETIC_050_Agile Marketing - Primer.pdf,pdf,457278,2025-10-01T09:32:40,32a4780f47d3c0b9b5c5af29ce494ba7ffc1d1684aa21b617bd79efabc91c4de,inventory_complete,source_document
codex_doc_000266,codex_src_000267,KINETIC_051_Agile Marketing - Strategies.pdf,KINETIC_051_Agile Marketing - Strategies.pdf,pdf,389094,2025-10-01T09:30:01,c559faad6d0494e509ef8e290fab73069ec7e3826e55fd790a74cdb3f5ee8821,inventory_complete,source_document
codex_doc_000267,codex_src_000268,KINETIC_052_Agile Marketing - Trends.pdf,KINETIC_052_Agile Marketing - Trends.pdf,pdf,3840060,2025-10-01T09:36:05,6b8c007608724f8923543ced4055654c7f3c865f3b1f1ea096327ebca4fbec79,inventory_complete,source_document
codex_doc_000268,codex_src_000269,KINETIC_053_Agile Marketing.pdf,KINETIC_053_Agile Marketing.pdf,pdf,189828,2025-10-01T09:20:44,17ed2ba4bf938a835e3b3f30c9de4be700bb049435ef5df34f01f116484d742e,inventory_complete,source_document
codex_doc_000269,codex_src_000270,KINETIC_054_agile-marketing-a-step-by-step-guide.pdf,KINETIC_054_agile-marketing-a-step-by-step-guide.pdf,pdf,195793,2025-09-03T11:02:13,9a3a1bf22b745bd0c7a5352866c8b7a96f5894c73a249b171bf7ebb6b77daa19,inventory_complete,source_document
codex_doc_000270,codex_src_000271,KINETIC_055_Agility - Academic - Teese - Dynamic Capabilities and Organizational Agility.pdf,KINETIC_055_Agility - Academic - Teese - Dynamic Capabilities and Organizational Agility.pdf,pdf,253319,2025-12-06T10:40:17,fee6eed3dbd8af579244f571d660c781d76199d0a9573e467d25b875d120da12,inventory_complete,source_document
codex_doc_000271,codex_src_000272,KINETIC_056_Agility - Practioner - McKinsey - the-impact-of-agility-how-to-shape-your-organization-to-compete-v4.pdf,KINETIC_056_Agility - Practioner - McKinsey - the-impact-of-agility-how-to-shape-your-organization-to-compete-v4.pdf,pdf,1045611,2025-12-07T15:41:47,29484f287fe08a090f784273aab8b179a9e19317cad585e997e4e5482f9d5959,inventory_complete,source_document
codex_doc_000272,codex_src_000273,KINETIC_057_AI - Academic - AI and Point of Care in 3rd world countries.pdf,KINETIC_057_AI - Academic - AI and Point of Care in 3rd world countries.pdf,pdf,1078100,2025-10-21T08:49:33,34860261b47d3082387f12ff89b65178e04c03e5223f430663b0d9fb5f37a99b,inventory_complete,source_document
codex_doc_000273,codex_src_000274,KINETIC_058_AI - Academic - AI in equilibrium - A study of creative output.pdf,KINETIC_058_AI - Academic - AI in equilibrium - A study of creative output.pdf,pdf,3869698,2025-10-17T10:04:02,54cee354e3c22223feece2c99f0e82402faa74932e591b55b0897dcc4cf950e4,inventory_complete,source_document
codex_doc_000274,codex_src_000275,KINETIC_059_AI - Academic - AI in small and medium size business.pdf,KINETIC_059_AI - Academic - AI in small and medium size business.pdf,pdf,316612,2025-10-24T12:24:26,08ef398158ea7e7d6f78a64bedbcc316a30dc1f2a32a0abc689eda34301a6337,inventory_complete,source_document
codex_doc_000275,codex_src_000276,KINETIC_060_AI - Academic - AI prospects and resistance.pdf,KINETIC_060_AI - Academic - AI prospects and resistance.pdf,pdf,620176,2025-10-24T12:22:55,1d8dd44a1868e363322510ffd35b78e239fcb1c429aae092043c132157fcdc64,inventory_complete,source_document
codex_doc_000276,codex_src_000277,KINETIC_061_AI - Academic - AI readiness in the fashion and garment industry.pdf,KINETIC_061_AI - Academic - AI readiness in the fashion and garment industry.pdf,pdf,555986,2025-10-24T12:26:02,1d72ed06c513a752be0ab92076b7ff185a11bcd81da209b964d1966b2baeaa94,inventory_complete,source_document
codex_doc_000277,codex_src_000278,KINETIC_062_AI - Academic - AI vs the MBA.pdf,KINETIC_062_AI - Academic - AI vs the MBA.pdf,pdf,262766,2025-10-24T11:31:46,a7b23b90fe17ce5533085819ddd1fc87b9c327a801bfaa34e3359076387fbff9,inventory_complete,source_document
codex_doc_000278,codex_src_000279,KINETIC_063_AI - Academic - Artificial Intelligence-Supported Leadership A Catalyst for Team Excellence in China's Fast-Moving Consumer Goods Industry.pdf,KINETIC_063_AI - Academic - Artificial Intelligence-Supported Leadership A Catalyst for Team Excellence in China's Fast-Moving Consumer Goods Industry.pdf,pdf,1171244,2025-10-24T12:30:11,45a45271aafc6ced6f52b7ee0da472f9a5827c454292e2d38761f9c7a4df5edd,inventory_complete,source_document
codex_doc_000279,codex_src_000280,KINETIC_064_AI - Academic - From Idea to Impact The Role of Artificial Intelligence in the Transformation of Business Models.pdf,KINETIC_064_AI - Academic - From Idea to Impact The Role of Artificial Intelligence in the Transformation of Business Models.pdf,pdf,634802,2025-10-24T12:28:46,65fc2e4f6c7b6027beb99d37b40a921273955ed12b8d2c54bf3882f7eafe0435,inventory_complete,source_document
codex_doc_000280,codex_src_000281,KINETIC_065_AI - Academic - Leveraging AI to Inspire Innovation in Traditional and Digital Business Ecosystems.pdf,KINETIC_065_AI - Academic - Leveraging AI to Inspire Innovation in Traditional and Digital Business Ecosystems.pdf,pdf,1375608,2025-10-24T12:27:59,0a462018ca6cea3ebc6dbb23f20ac31ef461781287249802a50df6314127aa0a,inventory_complete,source_document
codex_doc_000281,codex_src_000282,KINETIC_066_AI - Academic - the impact of AI on knowledge workers.pdf,KINETIC_066_AI - Academic - the impact of AI on knowledge workers.pdf,pdf,3230232,2025-10-17T10:00:32,89c8fe575585cd28b742764ad4f8df31c88b5d3bb787bff8c58660aadeae9cc8,inventory_complete,source_document
codex_doc_000282,codex_src_000283,KINETIC_067_AI - Academic - The Influence of AI-Literate Leadership on AI Adoption in Healthcare Organizations.pdf,KINETIC_067_AI - Academic - The Influence of AI-Literate Leadership on AI Adoption in Healthcare Organizations.pdf,pdf,1641071,2025-10-24T12:44:34,731ae9e7597f520f759c8f6930450a26cf521c2fc0b848418700c580ea52c623,inventory_complete,source_document
codex_doc_000283,codex_src_000284,KINETIC_068_AI - Academic - The unequal adoption of AI among employees exacerbates inequalities.pdf,KINETIC_068_AI - Academic - The unequal adoption of AI among employees exacerbates inequalities.pdf,pdf,1218721,2025-10-17T10:08:02,9eca90b6151d5fc4f5580b153e85908e5d4ff3465308f388ad68466cdb1bbdc1,inventory_complete,source_document
codex_doc_000284,codex_src_000285,KINETIC_069_AI - Academic - Which economic tasks are performed by AI.pdf,KINETIC_069_AI - Academic - Which economic tasks are performed by AI.pdf,pdf,5848514,2025-10-17T10:06:38,8482c11bf8d025f14bb07f4960bbb8cf92ecae7887015ec95588dae7773c2b1e,inventory_complete,source_document
codex_doc_000285,codex_src_000286,KINETIC_070_AI - Academic - Who is AI replacing.pdf,KINETIC_070_AI - Academic - Who is AI replacing.pdf,pdf,637937,2025-10-17T10:01:55,24d55a6d394427bb8518add2698eed92065e2ca22cf66819315e8a25255b5ae4,inventory_complete,source_document
codex_doc_000286,codex_src_000287,KINETIC_071_AI - Academic Consumer Research.pdf,KINETIC_071_AI - Academic Consumer Research.pdf,pdf,777106,2025-10-17T12:58:02,8ed81cf7ef95c6e88bbdaf0d01ca64e2c32acdd5beedb7541145214e9836f3e5,inventory_complete,source_document
codex_doc_000287,codex_src_000288,KINETIC_072_AI - Academic The consequences of generative AI in online communities.pdf,KINETIC_072_AI - Academic The consequences of generative AI in online communities.pdf,pdf,2197512,2025-10-17T09:57:00,c1efc31fdd8e5760cbd3f963e047b42d581d57c68a9e2f17219012ff0df74883,inventory_complete,source_document
codex_doc_000288,codex_src_000289,KINETIC_073_AI - Academic The effects of AI on work productivity - developers.pdf,KINETIC_073_AI - Academic The effects of AI on work productivity - developers.pdf,pdf,2826161,2025-10-17T09:58:45,9066c283564c20c55fa4f79bca1eee96b70473a806808485aca778609c5b8689,inventory_complete,source_document
codex_doc_000289,codex_src_000290,KINETIC_074_AI - AI at Work academic paper.pdf,KINETIC_074_AI - AI at Work academic paper.pdf,pdf,1003328,2025-10-17T09:55:07,9af82b90f2a94f8757ace8c7b7ef0934b145a00f4156fc806f4fb8a33e1bddc2,inventory_complete,source_document
codex_doc_000290,codex_src_000291,KINETIC_075_AI - AI First Strategy Challenges.pdf,KINETIC_075_AI - AI First Strategy Challenges.pdf,pdf,525291,2025-10-01T10:10:45,11bf965e8cf2f9b7a5a4969de78933951fd36f9de8044d9ef59416713826eb49,inventory_complete,source_document
codex_doc_000291,codex_src_000292,KINETIC_076_AI - Business Model.pdf,KINETIC_076_AI - Business Model.pdf,pdf,4467024,2025-10-01T09:53:51,b91746754fa18a1273f3b3714dc8045248882563134c73b7d4b0e1cdb30ca8d6,inventory_complete,source_document
codex_doc_000292,codex_src_000293,KINETIC_077_AI - Collaboration 2.pdf,KINETIC_077_AI - Collaboration 2.pdf,pdf,553294,2025-10-01T09:58:10,9e4b0bccd3204c64862cfef99a9d7aabaf0f77ae491f40a54c28155de4e6ed02,inventory_complete,source_document
codex_doc_000293,codex_src_000294,KINETIC_078_AI - Collaboration.pdf,KINETIC_078_AI - Collaboration.pdf,pdf,800867,2025-10-01T09:55:56,42aa4123a13cdcc3eaeb308f021a22971bce295054f58a2b3bc03780a071c869,inventory_complete,source_document
codex_doc_000294,codex_src_000295,KINETIC_079_AI - Competing in the Age of AI.pdf,KINETIC_079_AI - Competing in the Age of AI.pdf,pdf,430910,2025-10-01T10:17:57,0ff483a5c3a7cfbbbca834852a9a18f974414a849a3a759090a61485ee4021c8,inventory_complete,source_document
codex_doc_000295,codex_src_000296,KINETIC_080_AI - Consumer Research.pdf,KINETIC_080_AI - Consumer Research.pdf,pdf,757079,2025-10-01T09:51:47,2404aff94e48adb4d286e9ca7dde3c2228547d6d9e83eef6389d0a24f44d5999,inventory_complete,source_document
codex_doc_000296,codex_src_000297,KINETIC_081_AI - Creative Process.pdf,KINETIC_081_AI - Creative Process.pdf,pdf,1027791,2025-10-01T09:39:27,894169455ffb2d1dcb5ea9ecf3688809a560c3c080a92b1444fd372777d6ca8b,inventory_complete,source_document
codex_doc_000297,codex_src_000298,KINETIC_082_AI - Digital Platform transformative value.pdf,KINETIC_082_AI - Digital Platform transformative value.pdf,pdf,794249,2025-10-01T09:45:43,c3e3ce7554898373ecc4671e66e24e4d1776fb2cc3e182e4e5c5b210b69b2bea,inventory_complete,source_document
codex_doc_000298,codex_src_000299,KINETIC_083_AI - Generative AI in User-Generated Content.pdf,KINETIC_083_AI - Generative AI in User-Generated Content.pdf,pdf,377753,2025-10-17T09:40:19,1c11c4c09204c032dfe954b409718fce08aa01fe3c57327461723b896af28e5d,inventory_complete,source_document
codex_doc_000299,codex_src_000300,KINETIC_084_AI - HBR Example.pdf,KINETIC_084_AI - HBR Example.pdf,pdf,540622,2025-11-19T13:07:13,d05581e83dbca962b91be43069a3b8364d9e4fb218811c6233964f95b4ae81b1,inventory_complete,source_document
codex_doc_000300,codex_src_000301,KINETIC_085_AI - Human AI Delegation.pdf,KINETIC_085_AI - Human AI Delegation.pdf,pdf,1623133,2025-10-01T09:47:22,0f7c4a8474adf938f9da1a92abe16c6a48af613e6d6add744c730465726a0ca9,inventory_complete,source_document
codex_doc_000301,codex_src_000302,KINETIC_086_Ai - Impact of LLM on clickstream behavior.pdf,KINETIC_086_Ai - Impact of LLM on clickstream behavior.pdf,pdf,1147099,2025-10-17T08:49:17,7b846053bb6730113b59ab4fe14784f2b8249ac68f3e6b568ea9d814030da645,inventory_complete,source_document
codex_doc_000302,codex_src_000303,KINETIC_087_AI - Industrial task efficiency.pdf,KINETIC_087_AI - Industrial task efficiency.pdf,pdf,2798259,2025-10-01T09:49:51,39fc67528245e584869b2624741d1a935264315163af7cc94d8a842995ee18ee,inventory_complete,source_document
codex_doc_000303,codex_src_000304,KINETIC_088_AI - Marketing.pdf,KINETIC_088_AI - Marketing.pdf,pdf,981638,2025-10-01T09:41:01,c1e9a62e6b87ab14c302d164bbd94234f1cde5e3f9fe92a1bce4d49839627cca,inventory_complete,source_document
codex_doc_000304,codex_src_000305,KINETIC_089_Ai - MckInsey - HBR 2.pdf,KINETIC_089_Ai - MckInsey - HBR 2.pdf,pdf,753908,2025-11-19T15:55:38,9d2a1968f69e31145cef1aa406b6976cfa43dcc5afdfc0258a33c0d3033756e4,inventory_complete,source_document
codex_doc_000305,codex_src_000306,KINETIC_090_AI - McKinsey - HBR Article.pdf,KINETIC_090_AI - McKinsey - HBR Article.pdf,pdf,753908,2025-11-19T13:35:21,9d2a1968f69e31145cef1aa406b6976cfa43dcc5afdfc0258a33c0d3033756e4,inventory_complete,source_document
codex_doc_000306,codex_src_000307,KINETIC_091_AI - Practioner - Daiku Use Cases.pdf,KINETIC_091_AI - Practioner - Daiku Use Cases.pdf,pdf,7018484,2025-10-27T10:26:08,d4c75517203a42f3ba34929d2440f8e60cfde18eccccee62cccef40c5143be2a,inventory_complete,source_document
codex_doc_000307,codex_src_000308,KINETIC_092_AI - Practioner - Deloitte ai-institute-ai-use-cases-10-06-2025.pdf,KINETIC_092_AI - Practioner - Deloitte ai-institute-ai-use-cases-10-06-2025.pdf,pdf,4674379,2025-10-23T19:32:39,b4bdf5ac0ebac4aeda1f942416aaf163bf1d61942a47dda1be874a9cecf62810,inventory_complete,source_document
codex_doc_000308,codex_src_000309,KINETIC_093_AI - Practioner - OpenAI - identifying-and-scaling-ai-use-cases.pdf,KINETIC_093_AI - Practioner - OpenAI - identifying-and-scaling-ai-use-cases.pdf,pdf,6155553,2025-10-23T19:37:10,2710c554dcb9e8d591145ffab66045fc5be08a918207c0d7f32878dfe6d619ca,inventory_complete,source_document
codex_doc_000309,codex_src_000310,KINETIC_094_AI - Practioner - superagency-in-the-workplace-empowering-people-to-unlock-ais-full-potential-v4.pdf,KINETIC_094_AI - Practioner - superagency-in-the-workplace-empowering-people-to-unlock-ais-full-potential-v4.pdf,pdf,5261930,2025-10-23T19:26:14,f86c2c07f898c56a21e68a55e1b175575a5ad4378fdc5c9602161d9299b60a80,inventory_complete,source_document
codex_doc_000310,codex_src_000311,KINETIC_095_AI - Practioner - Use Cases.pdf,KINETIC_095_AI - Practioner - Use Cases.pdf,pdf,7018484,2025-10-26T09:27:41,d4c75517203a42f3ba34929d2440f8e60cfde18eccccee62cccef40c5143be2a,inventory_complete,source_document
codex_doc_000311,codex_src_000312,KINETIC_096_AI - Practitioner - Agent Overview McKinsey.pdf,KINETIC_096_AI - Practitioner - Agent Overview McKinsey.pdf,pdf,1453577,2025-10-23T18:56:03,7450b1fe2625ab2a593009e08f519bc5a836564d71babbc720b995d6c6607db2,inventory_complete,source_document
codex_doc_000312,codex_src_000313,KINETIC_097_AI - Practitioner - Reducing Risk.pdf,KINETIC_097_AI - Practitioner - Reducing Risk.pdf,pdf,572858,2025-10-23T19:15:58,e2e96c0c01b58d7bb4d4e475a6ead4dbbec9e29fbe784ecaba718ab93113295d,inventory_complete,source_document
codex_doc_000313,codex_src_000314,KINETIC_098_AI - Search and knowledge seeking communities.pdf,KINETIC_098_AI - Search and knowledge seeking communities.pdf,pdf,2269132,2025-10-01T09:43:42,3448a55f3fa30824ac25146b667987a7cc0cf29923d08365405a286140fa6e93,inventory_complete,source_document
codex_doc_000314,codex_src_000315,KINETIC_099_AI - Smart Manufacturing.pdf,KINETIC_099_AI - Smart Manufacturing.pdf,pdf,9649083,2025-10-01T09:48:41,4087a0c6b104290eab49288ad3809b08657db842fd3c78887a0e5528e4dd4d23,inventory_complete,source_document
codex_doc_000315,codex_src_000316,KINETIC_100_AI - Transformation.pdf,KINETIC_100_AI - Transformation.pdf,pdf,585188,2025-10-01T10:06:21,e1278ac7054dc5c40f2f83869d5d9088f6f3afd7a21cfd62090a49396a758baa,inventory_complete,source_document
codex_doc_000316,codex_src_000317,KINETIC_101_AI -.pdf,KINETIC_101_AI -.pdf,pdf,5848514,2025-10-17T10:05:53,8482c11bf8d025f14bb07f4960bbb8cf92ecae7887015ec95588dae7773c2b1e,inventory_complete,source_document
codex_doc_000317,codex_src_000318,KINETIC_102_AI Agent Academic Paper.pdf,KINETIC_102_AI Agent Academic Paper.pdf,pdf,886277,2025-05-22T13:29:22,8a0f44eaa4a529634597c23debddd6843a0b76862e927d9245f6e977cd9556ed,inventory_complete,source_document
codex_doc_000318,codex_src_000319,KINETIC_103_AI and Blockchain - Academic Accts Rec and Credit.pdf,KINETIC_103_AI and Blockchain - Academic Accts Rec and Credit.pdf,pdf,866623,2025-10-17T12:52:27,64f9f03949e4b66bddd5d7444f027e3236b2b12bc880551022709bb6b4299f1e,inventory_complete,source_document
codex_doc_000319,codex_src_000320,KINETIC_104_AI and Blockchain - Academic Education.pdf,KINETIC_104_AI and Blockchain - Academic Education.pdf,pdf,8807359,2025-10-17T12:46:49,b1f65e19eb14d2f6d91978323020f869ab12b70af5e13eeeaee4dd3b2713b7c3,inventory_complete,source_document
codex_doc_000320,codex_src_000321,KINETIC_105_AI and Blockchain - Academic Finance.pdf,KINETIC_105_AI and Blockchain - Academic Finance.pdf,pdf,164851,2025-10-17T12:48:02,75d1ceeebf7a140333f480aaed049d71f495b8db77b9a0c5af73aa186b1899c2,inventory_complete,source_document
codex_doc_000321,codex_src_000322,KINETIC_106_AI and Blockchain - Academic Industry 4.0.pdf,KINETIC_106_AI and Blockchain - Academic Industry 4.0.pdf,pdf,9361161,2025-10-17T12:53:52,e51d684ec98619d027839bf91eff36d1ffb0cbb72c07611e0f8860a69b925ddb,inventory_complete,source_document
codex_doc_000322,codex_src_000323,KINETIC_107_AI and Blockchain - Academic Transparancy.pdf,KINETIC_107_AI and Blockchain - Academic Transparancy.pdf,pdf,523818,2025-10-17T12:49:41,e2cc56b926e65beac574b865a42f4ea53713d4e16850958b9f1a525d9741b763,inventory_complete,source_document
codex_doc_000323,codex_src_000324,"KINETIC_108_AI and Blockchain - Artificial Intelligence, Blockchain Technology, and Risk-Taking Behavior in the 4.0IR Metaverse Era  Evidence from Bangladesh-Base - Copy.pdf","KINETIC_108_AI and Blockchain - Artificial Intelligence, Blockchain Technology, and Risk-Taking Behavior in the 4.0IR Metaverse Era  Evidence from Bangladesh-Base - Copy.pdf",pdf,719384,2025-10-24T12:42:49,9e610a6216b7274565a661590e122e98d66fa4702c95c093e5dd8478f2c45b01,inventory_complete,source_document
codex_doc_000324,codex_src_000325,"KINETIC_108_AI and Blockchain - Artificial Intelligence, Blockchain Technology, and Risk-Taking Behavior in the 4.0IR Metaverse Era  Evidence from Bangladesh-Based SMEs.pdf","KINETIC_108_AI and Blockchain - Artificial Intelligence, Blockchain Technology, and Risk-Taking Behavior in the 4.0IR Metaverse Era  Evidence from Bangladesh-Based SMEs.pdf",pdf,719384,2025-10-24T12:42:49,9e610a6216b7274565a661590e122e98d66fa4702c95c093e5dd8478f2c45b01,inventory_complete,source_document
codex_doc_000325,codex_src_000326,KINETIC_109_AI in ad agencies - Academic.pdf,KINETIC_109_AI in ad agencies - Academic.pdf,pdf,479286,2025-05-22T14:05:40,0242fba96df0f927a519d1c204d9646649bb88d552ad45d48978528d9844dcb3,inventory_complete,source_document
codex_doc_000326,codex_src_000327,KINETIC_110_AI Maturity Model in the process industry - Academic.pdf,KINETIC_110_AI Maturity Model in the process industry - Academic.pdf,pdf,4522241,2025-05-22T14:04:11,93c0c857761577166fed419c482c2984bdfbd09081d45022cbd2f76eda01cb20,inventory_complete,source_document
codex_doc_000327,codex_src_000328,KINETIC_111_AI-Block-Quantum - Academic.pdf,KINETIC_111_AI-Block-Quantum - Academic.pdf,pdf,5074304,2025-11-22T15:37:22,de4e2eb64ba967fa1bfa5fed0a246ba2aa65cc9248c128bfb4ae8eeff6cffe49,inventory_complete,source_document
codex_doc_000328,codex_src_000329,KINETIC_112_Anaconda Sponsored_Manning_Generative AI in Action.pdf,KINETIC_112_Anaconda Sponsored_Manning_Generative AI in Action.pdf,pdf,29012677,2025-10-14T14:56:07,c704ed43b6b788f8b96bdd4e532ca75942033cb9837ba9135155ed564d12675a,inventory_complete,source_document
codex_doc_000329,codex_src_000330,KINETIC_113_Australia-National-Blockchain-Roadmap.pdf,KINETIC_113_Australia-National-Blockchain-Roadmap.pdf,pdf,3197730,2025-09-05T08:40:05,9fce248b3d422f4bbd6343b5cc6ecf0f0745eb9813db17b7879b2d9e003ad47e,inventory_complete,source_document
codex_doc_000330,codex_src_000331,KINETIC_114_Bain Brief- learning from digital leaders.pdf,KINETIC_114_Bain Brief- learning from digital leaders.pdf,pdf,685043,2025-06-20T10:06:14,d58883b8ab911867ebc981a3d1ef8f684287088f810c539ce78be3b4c9b38c8d,inventory_complete,source_document
codex_doc_000331,codex_src_000332,KINETIC_115_bain_brief_organizing_for_a_digital_world.pdf,KINETIC_115_bain_brief_organizing_for_a_digital_world.pdf,pdf,3853732,2025-04-21T08:48:53,4600184acb381482830394f18312a36ff9947d93f0d61fb2496409f7e54c227f,inventory_complete,source_document
codex_doc_000332,codex_src_000333,KINETIC_116_bain_brief-a_smarter_approach_to_digital_operations.pdf,KINETIC_116_bain_brief-a_smarter_approach_to_digital_operations.pdf,pdf,1118717,2025-04-21T08:50:08,fd10dbc92b6ad3ac19bd62b30d29a8761bc3dc97567e4e945436ffc7b6e423e7,inventory_complete,source_document
codex_doc_000333,codex_src_000334,KINETIC_117_Bain-REvolution-Awards_Report-2023.pdf,KINETIC_117_Bain-REvolution-Awards_Report-2023.pdf,pdf,1957754,2025-04-21T08:58:45,94784d206867c077b64f64adcd77b3ef6feb725d5cf26fc4b019129c703f0e05,inventory_complete,source_document
codex_doc_000334,codex_src_000335,KINETIC_118_bcg-wheres-the-value-in-ai.pdf,KINETIC_118_bcg-wheres-the-value-in-ai.pdf,pdf,2731152,2025-08-15T10:18:24,810af483e78df622a102c4fe9e2ca32471bcbd0aeaa58c30c8c9fae245c79f9b,inventory_complete,source_document
codex_doc_000335,codex_src_000336,KINETIC_119_Blockchain - Academic - Adoption in the Wine Industry.pdf,KINETIC_119_Blockchain - Academic - Adoption in the Wine Industry.pdf,pdf,662053,2025-10-24T12:32:04,09f33c99a5ec7efbd142aa1b8affad28995396af05634a7284498c21de2a893a,inventory_complete,source_document
codex_doc_000336,codex_src_000337,KINETIC_120_Blockchain - Academic - Blockchain Adoption in Retail Smes Transforming Business Models to Gain a Competitive Edge.pdf,KINETIC_120_Blockchain - Academic - Blockchain Adoption in Retail Smes Transforming Business Models to Gain a Competitive Edge.pdf,pdf,3419925,2025-10-24T12:32:53,67d42b73abbb366c83e8e70c2389e577ca1258d20a3e0fda0ae1c9e8f9e67638,inventory_complete,source_document
codex_doc_000337,codex_src_000338,KINETIC_121_Blockchain - Academic - Blockchain Technology Applications in the Supply Chain A Critical Analysis.pdf,KINETIC_121_Blockchain - Academic - Blockchain Technology Applications in the Supply Chain A Critical Analysis.pdf,pdf,8380619,2025-10-24T12:35:28,af697f185ca2149f895c4cb06a85a823d96e50306abc918e037c8452c75711fb,inventory_complete,source_document
codex_doc_000338,codex_src_000339,KINETIC_122_Blockchain - Academic - Blockchain Technology in the Healthcare Industry An Empirical Study of Factors Influencing Organizational Adoption of Blockchain Technology.pdf,KINETIC_122_Blockchain - Academic - Blockchain Technology in the Healthcare Industry An Empirical Study of Factors Influencing Organizational Adoption of Blockchain Technology.pdf,pdf,1994118,2025-10-24T12:33:35,204e897ea3006d48488ed6df269d456fbf380e0a64d36205e7c60cf584a29a16,inventory_complete,source_document
codex_doc_000339,codex_src_000340,KINETIC_123_Blockchain - Academic - Blockchain_and Business Models.pdf,KINETIC_123_Blockchain - Academic - Blockchain_and Business Models.pdf,pdf,1401121,2025-11-24T08:30:16,0244f3ed14a5c5d1acc49af2d165c84950499b6e644e9a019bed9cb710c383e9,inventory_complete,source_document
codex_doc_000340,codex_src_000341,KINETIC_124_Blockchain - Academic - Blockchain_and_the_Tokenizatio.pdf,KINETIC_124_Blockchain - Academic - Blockchain_and_the_Tokenizatio.pdf,pdf,601600,2025-11-24T08:07:28,16c6776f60abfc0e100e39dc7bd7c9a024699a001e42989ea257afe26b0059c6,inventory_complete,source_document
codex_doc_000341,codex_src_000342,KINETIC_125_Blockchain - Academic - Blockchain_with_IoT.pdf,KINETIC_125_Blockchain - Academic - Blockchain_with_IoT.pdf,pdf,684728,2025-11-24T08:09:10,5ae2971d2e23c7d0e13e18861f449d2c2032261bb488d4acbf87a43d87afda8c,inventory_complete,source_document
codex_doc_000342,codex_src_000343,KINETIC_126_Blockchain - Academic - Blockchain-Driven Business Model Innovation A Systematic Review and Research Framework.pdf,KINETIC_126_Blockchain - Academic - Blockchain-Driven Business Model Innovation A Systematic Review and Research Framework.pdf,pdf,1388261,2025-10-24T12:36:07,925425d2ceec536ba8f5efac7b990647038bd5e20b3ae82aedb08e27005b2551,inventory_complete,source_document
codex_doc_000343,codex_src_000344,KINETIC_127_Blockchain - Academic - Blockchain-Driven_Business_Models_Oshkosh.pdf,KINETIC_127_Blockchain - Academic - Blockchain-Driven_Business_Models_Oshkosh.pdf,pdf,1388261,2025-11-24T08:31:34,82cb52cde8ab8667fb688ffceb9f01384071ed2e49925c06e7c2ca172a13301e,inventory_complete,source_document
codex_doc_000344,codex_src_000345,KINETIC_128_Blockchain - Academic - Classifications of Sustainable Factors in Blockchain Adoption A Literature Review and Bibliometric Analysis.pdf,KINETIC_128_Blockchain - Academic - Classifications of Sustainable Factors in Blockchain Adoption A Literature Review and Bibliometric Analysis.pdf,pdf,2315693,2025-10-24T12:37:05,7cb131623e09180151b3dd4921ca42d1ba1a73f7341f8a461f4cb98be6e33328,inventory_complete,source_document
codex_doc_000345,codex_src_000346,KINETIC_129_Blockchain - Academic - Co-creating_blockchain_adoptio.pdf,KINETIC_129_Blockchain - Academic - Co-creating_blockchain_adoptio.pdf,pdf,1600374,2025-11-24T08:06:05,e046feacc6557604df63678f679e1c11106d9b5b9559c4850da9714ed74b1832,inventory_complete,source_document
codex_doc_000346,codex_src_000347,KINETIC_130_Blockchain - Academic - Cross-Chain_Technology_of_Consortiums.pdf,KINETIC_130_Blockchain - Academic - Cross-Chain_Technology_of_Consortiums.pdf,pdf,1241132,2025-11-24T08:47:33,7f58e861e2db71cc45a81539c1b19f2684608dbee559c0b811f83af5db5eef87,inventory_complete,source_document
codex_doc_000347,codex_src_000348,KINETIC_131_Blockchain - Academic - Determinants of Blockchain Adoption in Supply Chain Management.pdf,KINETIC_131_Blockchain - Academic - Determinants of Blockchain Adoption in Supply Chain Management.pdf,pdf,2396847,2025-10-24T12:40:30,069c485addc0fd786acdbf362d85a5d01691dc8fc80691a9ecad00013c2248ad,inventory_complete,source_document
codex_doc_000348,codex_src_000349,"KINETIC_132_Blockchain - Academic - Investigating Industry 4.0, Blockchain Adoption, and Sustainability on Thai Finance's Operational Excellence.pdf","KINETIC_132_Blockchain - Academic - Investigating Industry 4.0, Blockchain Adoption, and Sustainability on Thai Finance's Operational Excellence.pdf",pdf,384280,2025-10-24T12:34:43,dee446dab055839c03f7b87496b9e5146d59e13ff08e6f469104b06d24e09f49,inventory_complete,source_document
codex_doc_000349,codex_src_000350,KINETIC_133_Blockchain - Academic - Toward_the_Mass_Adoption_of_Blockchain.pdf,KINETIC_133_Blockchain - Academic - Toward_the_Mass_Adoption_of_Blockchain.pdf,pdf,6405830,2025-11-24T09:00:06,094f3bb0daa63f49e9b6a622bee41ae5e3d161790ff8cd287896b8b14e9f2a3e,inventory_complete,source_document
codex_doc_000350,codex_src_000351,KINETIC_134_Blockchain - Academic - Understanding_of_blockchain-based Identity.pdf,KINETIC_134_Blockchain - Academic - Understanding_of_blockchain-based Identity.pdf,pdf,965840,2025-11-24T08:11:29,197c8c9c153cda072a6a2bdaf5856a1195f48760ecc19b66c6ef5e3a1187fcd8,inventory_complete,source_document
codex_doc_000351,codex_src_000352,KINETIC_135_Blockchain - Collaboration.pdf,KINETIC_135_Blockchain - Collaboration.pdf,pdf,4622717,2025-10-01T10:25:04,f44a38f264ee763114ab7efc5cda0cdf2af571493436dead5b6940e239745a30,inventory_complete,source_document
codex_doc_000352,codex_src_000353,KINETIC_136_Blockchain - Post Adoption.pdf,KINETIC_136_Blockchain - Post Adoption.pdf,pdf,2660197,2025-10-01T10:21:13,1334356ec837fd5b31b8de15479e167867f36bc7de7132d06b224bc508a23cb5,inventory_complete,source_document
codex_doc_000353,codex_src_000354,KINETIC_137_Blockchain - Practioner - Coinbase 2025 report.pdf,KINETIC_137_Blockchain - Practioner - Coinbase 2025 report.pdf,pdf,419636,2025-11-18T08:56:39,a41da0d586fb18feff409a181c071f156592e61a5d4c3f1f84b8f4e38f9cd08a,inventory_complete,source_document
codex_doc_000354,codex_src_000355,KINETIC_138_Blockchain - Practitioner - IBM Blockchain_challenges_in_adopt.pdf,KINETIC_138_Blockchain - Practitioner - IBM Blockchain_challenges_in_adopt.pdf,pdf,2586361,2025-11-24T08:04:02,0b0e162965a7ac9f4ed180422eacc4f8d941e111c2e3299ea7cfb39d5fc442e2,inventory_complete,source_document
codex_doc_000355,codex_src_000356,KINETIC_139_Blockchain - Social Manufacturing Networks.pdf,KINETIC_139_Blockchain - Social Manufacturing Networks.pdf,pdf,7101827,2025-10-01T10:29:44,e4f3bcaf0d14a8336426ec73094971728c6903ed6b2114507b34c5d9a584fab9,inventory_complete,source_document
codex_doc_000356,codex_src_000357,KINETIC_140_Blockchain - Synaptic-Health-Alliance-Blockchain.pdf,KINETIC_140_Blockchain - Synaptic-Health-Alliance-Blockchain.pdf,pdf,396396,2025-10-09T10:20:39,c1edb6d427cd503d519fb403a674be75ec1d0442fbcf2de66568b5d432756fc6,inventory_complete,source_document
codex_doc_000357,codex_src_000358,KINETIC_141_BlockStand-D3.3_-European_Blockchain_StEU - andardisation_Roadmap_report_and-_recommendations_from_the_Coordination_Board.pdf,KINETIC_141_BlockStand-D3.3_-European_Blockchain_StEU - andardisation_Roadmap_report_and-_recommendations_from_the_Coordination_Board.pdf,pdf,842312,2025-10-03T16:25:33,6418528236c87789f3daf5a5471110b9995762c93beea6bd1c3b1cd47e9c8445,inventory_complete,source_document
codex_doc_000358,codex_src_000359,KINETIC_142_Business Model - Academic - Business Models and Competitive Advantage.pdf,KINETIC_142_Business Model - Academic - Business Models and Competitive Advantage.pdf,pdf,105775,2025-12-06T09:41:51,95f775c8906105e7b217a1f7662e4f45479eecbf13177fc5c8414f2d9b0ccfe2,inventory_complete,source_document
codex_doc_000359,codex_src_000360,KINETIC_143_Business Model Reinvention - Academic - Sustainability.pdf,KINETIC_143_Business Model Reinvention - Academic - Sustainability.pdf,pdf,310284,2025-10-24T12:49:42,f931a3523e7fb1aec3d085b7dd303d108e31dbef75362656e452fd9e57acfaef,inventory_complete,source_document
codex_doc_000360,codex_src_000361,KINETIC_144_Business Model Reinvention - Academic.pdf,KINETIC_144_Business Model Reinvention - Academic.pdf,pdf,2661353,2025-10-24T12:47:11,737889a4a7aff56ce48184cf42c91a405009f7808f5ae8f5a2ea8bea7e1e9b95,inventory_complete,source_document
codex_doc_000361,codex_src_000362,KINETIC_145_Cap Gemini - Generative-AI-in-Organizations-Refresh_25112024.pdf,KINETIC_145_Cap Gemini - Generative-AI-in-Organizations-Refresh_25112024.pdf,pdf,6714324,2025-09-11T10:56:41,a491b86646c1e4c8d2c8a0f9cf14d05c0b9e2fb516a3296da3c367c8cdafd465,inventory_complete,source_document
codex_doc_000362,codex_src_000363,KINETIC_146_Cap Gemini - The Rise of AI-Agents.pdf,KINETIC_146_Cap Gemini - The Rise of AI-Agents.pdf,pdf,8474152,2025-09-18T08:47:59,90a6203dc035047ee1818a4be944339b5c27c2ef77d3dd01c9b21c67e11012d5,inventory_complete,source_document
codex_doc_000363,codex_src_000364,KINETIC_147_CapGemini - AI Conversations-for-tomorrow_Edition_9_Report-V2-1.pdf,KINETIC_147_CapGemini - AI Conversations-for-tomorrow_Edition_9_Report-V2-1.pdf,pdf,8257430,2025-09-11T14:00:08,4518593d858ac9e1705ee22ab2f320ddf42bd58e6e0e3e31f0e0b9bec9233e71,inventory_complete,source_document
codex_doc_000364,codex_src_000365,KINETIC_148_CapGemini - Innovation Series Conversations_Edition_5_Report_20240425.pdf,KINETIC_148_CapGemini - Innovation Series Conversations_Edition_5_Report_20240425.pdf,pdf,10954342,2025-09-11T13:54:09,e075ff0e09009370f1bb4ea8b667f13ba7d789ee90a34c925664750428b14728,inventory_complete,source_document
codex_doc_000365,codex_src_000366,KINETIC_149_CapGemini - Intelligent Industry - Final-Report-Converstations-for-Tomorrow-3.pdf,KINETIC_149_CapGemini - Intelligent Industry - Final-Report-Converstations-for-Tomorrow-3.pdf,pdf,13365261,2025-09-11T13:58:53,0e45c451ae125d116b7bd9e8994bdb093032314f9ed3156f5fbbf218d8664684,inventory_complete,source_document
codex_doc_000366,codex_src_000367,KINETIC_150_CapGemini - Marketing Conversations-for-Tomorrow-4.pdf,KINETIC_150_CapGemini - Marketing Conversations-for-Tomorrow-4.pdf,pdf,12517772,2025-09-11T13:57:04,66b7413b802b9e453280e755a22a9d2fc7eb9215a9ada91ed4bcfb4a27171843,inventory_complete,source_document
codex_doc_000367,codex_src_000368,KINETIC_151_CapGemini - technovision.pdf,KINETIC_151_CapGemini - technovision.pdf,pdf,9988224,2025-09-11T14:03:10,c2b5cba6dbcdfaf3de631b37f0795a2244a65a74bccf33c6c4986b51047b9806,inventory_complete,source_document
codex_doc_000368,codex_src_000369,KINETIC_152_CapGemini - Top-Tech-Trends-2025_Report_v7.pdf,KINETIC_152_CapGemini - Top-Tech-Trends-2025_Report_v7.pdf,pdf,11110779,2025-09-11T14:04:55,3bba28cf446e6bb4abd653bfad767ea66512742f98ab5383841cfba8204cd926,inventory_complete,source_document
codex_doc_000369,codex_src_000370,KINETIC_153_China - P020250106319424108511.pdf,KINETIC_153_China - P020250106319424108511.pdf,pdf,1044730,2025-10-03T16:30:12,9d3abc1845014973a9dbaacd2fdfef122d0518aaca112447e23bb04e1aa43558,inventory_complete,source_document
codex_doc_000370,codex_src_000371,KINETIC_154_Combining Humana and Artificial Intelligence - Academic Article.pdf,KINETIC_154_Combining Humana and Artificial Intelligence - Academic Article.pdf,pdf,491933,2025-05-22T14:03:25,34b94324d973e1458988dc06b17172ebea78b80610d8cfd0ed1dd3981540e15e,inventory_complete,source_document
codex_doc_000371,codex_src_000372,KINETIC_155_competitive advantage and AI - academic.pdf,KINETIC_155_competitive advantage and AI - academic.pdf,pdf,738403,2025-05-22T14:06:28,1518d04ba9d11c3cb9577cfd12a3ba90ebb3243cced9284992695a0718a6d46a,inventory_complete,source_document
codex_doc_000372,codex_src_000373,KINETIC_156_CPG - Industry Research.pdf,KINETIC_156_CPG - Industry Research.pdf,pdf,20637447,2025-10-17T12:57:00,a55e272d1857f94f60670020718db6938c4cb6b8e7db7f497982fd1ed2b88d5c,inventory_complete,source_document
codex_doc_000373,codex_src_000374,KINETIC_157_CRI_Agentic-AI_Infographic_V06.pdf,KINETIC_157_CRI_Agentic-AI_Infographic_V06.pdf,pdf,1095476,2025-09-18T08:47:18,57ba2fd753f094a32440d179b52d2d95657814c3aebf6a2e7c51c2e8e5c25d97,inventory_complete,source_document
codex_doc_000374,codex_src_000375,KINETIC_158_Databricks-Big-Book-Of-GenAI-FINAL.pdf,KINETIC_158_Databricks-Big-Book-Of-GenAI-FINAL.pdf,pdf,3974439,2025-05-13T14:44:51,0b2439f29f13df5f6a946608b871638ff24de315cb95b7984a1510ee273078ac,inventory_complete,source_document
codex_doc_000375,codex_src_000376,KINETIC_159_Deloitte - AI Agents.pdf,KINETIC_159_Deloitte - AI Agents.pdf,pdf,6493198,2025-05-22T15:03:47,c0107919fb05155e80d2c89cc5df48b89be2b212eeb0914d86f034f5165cfd03,inventory_complete,source_document
codex_doc_000376,codex_src_000377,KINETIC_160_Deloitte - AI Use Cases and Dossier.pdf,KINETIC_160_Deloitte - AI Use Cases and Dossier.pdf,pdf,8144512,2025-05-22T15:02:12,6b433e6b9321f74842ce9f549f22755c2513ff6c861074e993e2ebb121202305,inventory_complete,source_document
codex_doc_000377,codex_src_000378,KINETIC_161_Deloitte - CSOs in the AI era.pdf,KINETIC_161_Deloitte - CSOs in the AI era.pdf,pdf,7591307,2025-05-22T15:02:51,82011411f6dc95425735e7eb21860830d811eef4c6d80b6349d6a7be5e78baba,inventory_complete,source_document
codex_doc_000378,codex_src_000379,KINETIC_162_Deloitte - gen-ai-multi-agents-pov-2.pdf,KINETIC_162_Deloitte - gen-ai-multi-agents-pov-2.pdf,pdf,6493198,2025-09-11T14:20:21,c0107919fb05155e80d2c89cc5df48b89be2b212eeb0914d86f034f5165cfd03,inventory_complete,source_document
codex_doc_000379,codex_src_000380,KINETIC_163_Deloitte - State-of-AI-4th-edition.pdf,KINETIC_163_Deloitte - State-of-AI-4th-edition.pdf,pdf,1436004,2025-05-22T15:00:37,69e39843c97e598cfd8b9f2105cc5cdfe644b6342764b454de5bd5acec1d3bd1,inventory_complete,source_document
codex_doc_000380,codex_src_000381,KINETIC_164_Deloitte - unlocking-value-generative-ai-retail.pdf,KINETIC_164_Deloitte - unlocking-value-generative-ai-retail.pdf,pdf,5729273,2025-09-11T14:22:47,8b507de036fb5c740f17a98bd54947f0eab8015b6a52f70647f040286dad83e7,inventory_complete,source_document
codex_doc_000381,codex_src_000382,KINETIC_165_deloitte-cfo-survey-research.pdf,KINETIC_165_deloitte-cfo-survey-research.pdf,pdf,3882765,2025-04-21T08:56:00,5911c0daa5efd3fd80f45e99f3204b38b524adebdcb778120575c77389569739,inventory_complete,source_document
codex_doc_000382,codex_src_000383,KINETIC_166_deloitte-uk-digital-consumer-trends-2023-deck.pdf,KINETIC_166_deloitte-uk-digital-consumer-trends-2023-deck.pdf,pdf,7128903,2025-04-21T08:55:18,19b2e8534770e1e9a5d1000b4349da848ff7707e35190038b9b24fb3b63144f8,inventory_complete,source_document
codex_doc_000383,codex_src_000384,KINETIC_167_Digital Transformation - Academic - DT - A business management study.pdf,KINETIC_167_Digital Transformation - Academic - DT - A business management study.pdf,pdf,6644861,2025-12-06T09:54:24,e5eb92ba817ea8321c89972ab641d17fc573298ecdd8a60f44799b76451b24f3,inventory_complete,source_document
codex_doc_000384,codex_src_000385,KINETIC_168_Digital Transformation - AI Next.pdf,KINETIC_168_Digital Transformation - AI Next.pdf,pdf,70995,2025-10-01T10:15:40,b45f432cb0fe5c549eab046a9369f3b449fa1c2fb59f7fb6d1735eae7880d733,inventory_complete,source_document
codex_doc_000385,codex_src_000386,KINETIC_169_Digital Transformation - Customer Loyalty.pdf,KINETIC_169_Digital Transformation - Customer Loyalty.pdf,pdf,519322,2025-10-01T10:19:33,41db3b23fe7bfa77d528db8e204ba8fce8caf81fda2ef76ba8fc20574faa12a8,inventory_complete,source_document
codex_doc_000386,codex_src_000387,KINETIC_170_Digital Transformation- Academic - An-overview-of-the-current-state-of-the-art-of-research.pdf,KINETIC_170_Digital Transformation- Academic - An-overview-of-the-current-state-of-the-art-of-research.pdf,pdf,637153,2025-12-06T10:02:02,e1b876688f04a05f463b8d5b4d42e817a981fe309ed7e79bea8389d633667677,inventory_complete,source_document
codex_doc_000387,codex_src_000388,KINETIC_171_Digitopia-Digital-Maturity-Report-2024.pdf,KINETIC_171_Digitopia-Digital-Maturity-Report-2024.pdf,pdf,4173485,2025-04-23T08:45:22,d0f2329cb5d501ca9b7585de0399cd4e623669328703641fe149fc556dd9eb96,inventory_complete,source_document
codex_doc_000388,codex_src_000389,KINETIC_172_digitopia-report-digitaltransformationguide.pdf,KINETIC_172_digitopia-report-digitaltransformationguide.pdf,pdf,2699975,2025-04-23T08:48:26,8ceca6f996e686124a2d11875874d627c468e15cfd33c14e473fc4af49d09347,inventory_complete,source_document
codex_doc_000389,codex_src_000390,KINETIC_173_ebook_mit-cio-generative-ai-report.pdf,KINETIC_173_ebook_mit-cio-generative-ai-report.pdf,pdf,11752542,2025-05-24T10:38:54,83643242067baedd731297820906e108b35159436faedf391e42a0eadb83971e,inventory_complete,source_document
codex_doc_000390,codex_src_000391,KINETIC_174_Ecosystem - Practioner - Ecosystem Portfolio Theory.pdf,KINETIC_174_Ecosystem - Practioner - Ecosystem Portfolio Theory.pdf,pdf,4336345,2025-12-05T15:39:23,4c8335ed47384af4da35a7658885c8646221f8e92c09d7ba3db3c9708fd6be9d,inventory_complete,source_document
codex_doc_000391,codex_src_000392,"KINETIC_175_Ecosystems - Academic - Ecosystems, strategy and business models in the age of digitization.pdf","KINETIC_175_Ecosystems - Academic - Ecosystems, strategy and business models in the age of digitization.pdf",pdf,552415,2025-12-06T10:51:37,848b76cc4b94c672dc03996c7e1907460faeacbe0438f76d155884c3e5538803,inventory_complete,source_document
codex_doc_000392,codex_src_000393,KINETIC_176_enterprise-wide-transformation-ebook.pdf,KINETIC_176_enterprise-wide-transformation-ebook.pdf,pdf,13265409,2025-05-22T13:14:06,9ef7596102c740ff01efe74f679efa60fe093b5704796e81eb786696b8af5961,inventory_complete,source_document
codex_doc_000393,codex_src_000394,KINETIC_177_Everest-group-innovation-watch-agentic-ai-products-2025_foribm.pdf,KINETIC_177_Everest-group-innovation-watch-agentic-ai-products-2025_foribm.pdf,pdf,1273594,2025-09-18T09:08:32,9deb4767092772c0095535e6f7b25bf37352c3e157544f68aba201bc35dd2766,inventory_complete,source_document
codex_doc_000394,codex_src_000395,KINETIC_178_EY-Asset-Tokenization-Report-September-2023.pdf,KINETIC_178_EY-Asset-Tokenization-Report-September-2023.pdf,pdf,1451535,2025-04-21T09:04:59,18583d950643b17250f724525402602a1ab247d28fb55d68bd167e13db0ed5ab,inventory_complete,source_document
codex_doc_000395,codex_src_000396,KINETIC_179_ey-generative-ai-in-retail-and-commercial-banking.pdf,KINETIC_179_ey-generative-ai-in-retail-and-commercial-banking.pdf,pdf,1533011,2025-04-21T09:05:20,34830d1457272f2d5e861b8bd0591838137b8ffe1e7635e54299f01b93900008,inventory_complete,source_document
codex_doc_000396,codex_src_000397,KINETIC_180_FTSG 2025 1000 page Trends.pdf,KINETIC_180_FTSG 2025 1000 page Trends.pdf,pdf,59660281,2025-08-18T10:02:57,abaa292735a4f0cf3ca81638cd492d09c282204fb9aba18e63bee63b83fc9900,inventory_complete,source_document
codex_doc_000397,codex_src_000398,KINETIC_181_Future_of_Intent_Data_GTMPartners_2025.pdf,KINETIC_181_Future_of_Intent_Data_GTMPartners_2025.pdf,pdf,1952086,2025-08-25T09:54:32,304d7258cc149d89b857ff6411de1dda23d934ceab4935983d707c0918bf3307,inventory_complete,source_document
codex_doc_000398,codex_src_000399,KINETIC_182_Germany - blockchain-strategy.pdf,KINETIC_182_Germany - blockchain-strategy.pdf,pdf,460265,2025-10-03T16:17:46,7b7059be17b1ae06950290abe8e528eb6ccf2c54f2088b93ffb188ffc543b3c8,inventory_complete,source_document
codex_doc_000399,codex_src_000400,KINETIC_183_Germany - national blockchain-strategy.pdf,KINETIC_183_Germany - national blockchain-strategy.pdf,pdf,460265,2025-09-05T08:37:51,7b7059be17b1ae06950290abe8e528eb6ccf2c54f2088b93ffb188ffc543b3c8,inventory_complete,source_document
codex_doc_000400,codex_src_000401,KINETIC_184_google_cloud_ai_trends.pdf,KINETIC_184_google_cloud_ai_trends.pdf,pdf,50422179,2025-09-11T12:27:29,cb77e76acc60d2937089f64fbd616ac175ad7016f64e4fcd1acdf1103f6d0875,inventory_complete,source_document
codex_doc_000401,codex_src_000402,KINETIC_185_google_cloud_state_of_ai_infra_report (1).pdf,KINETIC_185_google_cloud_state_of_ai_infra_report (1).pdf,pdf,49561518,2025-10-09T10:15:53,b2317e6b05fbf6f34651928473ad9d8364d5967faad4afae36c7a000939afcd3,inventory_complete,source_document
codex_doc_000402,codex_src_000403,KINETIC_186_google_cloud_state_of_ai_infra_report.pdf,KINETIC_186_google_cloud_state_of_ai_infra_report.pdf,pdf,49561518,2025-10-03T16:12:31,b2317e6b05fbf6f34651928473ad9d8364d5967faad4afae36c7a000939afcd3,inventory_complete,source_document
codex_doc_000403,codex_src_000404,KINETIC_187_Greece - digital_decade_national_roadmap.pdf,KINETIC_187_Greece - digital_decade_national_roadmap.pdf,pdf,1528181,2025-10-03T16:23:41,adedcf40c20922a0716bb528e0aaad1a847eb8bb767ead378a34e0381dcacc85,inventory_complete,source_document
codex_doc_000404,codex_src_000405,KINETIC_188_High Velocity Industries.pdf,KINETIC_188_High Velocity Industries.pdf,pdf,346059,2025-10-01T09:09:33,20c417a9fd14d96c21b4f636aa5e382a30b306172614805d77e4facbd3a2be8d,inventory_complete,source_document
codex_doc_000405,codex_src_000406,KINETIC_189_Hyperledger_CaseStudy_Walmart_Printable_V4.pdf,KINETIC_189_Hyperledger_CaseStudy_Walmart_Printable_V4.pdf,pdf,4385719,2025-08-01T11:41:42,de8efae37e79cae7f2f3caab6750a36982c5366217aa8b07b630d02c61919e52,inventory_complete,source_document
codex_doc_000406,codex_src_000407,KINETIC_190_IBM - 2025-ceo-study-5-mindshifts-to-supercharge-business-growth-report.pdf,KINETIC_190_IBM - 2025-ceo-study-5-mindshifts-to-supercharge-business-growth-report.pdf,pdf,10363018,2025-09-11T14:09:02,9501dba4ab378d9d8e85c87fbde7b33042bd92e257b6c963fab8ba5023d38f5b,inventory_complete,source_document
codex_doc_000407,codex_src_000408,KINETIC_191_IBM - 5-trends-for-2025-report.pdf,KINETIC_191_IBM - 5-trends-for-2025-report.pdf,pdf,2384451,2025-09-11T14:06:40,972819d05185c6e98d996bb483309bade622817e18741a28d10448d619d25aa7,inventory_complete,source_document
codex_doc_000408,codex_src_000409,KINETIC_192_IBM - AI and ceos-guide-to-generative-ai-second-edition.pdf,KINETIC_192_IBM - AI and ceos-guide-to-generative-ai-second-edition.pdf,pdf,27424509,2025-09-11T14:11:29,206a3df91a1bb8331525caa4d0ed8ebc540d4686aed0482da624d46c3e90ec2e,inventory_complete,source_document
codex_doc_000409,codex_src_000410,KINETIC_193_Immutable Vineyards - Napa Cab 2012.pdf,KINETIC_193_Immutable Vineyards - Napa Cab 2012.pdf,pdf,246022,2025-11-03T13:15:02,dd6a472155f5fad70af44a6fc959b0918cb75fa19390fd29771e3c499d606b92,inventory_complete,source_document
codex_doc_000410,codex_src_000411,KINETIC_194_Immutable Vineyards - Napa Cab 2013-14.pdf,KINETIC_194_Immutable Vineyards - Napa Cab 2013-14.pdf,pdf,166978,2025-11-03T14:25:00,e8d03171a9418ed4cb8a1459d4d338d7cbb6938b2d25b7777c68147a9bc84baa,inventory_complete,source_document
codex_doc_000411,codex_src_000412,KINETIC_195_Immutable Vineyards - Public winery database 2019-02-25_201902251623100147.pdf,KINETIC_195_Immutable Vineyards - Public winery database 2019-02-25_201902251623100147.pdf,pdf,268533,2025-11-03T13:21:13,1ad520cf2643624e2e0ce4b31201c9ce4abb9d54a6fac4f1fbedb4a93e8aed2c,inventory_complete,source_document
codex_doc_000412,codex_src_000413,KINETIC_196_Immutable Vineyards - Wine Data.pdf,KINETIC_196_Immutable Vineyards - Wine Data.pdf,pdf,3380931,2025-11-03T13:52:38,3b9ab74e63511db006fa06031d6eed8afa70bd12dec44edf5e99730c0f723cb1,inventory_complete,source_document
codex_doc_000413,codex_src_000414,KINETIC_197_India - Blockchain_The_India_Strategy_Part_I.pdf,KINETIC_197_India - Blockchain_The_India_Strategy_Part_I.pdf,pdf,2567528,2025-10-03T16:31:01,96cf68f8eb50c7e907da7c4dfabd5bbd34e6cc504211554b06c27853a3f94ff5,inventory_complete,source_document
codex_doc_000414,codex_src_000415,KINETIC_198_Industry 4 0 - Academic - TOE Assessment.pdf,KINETIC_198_Industry 4 0 - Academic - TOE Assessment.pdf,pdf,4064015,2025-12-05T15:30:09,f32b48e338fbe5d820eca0f0709d9d0645b26f7a324c7e7eacb379467a7f21be,inventory_complete,source_document
codex_doc_000415,codex_src_000416,"KINETIC_199_Industry 4.0 - Academic - Comparison of Industry 4.0, Industry 5.0, and related political initiatives using bibliometric data.pdf","KINETIC_199_Industry 4.0 - Academic - Comparison of Industry 4.0, Industry 5.0, and related political initiatives using bibliometric data.pdf",pdf,792328,2025-10-24T12:52:47,87b0c44e350518bd0af71e697c7da4c068538a7520d902b492b0e18f648f9299,inventory_complete,source_document
codex_doc_000416,codex_src_000417,KINETIC_200_Industry 4.0 - Academic - Emerging Enabling Technologies for Industry 4.0 and Beyond.pdf,KINETIC_200_Industry 4.0 - Academic - Emerging Enabling Technologies for Industry 4.0 and Beyond.pdf,pdf,668560,2025-10-24T12:48:19,a4d86d85bcd70a36f9963c042dca6228a7923369245c0a92233dccc5b198148c,inventory_complete,source_document
codex_doc_000417,codex_src_000418,KINETIC_201_Industry 4.0 - Academic - Industry 4.0 maturity assessment a multi-dimensional indicator approach.pdf,KINETIC_201_Industry 4.0 - Academic - Industry 4.0 maturity assessment a multi-dimensional indicator approach.pdf,pdf,701065,2025-10-24T12:52:05,5ed7e12a1d2c0ab32fbf8ec15d5b562824e413aac2c1bce62dc89952cad3fb20,inventory_complete,source_document
codex_doc_000418,codex_src_000419,KINETIC_202_Industry 4.0 - Academic - Leveraging Industry 4.0.pdf,KINETIC_202_Industry 4.0 - Academic - Leveraging Industry 4.0.pdf,pdf,2514397,2025-12-05T15:24:06,e740aa728f496e8feca807e9cd82ac3140a4b9a736f935b4d7961948b41308c5,inventory_complete,source_document
codex_doc_000419,codex_src_000420,KINETIC_203_Industry 4.0 - Academic - MCDM model to rank the performance outcomes in the implementation of Industry 4.0.pdf,KINETIC_203_Industry 4.0 - Academic - MCDM model to rank the performance outcomes in the implementation of Industry 4.0.pdf,pdf,1571910,2025-10-24T12:51:14,2a9077188e61fa7a7fc26b8c49d09d6463d26e062c9383411f72f43c5c21c392,inventory_complete,source_document
codex_doc_000420,codex_src_000421,KINETIC_204_Innovation - Academic - AI-driven business model innovation.pdf,KINETIC_204_Innovation - Academic - AI-driven business model innovation.pdf,pdf,3072163,2025-12-07T15:34:39,b81f9b68891d2ba56abaa7b2d00511393b6a15b1db7ab6f460b2430ba74b7411,inventory_complete,source_document
codex_doc_000421,codex_src_000422,KINETIC_205_Innovation - Academic - Business Strategies and the role of innovation.pdf,KINETIC_205_Innovation - Academic - Business Strategies and the role of innovation.pdf,pdf,1102303,2025-12-05T15:44:44,0703e963eefd7858614f81dc2967d48aed927187f46f7bf904ea277c2de15797,inventory_complete,source_document
codex_doc_000422,codex_src_000423,KINETIC_206_Innovation - Academic - Strategic innovation in business models - Leveraging emerging technologies to gain a competitive advantage.pdf,KINETIC_206_Innovation - Academic - Strategic innovation in business models - Leveraging emerging technologies to gain a competitive advantage.pdf,pdf,659283,2025-12-07T14:20:55,4c3ad0dbbc624b6cb2615973bd5a570bf2f65d9a739b430e520daa0463cc0e56,inventory_complete,source_document
codex_doc_000423,codex_src_000424,KINETIC_207_Innovation - Academic - The Role of Performance and Innovation.pdf,KINETIC_207_Innovation - Academic - The Role of Performance and Innovation.pdf,pdf,1102303,2025-12-06T09:39:46,daef1ee5f241dba9a63a4a37d4e349dbc4e4b8fc5715f888b98998205155b033,inventory_complete,source_document
codex_doc_000424,codex_src_000425,KINETIC_208_Innovation - Academic -Platform-competition-a-systematic-and-interdisciplinary-review-of-the-literature.pdf,KINETIC_208_Innovation - Academic -Platform-competition-a-systematic-and-interdisciplinary-review-of-the-literature.pdf,pdf,695840,2025-12-07T12:00:23,80bfebd21f20ee8f96f275da8252acef620abb8d8eb8f4553df48070758d7d00,inventory_complete,source_document
codex_doc_000425,codex_src_000426,KINETIC_209_Innovation - Practitioner - Deloitte Driving innovation and new business models through Industry 4.0.pdf,KINETIC_209_Innovation - Practitioner - Deloitte Driving innovation and new business models through Industry 4.0.pdf,pdf,1896302,2025-12-07T11:16:25,b326549911958b72235c8288c0bf50a726c6c21bf6e044acfce7de31e35ff15a,inventory_complete,source_document
codex_doc_000426,codex_src_000427,KINETIC_210_Inovation - Academic - Hypercompetition_customer-value_competition_and_th.pdf,KINETIC_210_Inovation - Academic - Hypercompetition_customer-value_competition_and_th.pdf,pdf,91433,2025-12-07T11:05:54,e323d57a3ba45ee8e6661153af67849fd9ab50ff1163fa7931398c9e7c112756,inventory_complete,source_document
codex_doc_000427,codex_src_000428,KINETIC_211_Intercom AI End User Sentiment Report.pdf,KINETIC_211_Intercom AI End User Sentiment Report.pdf,pdf,43427272,2025-07-14T10:51:52,8e5f0891153f830bc0f36c10f741fca59f2a022cc444369adf96102de5828f68,inventory_complete,source_document
codex_doc_000428,codex_src_000429,KINETIC_212_Ireland - BIockchain -Strategy-2022-A4-D5-3.pdf,KINETIC_212_Ireland - BIockchain -Strategy-2022-A4-D5-3.pdf,pdf,23613308,2025-09-05T08:39:26,986838815ac8643089a485b4e2dff39c89cc8b942b65066d31ed2e312bf90796,inventory_complete,source_document
codex_doc_000429,codex_src_000430,KINETIC_213_Japan's 3.0 Whitepaper_E_050122.pdf,KINETIC_213_Japan's 3.0 Whitepaper_E_050122.pdf,pdf,612087,2025-09-05T08:34:25,3c3894f461f7e4da052fb761428b40bccf2c02706ea6772a29c286057b2787b3,inventory_complete,source_document
codex_doc_000430,codex_src_000431,KINETIC_214_KLG-CDAIO_Brochure_B2C_24-03-25.pdf,KINETIC_214_KLG-CDAIO_Brochure_B2C_24-03-25.pdf,pdf,2419851,2025-05-30T13:11:47,05f97134d663b0ca048c64cc7aff0092c4e72f86a9bd768a22096d320e32180a,inventory_complete,source_document
codex_doc_000431,codex_src_000432,KINETIC_215_Korea-Blockchain-Ecosystem.pdf,KINETIC_215_Korea-Blockchain-Ecosystem.pdf,pdf,1612908,2025-10-03T16:18:25,0c0e13036dfd4bf815343a4f3af91ae8372ce059c67865a676e85de8c88f6c36,inventory_complete,source_document
codex_doc_000432,codex_src_000433,KINETIC_216_Leveraging Generative Intelligence - academic.pdf,KINETIC_216_Leveraging Generative Intelligence - academic.pdf,pdf,4430003,2025-05-22T14:02:26,f4254e04f9ef86f89f7be4489b060e2fb5b55c020487c06e95c73406804dc5d1,inventory_complete,source_document
codex_doc_000433,codex_src_000434,KINETIC_217_LLM reproduce human purchase intent via semantic similarity elicitation.pdf,KINETIC_217_LLM reproduce human purchase intent via semantic similarity elicitation.pdf,pdf,4226947,2025-10-10T12:47:20,86d921ccb0f8eff81c91efd99c1459e18822c2e3b78968f175ad3b7c75f83e8f,inventory_complete,source_document
codex_doc_000434,codex_src_000435,KINETIC_218_Malaysia - National-Blockchain-Roadmap-2021-2025.pdf,KINETIC_218_Malaysia - National-Blockchain-Roadmap-2021-2025.pdf,pdf,9939013,2025-09-05T08:41:03,9574ba6804d50249efbfeea60bd57237d55590e7caa57ce5be9471e99b887be4,inventory_complete,source_document
codex_doc_000435,codex_src_000436,KINETIC_219_mastering-ai-agents-galileo.pdf,KINETIC_219_mastering-ai-agents-galileo.pdf,pdf,24608040,2025-05-22T13:28:34,13267f31f45d193c24937367f4a4df234aeab5ecf4bd7a952b81eb754d638249,inventory_complete,source_document
codex_doc_000436,codex_src_000437,KINETIC_220_McKinesy - seizing-the-agentic-ai-advantage.pdf,KINETIC_220_McKinesy - seizing-the-agentic-ai-advantage.pdf,pdf,2857694,2025-09-18T08:51:14,e043db491b2702713d789f592d3ed8ef94f6aef2e796be690e46dc04f87d0f04,inventory_complete,source_document
codex_doc_000437,codex_src_000438,KINETIC_221_McKinsey - artificial-intelligence-in-strategy.pdf,KINETIC_221_McKinsey - artificial-intelligence-in-strategy.pdf,pdf,313969,2025-05-22T14:50:22,4b182b7095b8a4aa493b24e2b70c6de911fcac08f0808d8e21babdf28aeb9d9a,inventory_complete,source_document
codex_doc_000438,codex_src_000439,KINETIC_222_McKinsey 2025 AI Survey - the-state-of-ai-how-organizations-are-rewiring-to-capture-value_final.pdf,KINETIC_222_McKinsey 2025 AI Survey - the-state-of-ai-how-organizations-are-rewiring-to-capture-value_final.pdf,pdf,5564174,2025-09-03T11:04:41,b2a4c5bc5283d8a00e4bf1419bf7d39254d90d6b1f7fa288c8929c9046aff714,inventory_complete,source_document
codex_doc_000439,codex_src_000440,KINETIC_223_McKinsey and AI.pdf,KINETIC_223_McKinsey and AI.pdf,pdf,6121174,2025-04-28T08:20:05,7fc8c921866b31febf9651bff611426a373e5447a6c337e7f600cf17b2c6caf5,inventory_complete,source_document
codex_doc_000440,codex_src_000441,KINETIC_224_Meeker - Trends_Artificial_Intelligence (1).pdf,KINETIC_224_Meeker - Trends_Artificial_Intelligence (1).pdf,pdf,12746971,2025-08-18T10:04:31,4ea6a5a28163da7b1bc6c76bfeeb1311d8b123c3f758d3eaf78ee65aeb8e4762,inventory_complete,source_document
codex_doc_000441,codex_src_000442,KINETIC_225_MIT - State_of_AI_in_Business_2025_Report.pdf,KINETIC_225_MIT - State_of_AI_in_Business_2025_Report.pdf,pdf,923623,2025-10-01T11:23:00,dd5c5f53b9b013705c1b7377f75dd056955d3ff215c7076562c553ac8a55b68f,inventory_complete,source_document
codex_doc_000442,codex_src_000443,KINETIC_226_MO-AIL_Brochure_B2C_16-04-25.pdf,KINETIC_226_MO-AIL_Brochure_B2C_16-04-25.pdf,pdf,13323137,2025-05-30T13:13:10,02bb30df945b8be12514fb0cf331d099cc92414cadcff723f8db3568f1befd90,inventory_complete,source_document
codex_doc_000443,codex_src_000444,KINETIC_227_NICE_AI Readiness Guide.pdf,KINETIC_227_NICE_AI Readiness Guide.pdf,pdf,4016802,2025-04-28T08:15:35,d0e8348c2e446f9340a345a0d915df6917f8f8b35d378ed5a94877cfe56a5ec5,inventory_complete,source_document
codex_doc_000444,codex_src_000445,KINETIC_228_Nigeria - Co-Creating-a-Roadmap-for-Blockchain-in-Nigeria-BitKE.pdf,KINETIC_228_Nigeria - Co-Creating-a-Roadmap-for-Blockchain-in-Nigeria-BitKE.pdf,pdf,2125550,2025-10-03T16:27:57,84b90dd44115168ffc989b297b6d090262590ec8045819233c8c8e9bdfeecc0f,inventory_complete,source_document
codex_doc_000445,codex_src_000446,KINETIC_229_Nigeria - National-Blockchain-Policy.pdf,KINETIC_229_Nigeria - National-Blockchain-Policy.pdf,pdf,8135919,2025-09-05T08:41:46,04ff9761157ac52fd35586d1df9896ccedf7faf1559513a1754b8da5e3a6ef4e,inventory_complete,source_document
codex_doc_000446,codex_src_000447,KINETIC_230_Overclocked - Business Reinvented.pdf,KINETIC_230_Overclocked - Business Reinvented.pdf,pdf,4280272,2025-10-17T11:35:25,1a3ae46a78a56ced8faf2d5b1cecd6d99f4190160e427d9d198c4d2504114dcd,inventory_complete,source_document
codex_doc_000447,codex_src_000448,KINETIC_231_permissions-dont-persist-in-ai-apps.pdf,KINETIC_231_permissions-dont-persist-in-ai-apps.pdf,pdf,2019176,2025-05-22T14:46:59,e2fcefa0ea06949c353261e23ab63cbc75a20ae95fad7f832bfc765a86ca0577,inventory_complete,source_document
codex_doc_000448,codex_src_000449,KINETIC_232_PwC Global CEO Survey.pdf,KINETIC_232_PwC Global CEO Survey.pdf,pdf,10219287,2025-08-15T06:29:12,3067ad8823ba24f513cc367d7f4486a2604888f30543ac533895db0e02c826d8,inventory_complete,source_document
codex_doc_000449,codex_src_000450,KINETIC_233_Quantum - Academic - Commercial applications of quantum.pdf,KINETIC_233_Quantum - Academic - Commercial applications of quantum.pdf,pdf,1157910,2025-11-22T15:46:07,3f7afc06bc30a6b399b5ade98ee02a16aaad957f9dfbfcf4c35cf03066783c61,inventory_complete,source_document
codex_doc_000450,codex_src_000451,KINETIC_234_Quantum - Academic - Framework for understanding quantum computing use cases.pdf,KINETIC_234_Quantum - Academic - Framework for understanding quantum computing use cases.pdf,pdf,3000216,2025-11-22T15:48:06,930d41d45b5b36640dd3b3336b5442fe6eea99cff184b4e042d60884d775c017,inventory_complete,source_document
codex_doc_000451,codex_src_000452,KINETIC_235_Quantum - Academic - Industry_quantum_computing_applications.pdf,KINETIC_235_Quantum - Academic - Industry_quantum_computing_applications.pdf,pdf,2473041,2025-11-24T08:15:15,d89cc0404167fd0babe755ac5aac86c5a521da3f6a92212e2b4309e2f56d3d84,inventory_complete,source_document
codex_doc_000452,codex_src_000453,KINETIC_236_Quantum - Academic - Quantum_service-oriented_computing.pdf,KINETIC_236_Quantum - Academic - Quantum_service-oriented_computing.pdf,pdf,1611047,2025-11-24T08:26:52,3693df80e2a7202546de8f1aadafc1e58fffaee6b241ba47ee3c563c2f8a7228,inventory_complete,source_document
codex_doc_000453,codex_src_000454,KINETIC_237_Quantum - Academic - The Quantum Computing Business Ecosystem and Firm Strategies.pdf,KINETIC_237_Quantum - Academic - The Quantum Computing Business Ecosystem and Firm Strategies.pdf,pdf,327129,2025-11-22T15:46:59,d97d0d6ae47630ee9e6661fd19ca501f8a45cbc5752eacc26da659a47b40e2de,inventory_complete,source_document
codex_doc_000454,codex_src_000455,"KINETIC_238_Quantum - Academic - Three_Essays_on_Quantum_And, Industry.pdf","KINETIC_238_Quantum - Academic - Three_Essays_on_Quantum_And, Industry.pdf",pdf,1948874,2025-11-24T08:23:51,d63726b2207bdc7c7dfac375287c8084814e91d717e86a92094e3adc0a19f22d,inventory_complete,source_document
codex_doc_000455,codex_src_000456,KINETIC_239_Quantum - Practioner - McKinsey.pdf,KINETIC_239_Quantum - Practioner - McKinsey.pdf,pdf,4655430,2025-11-22T15:28:22,2ebeed2f5fac97b747391613a69eacf3bebc886698015a655b734c01d0087c65,inventory_complete,source_document
codex_doc_000456,codex_src_000457,KINETIC_240_Quantum - Practioner - Suppressing Error.pdf,KINETIC_240_Quantum - Practioner - Suppressing Error.pdf,pdf,1581762,2025-10-27T11:45:46,55688e51f65e57c1fd62b0025ce101ab9112075ae14e3057811cbaed104ec845,inventory_complete,source_document
codex_doc_000457,codex_src_000458,KINETIC_241_Reinvention - Practitioner - PWC CEO Survey.pdf,KINETIC_241_Reinvention - Practitioner - PWC CEO Survey.pdf,pdf,10219287,2025-12-06T11:08:06,3067ad8823ba24f513cc367d7f4486a2604888f30543ac533895db0e02c826d8,inventory_complete,source_document
codex_doc_000458,codex_src_000459,KINETIC_242_seizing-the-agentic-ai-advantage - McKinsey.pdf,KINETIC_242_seizing-the-agentic-ai-advantage - McKinsey.pdf,pdf,2857694,2025-08-15T10:22:19,e043db491b2702713d789f592d3ed8ef94f6aef2e796be690e46dc04f87d0f04,inventory_complete,source_document
codex_doc_000459,codex_src_000460,KINETIC_243_Shift from transformation to business model reinvention.pdf,KINETIC_243_Shift from transformation to business model reinvention.pdf,pdf,3439818,2025-08-09T08:48:34,e4c9abc1543a03a09d3e341eba378c6dc5cf9cbb6a4240f9c0b55f7f77ab6fb6,inventory_complete,source_document
codex_doc_000460,codex_src_000461,KINETIC_244_state-of-data-ai-report.pdf,KINETIC_244_state-of-data-ai-report.pdf,pdf,1798287,2025-05-22T13:40:15,cb932de483b87110c66ee2c456326653de1da21b361b34ec1d16f06808701a04,inventory_complete,source_document
codex_doc_000461,codex_src_000462,KINETIC_245_Strategy - Acacemic - Strategic Management Process.pdf,KINETIC_245_Strategy - Acacemic - Strategic Management Process.pdf,pdf,294027,2025-12-05T15:11:41,fee793074b7f4e435dc7122c7ec33359ea19a0285123ace862597a76c755b265,inventory_complete,source_document
codex_doc_000462,codex_src_000463,KINETIC_246_Striim-How-to-Build-AI-Driven-Data-Strategy.pdf,KINETIC_246_Striim-How-to-Build-AI-Driven-Data-Strategy.pdf,pdf,6352241,2025-05-22T14:45:49,abbf82c1b31108e8da03d9f5839cd2ddb4e9ed922a1565062d7d857777b3f800,inventory_complete,source_document
codex_doc_000463,codex_src_000464,KINETIC_247_The ultimate AI guide for marketers in 2025.pdf,KINETIC_247_The ultimate AI guide for marketers in 2025.pdf,pdf,65143907,2025-04-22T08:06:43,4b99a43632502056694c9f56223cc3c3964b9177a6486ac3836ba04226b8881d,inventory_complete,source_document
codex_doc_000464,codex_src_000465,KINETIC_248_The_Digital_Advantage__How_Digital_Leaders_Outperform_their_Peers_in_Every_Industry.pdf,KINETIC_248_The_Digital_Advantage__How_Digital_Leaders_Outperform_their_Peers_in_Every_Industry.pdf,pdf,2507736,2025-05-19T16:52:22,08fb07b0a21eaec7b35b90432956c5d4b97e1d5213a0e1e8ac150988a7cd6936,inventory_complete,source_document
codex_doc_000465,codex_src_000466,KINETIC_249_the-big-product-and-platform-shift-five-actions-transformation - McKinsey.pdf,KINETIC_249_the-big-product-and-platform-shift-five-actions-transformation - McKinsey.pdf,pdf,415004,2025-08-15T10:20:43,d88ba3f2dd0d095b1fc6230591adee6c502712b19e6aeffdc06f08d08f41e566,inventory_complete,source_document
codex_doc_000466,codex_src_000467,KINETIC_250_The-foundations-of-corporate-innovation-in-the-digital-age.pdf,KINETIC_250_The-foundations-of-corporate-innovation-in-the-digital-age.pdf,pdf,3217036,2025-07-09T10:25:57,cca70229db379b9e97b83d189a37396e467e47f0eb78e5f067283c0f32c43b30,inventory_complete,source_document
codex_doc_000467,codex_src_000468,KINETIC_251_the-impact-of-agility-how-to-shape-your-organization-to-compete-v4.pdf,KINETIC_251_the-impact-of-agility-how-to-shape-your-organization-to-compete-v4.pdf,pdf,1045611,2025-04-28T08:28:16,29484f287fe08a090f784273aab8b179a9e19317cad585e997e4e5482f9d5959,inventory_complete,source_document
codex_doc_000468,codex_src_000469,KINETIC_252_The-new-growth-game-Web.pdf,KINETIC_252_The-new-growth-game-Web.pdf,pdf,10264003,2025-09-03T18:14:44,59b8d72cc0691debb7cda192403810909540afb828779ebc1d696b185843a1cd,inventory_complete,source_document
codex_doc_000469,codex_src_000470,KINETIC_253_the-rise-of-ai-agents-unleashing-productivity-and-innovation.pdf,KINETIC_253_the-rise-of-ai-agents-unleashing-productivity-and-innovation.pdf,pdf,1115450,2025-05-22T13:28:51,0fbcafee17439f4d76c10def2cdfa682753c6f2155249adaf2ada269eb3cb655,inventory_complete,source_document
codex_doc_000470,codex_src_000471,KINETIC_254_the-state-of-ai-how-organizations-are-rewiring-to-capture-value_final.pdf,KINETIC_254_the-state-of-ai-how-organizations-are-rewiring-to-capture-value_final.pdf,pdf,5564174,2025-09-03T11:07:38,b2a4c5bc5283d8a00e4bf1419bf7d39254d90d6b1f7fa288c8929c9046aff714,inventory_complete,source_document
codex_doc_000471,codex_src_000472,KINETIC_255_The-state-of-ai-in-early-2024-final.pdf,KINETIC_255_The-state-of-ai-in-early-2024-final.pdf,pdf,1849633,2024-08-22T16:49:04,dec2abcbaae3768df3eb76c3214f039f989f6abdf3144e3c739c3d616b21af70,inventory_complete,source_document
codex_doc_000472,codex_src_000473,KINETIC_256_U.S.-Blockchain-Roadmap.pdf,KINETIC_256_U.S.-Blockchain-Roadmap.pdf,pdf,11297350,2025-09-05T08:46:12,9f3b32a043175c7af55d7a19a6e03224b1054a847348ff0c7a21113c99a33ef2,inventory_complete,source_document
codex_doc_000473,codex_src_000474,KINETIC_257_UK-National Blockchain Roadmap Excellence-Standards-Framework.pdf,KINETIC_257_UK-National Blockchain Roadmap Excellence-Standards-Framework.pdf,pdf,29629516,2025-09-05T08:37:07,2462753edb2cfed504380db84d9b7ced7b93738a48be6ff13184421aa755647e,inventory_complete,source_document
codex_doc_000474,codex_src_000475,KINETIC_258_us-state-of-gen-ai-report.pdf,KINETIC_258_us-state-of-gen-ai-report.pdf,pdf,16779349,2025-04-21T08:53:52,1d68d306c68bab43ab2fee8f6fa24abe8f70f5adf93c0ecb937b5579de278555,inventory_complete,source_document
codex_doc_000475,codex_src_000476,KINETIC_259_Velocitey - Academic - Diseconomies of Time Compression.pdf,KINETIC_259_Velocitey - Academic - Diseconomies of Time Compression.pdf,pdf,339095,2025-12-07T20:53:13,04d480a77559b23ee61d5d9a3ec02bd1f3503052043fd0f42383de199ed7a984,inventory_complete,source_document
codex_doc_000476,codex_src_000477,KINETIC_260_Velocitey - Academic - Time based competition.pdf,KINETIC_260_Velocitey - Academic - Time based competition.pdf,pdf,432243,2025-12-07T20:56:47,a805b2078b98d5f87e32f53bf70464afbf8ba657cce2aead4b8e17c8da084ef4,inventory_complete,source_document
codex_doc_000477,codex_src_000478,KINETIC_261_Velocitity - Academic - The regional and temperal nature of hypercompetition.pdf,KINETIC_261_Velocitity - Academic - The regional and temperal nature of hypercompetition.pdf,pdf,2886015,2025-12-07T11:22:14,0bcc0c3e8cf37e5c316871d4133bc61025499a798ac0575841255df8acf02c8f,inventory_complete,source_document
codex_doc_000478,codex_src_000479,KINETIC_262_Velocity - Academic - Time Compression.pdf,KINETIC_262_Velocity - Academic - Time Compression.pdf,pdf,321433,2025-12-06T10:23:21,a2ec967b10145cdb29b6fcc5fb3e63777aa418bb989eff4ab182bac5f450df7e,inventory_complete,source_document
codex_doc_000479,codex_src_000480,KINETIC_263_Velocity - Academic - Winning in high velocity markets The case of BSkyB.pdf,KINETIC_263_Velocity - Academic - Winning in high velocity markets The case of BSkyB.pdf,pdf,51178,2025-12-07T21:07:14,4da591c9e9773454fdaa961b4d313b95f373179df04eaf3f4f40b936397b21bb,inventory_complete,source_document
codex_doc_000480,codex_src_000481,KINETIC_264_Velocity - Academic -Time compression diseconomies.pdf,KINETIC_264_Velocity - Academic -Time compression diseconomies.pdf,pdf,1170173,2025-12-07T20:50:40,6e5a1542a189eba15a2525109a41f4b82d7b0e71c8a45dbf1a163ece8f606eed,inventory_complete,source_document
codex_doc_000481,codex_src_000482,KINETIC_265_Velocity - IT.pdf,KINETIC_265_Velocity - IT.pdf,pdf,2483044,2025-10-01T09:15:45,c4ad98ceee176b431792c864f68313c3122b1e40844102e59107ff38eb4910ee,inventory_complete,source_document
codex_doc_000482,codex_src_000483,KINETIC_266_Velocity - Multi Dimensional.pdf,KINETIC_266_Velocity - Multi Dimensional.pdf,pdf,200872,2025-10-01T09:24:16,5d7f902383eb843c2a6cfcfa6cb532d2e800f8b61b5c4caeee60b471f2d08f9a,inventory_complete,source_document
codex_doc_000483,codex_src_000484,KINETIC_267_Velocity - Organizational.pdf,KINETIC_267_Velocity - Organizational.pdf,pdf,229766,2025-10-01T09:13:51,ffa896094b34c71b1baacfdd9e95646ab924d603bf4cbfdf78e99a36d7293844,inventory_complete,source_document
codex_doc_000484,codex_src_000485,KINETIC_268_WEF_Navigating_the_AI_Frontier_2024.pdf,KINETIC_268_WEF_Navigating_the_AI_Frontier_2024.pdf,pdf,3383024,2025-09-11T12:31:37,0a3a636f92854b1fdce50fe958ec1ddc5f76bd4b1f54f26e252bc00c2a6bf0ca,inventory_complete,source_document
codex_doc_000485,codex_src_000486,KINETIC_269_What is AI v2.pdf,KINETIC_269_What is AI v2.pdf,pdf,372731,2024-08-22T16:47:14,48ed418557d38622a4bc9f10ba6bf2d507ec44f35909eebc8e5524c15691c89e,inventory_complete,source_document
codex_doc_000486,codex_src_000487,KINETIC_270_what-is-an-ai-agent.pdf,KINETIC_270_what-is-an-ai-agent.pdf,pdf,493551,2025-04-28T08:27:14,8f559f813fb11aa644cd10ef2f534e8d8c39200341bda348b536bb37015023f1,inventory_complete,source_document
codex_doc_000487,codex_src_000488,KINETIC_271_Why-agentic-process-orchestration-belongs-in-your-automation-strategy.pdf,KINETIC_271_Why-agentic-process-orchestration-belongs-in-your-automation-strategy.pdf,pdf,135617,2025-04-21T08:37:24,98b4f97aa93af7e7c0e98e3e53f56c95c80669eba569001bbacc3c80552e2efb,inventory_complete,source_document
codex_doc_000488,codex_src_000489,KINETIC_272_wp-agent-intelligence.pdf,KINETIC_272_wp-agent-intelligence.pdf,pdf,1047383,2025-05-22T10:58:47,3ed8d7035341c966165b25592d972a91551fca89d3fcb36b0690f32f70728cd9,inventory_complete,source_document
codex_doc_000489,codex_src_000490,KINETIC_273_Zapier_State-of-RevOps-automation-report_z1rjux.pdf,KINETIC_273_Zapier_State-of-RevOps-automation-report_z1rjux.pdf,pdf,7885919,2025-04-28T08:17:06,659e09d605b231b07e96bf0985722a76bd98e69699552f40bb4998246a84460b,inventory_complete,source_document
codex_doc_000490,codex_src_000491,KINETIC_274_Velocity-Acadmic - Internet of Things Book.pdf,KINETIC_274_Velocity-Acadmic - Internet of Things Book.pdf,pdf,33048953,2025-12-11T10:55:44,305f68b105ee42053e9260141e46d7fef71111d81bf40d11a4132089f457a02f,inventory_complete,source_document
codex_doc_000491,codex_src_000492,Kinetic_275_Innovation-Academic - How the Internet of Things reshapes the organization of innovation.pdf,Kinetic_275_Innovation-Academic - How the Internet of Things reshapes the organization of innovation.pdf,pdf,378210,2025-12-11T10:57:42,47224a73357c4759bad489825db6ae54920eb56859eaf9eff683beb9d82b6238,inventory_complete,source_document
codex_doc_000492,codex_src_000493,KINETIC_276_Industry 4.0 - Academic - INTERNET OF THINGS IN THE CONTEXT OF INDUSTRY 4.0 - AN OVERVIEW.pdf,KINETIC_276_Industry 4.0 - Academic - INTERNET OF THINGS IN THE CONTEXT OF INDUSTRY 4.0 - AN OVERVIEW.pdf,pdf,499733,2025-12-11T11:02:42,102336cfe7824944df1a47428d3fdae135ef0b7c1ea870080426e4751611340d,inventory_complete,source_document
codex_doc_000493,codex_src_000494,KINETIC_277_Adaptability - Academic - Research on Self-Organization and Adaptive Strategy of the Internet of Things Sensor Networks.pdf,KINETIC_277_Adaptability - Academic - Research on Self-Organization and Adaptive Strategy of the Internet of Things Sensor Networks.pdf,pdf,3968704,2025-12-11T11:04:21,deb383b8732bf6917f8e3f918125e78331a8ecb727978e5990a0921ce647659f,inventory_complete,source_document
codex_doc_000494,codex_src_000495,"KINETIC_278_Innovation - Academic - Internet of Things beyond the Hype -  Research, Innovation and Deployment.pdf","KINETIC_278_Innovation - Academic - Internet of Things beyond the Hype -  Research, Innovation and Deployment.pdf",pdf,12122718,2025-12-11T11:08:11,017fa7f3343d4f6cd1d203c7e7840df7e8ac060a49c1af853a2fa4aa1b64e5d7,inventory_complete,source_document
codex_doc_000495,codex_src_000496,KINETIC_279_Innovation - Academic - Augmented Reality Book.pdf,KINETIC_279_Innovation - Academic - Augmented Reality Book.pdf,pdf,13814988,2025-12-11T11:11:03,20d9f963e5f8846ca4a85e16bb7a4762ae14d98028c375a1997ef1d496d9f6cf,inventory_complete,source_document
codex_doc_000496,codex_src_000497,KINETIC_280_Innovation - Academic - Internet of things based innovative solutions and emerging research clusters in circular economy.pdf,KINETIC_280_Innovation - Academic - Internet of things based innovative solutions and emerging research clusters in circular economy.pdf,pdf,3778667,2025-12-11T11:14:43,744867b0f6bc3a3e9f3495f4f67a8166b019ffac927a219b993d8a919c33d1d1,inventory_complete,source_document
codex_doc_000497,codex_src_000498,KINETIC_281_Innovation - Academic - Enhancing Organizational Agility Through Open Innovation.pdf,KINETIC_281_Innovation - Academic - Enhancing Organizational Agility Through Open Innovation.pdf,pdf,774020,2025-12-11T11:17:26,ba53922a34eb325255794be03216eb5dfacd30db6562257626c3650c89b6a6ac,inventory_complete,source_document
codex_doc_000498,codex_src_000499,"KINETIC_282_Digital Transformation - Academic - A model of the interplay between leadership styles, culture and digital transformation.pdf","KINETIC_282_Digital Transformation - Academic - A model of the interplay between leadership styles, culture and digital transformation.pdf",pdf,871981,2025-12-11T11:19:11,dfd0c86eede63f6e19472f4bdd173db5db094a89a440d8e49478c90182bd4f4b,inventory_complete,source_document
codex_doc_000499,codex_src_000500,KINETIC_283_Adaptability - Academic - THE ROLE OF SUPPLY CHAIN DIGITALIZATION IN MANAGING CHANGE DURING.pdf,KINETIC_283_Adaptability - Academic - THE ROLE OF SUPPLY CHAIN DIGITALIZATION IN MANAGING CHANGE DURING.pdf,pdf,1424805,2025-12-11T11:25:21,f226fe971b7426f52adb7c196b8be999c41874c77066a834e2980fa087430f63,inventory_complete,source_document
codex_doc_000500,codex_src_000501,KINETIC_284_Industry 4.0 - Academic - How does performance vary between early and later adopters of Industry 4.0.pdf,KINETIC_284_Industry 4.0 - Academic - How does performance vary between early and later adopters of Industry 4.0.pdf,pdf,239937,2025-12-11T11:49:29,2362ef2d7782ad185772a025de2f32477f2dbebd332f8591eb0e2cf0c913c606,inventory_complete,source_document
codex_doc_000501,codex_src_000502,"KINETIC_285_Innovation - Academic - Digital technology innovation, supply chain resilience.pdf","KINETIC_285_Innovation - Academic - Digital technology innovation, supply chain resilience.pdf",pdf,1219013,2025-12-11T11:58:41,f937d189063335529e549c18477367a02025964f02eb8db697db70bd21c30282,inventory_complete,source_document
codex_doc_000502,codex_src_000503,KINETIC_286_Digital Business Models - Academic - Digital transformation of business models in SMEs Book.pdf,KINETIC_286_Digital Business Models - Academic - Digital transformation of business models in SMEs Book.pdf,pdf,8024247,2025-12-11T12:10:19,6103d42f184208bdccfb608976a216953680b2263dfdeaffa1808353986d70c4,inventory_complete,source_document
codex_doc_000503,codex_src_000504,KINETIC_287_Digital transformation - Academic - Traditional marketing business model in new industry era.pdf,KINETIC_287_Digital transformation - Academic - Traditional marketing business model in new industry era.pdf,pdf,253658,2025-12-11T12:12:47,0bd5b0de603037f94b62e8f0eef63a41ad49b65e1cc52f5517cbbcf889366c7b,inventory_complete,source_document
codex_doc_000504,codex_src_000505,KINETIC_288_Quantum - Academic - Use Cases.pdf,KINETIC_288_Quantum - Academic - Use Cases.pdf,pdf,413328,2025-12-11T12:30:03,4912eefc59563b186982a5d38a656ab2ebc09a53e36074f4d5642657b106c6c8,inventory_complete,source_document
codex_doc_000505,codex_src_000506,KINETIC_289_Quantum - Academic - Business Renaissance -  Opportunities and Challenges at the Dawn of the Quantum Computing Era.pdf,KINETIC_289_Quantum - Academic - Business Renaissance -  Opportunities and Challenges at the Dawn of the Quantum Computing Era.pdf,pdf,341550,2025-12-11T12:34:16,8132dc5771dd950335e920ad990f5715eebbfc203e49526eb7c901280734c682,inventory_complete,source_document
codex_doc_000506,codex_src_000507,KINETIC_300_Innovation - Academic - Industry 5.0 Manufacturing Industry Applications book.pdf,KINETIC_300_Innovation - Academic - Industry 5.0 Manufacturing Industry Applications book.pdf,pdf,5097755,2025-12-11T12:37:57,8a82dbcf30930414d22b691a4041e053550d7998172086b3c9a4345dfaa07aad,inventory_complete,source_document
codex_doc_000507,codex_src_000508,KINETIC_301_Quantum - Academic - Anticipating the Adoption of Quantum Computing Technology by Organizations Book.pdf,KINETIC_301_Quantum - Academic - Anticipating the Adoption of Quantum Computing Technology by Organizations Book.pdf,pdf,2617214,2025-12-11T12:42:15,caa2a164fbc1cf8f8a7741c0a3d2b57879515dfcb8c2b93159c5def22371f390,inventory_complete,source_document
codex_doc_000508,codex_src_000509,KINETIC_302_Quantum-Academic - Quantum-inspired framework for big data analytics - evaluating the impact of movie trailers and its financial returns.pdf,KINETIC_302_Quantum-Academic - Quantum-inspired framework for big data analytics - evaluating the impact of movie trailers and its financial returns.pdf,pdf,3411422,2025-12-11T13:47:28,c3f8c1d1993ce6decaea98ae0826c86b8bd13cb352809f1899e55851446e923c,inventory_complete,source_document
codex_doc_000509,codex_src_000510,KINETIC_303_Innovation_Academic - A Survey on Artificial Intelligence and Blockchain Clustering for Enhanced Security in 6G Wireless Networks.pdf,KINETIC_303_Innovation_Academic - A Survey on Artificial Intelligence and Blockchain Clustering for Enhanced Security in 6G Wireless Networks.pdf,pdf,1025627,2025-12-11T13:54:25,bbe9d6d9a8cab0450cfa37ea6b1583c46fb642aed8031486af863d7ee9cefa04,inventory_complete,source_document
codex_doc_000510,codex_src_000511,KINETIC_304_Innovation - Academic - Sixth_Generation_Enabling_Tech.pdf,KINETIC_304_Innovation - Academic - Sixth_Generation_Enabling_Tech.pdf,pdf,1713898,2025-12-11T13:57:03,249ead5ab4bcc0a74cc5da3f639b2afa42592ba06bb0aa186162dda856abac95,inventory_complete,source_document
codex_doc_000511,codex_src_000512,KINETIC_305_Blockchain - Academic - The Internet of Value - Unleashing the Blockchain’s Potential with Tokenization.pdf,KINETIC_305_Blockchain - Academic - The Internet of Value - Unleashing the Blockchain’s Potential with Tokenization.pdf,pdf,909611,2025-12-11T14:06:27,436d2417bfed40f3f17b389d615fcd8a06674e4d54e21624cf5069a537368a05,inventory_complete,source_document
codex_doc_000512,codex_src_000513,KINETIC_306_Blockchain_Academic Creating Value in Metaverse-Driven Global Value Chains - Blockchain Integration and the Evolution of International Business.pdf,KINETIC_306_Blockchain_Academic Creating Value in Metaverse-Driven Global Value Chains - Blockchain Integration and the Evolution of International Business.pdf,pdf,2028317,2025-12-11T14:10:15,fb9e570ccb45b7e53dc727460251cc5db72993ba65fec356088fb9953842ae89,inventory_complete,source_document
codex_doc_000513,codex_src_000514,KINETIC_307_Blockchain_Academic - Tokenized Markets Using Blockchain Technology - Exploring Recent Developments and Opportunities.pdf,KINETIC_307_Blockchain_Academic - Tokenized Markets Using Blockchain Technology - Exploring Recent Developments and Opportunities.pdf,pdf,571856,2025-12-11T14:13:04,2d4995e3635225afd6a2095730aaa86ee8931dddacea6391d8281befae9d4f41,inventory_complete,source_document
codex_doc_000514,codex_src_000515,KINETIC_308_Blockchain_Adacemic- Blockchain_Technology_Adoption.pdf,KINETIC_308_Blockchain_Adacemic- Blockchain_Technology_Adoption.pdf,pdf,1300103,2025-12-11T14:37:48,3fb02fef581c4ff6b8374e63a7391e4d64497d4a6b15c4c2309230858d38d11a,inventory_complete,source_document
codex_doc_000515,codex_src_000516,"KINETIC_309_AI - Academic - TECHNOLOGY, ORGANIZATIONAL, AND ENVIRONMENTAL FACTORS.pdf","KINETIC_309_AI - Academic - TECHNOLOGY, ORGANIZATIONAL, AND ENVIRONMENTAL FACTORS.pdf",pdf,1463915,2025-12-11T14:40:09,aa8d599367ad97fdbbec48fc1320d955fde4b64af987e948fd94bc5e7a41347a,inventory_complete,source_document
codex_doc_000516,codex_src_000517,KINETIC_310_Blockchain - Academic - When_is_blockchain_worth_it_.pdf,KINETIC_310_Blockchain - Academic - When_is_blockchain_worth_it_.pdf,pdf,964612,2025-12-11T18:19:59,0b8cd705637d0c2ff6afb6a6af0d3c13a10927fd929934f5bdf671fd3517d871,inventory_complete,source_document
codex_doc_000517,codex_src_000518,KINETIC_310_Blockchain_Academic - A Survey of Consortium Blockchain and Its Applications.pdf,KINETIC_310_Blockchain_Academic - A Survey of Consortium Blockchain and Its Applications.pdf,pdf,7289439,2025-12-11T18:10:05,6ca3a9369bc8beccde845bd538487b78434d81f5972829c6ec5ecde7237e873c,inventory_complete,source_document
codex_doc_000518,codex_src_000519,KINETIC_312_Adaptability-Academic- The nexus between dynamic capabilities and open innovation.pdf,KINETIC_312_Adaptability-Academic- The nexus between dynamic capabilities and open innovation.pdf,pdf,514639,2025-12-12T09:41:52,42b472d3ab0569e5bb5e84eef514c26fb7581e726f8b1437d5d2b1e90b2346fa,inventory_complete,source_document
codex_doc_000519,codex_src_000520,KINETIC_313_Innovation - Academic - Impact of organization structure on innovation.pdf,KINETIC_313_Innovation - Academic - Impact of organization structure on innovation.pdf,pdf,5044428,2025-12-12T10:07:28,b89f7f2790fc3e127b6080cd1592f9867156695146a99ce6762cdd0794d680a8,inventory_complete,source_document
codex_doc_000520,codex_src_000521,KINETIC_314_AI - Academic - Unlocking AI’s Radical Innovation Potential The Contingent.pdf,KINETIC_314_AI - Academic - Unlocking AI’s Radical Innovation Potential The Contingent.pdf,pdf,462509,2025-12-12T10:22:55,62eb8ce1b29a4c0ed823bc645e650224ce8993cb1ed31c3d3ed64b37829158fb,inventory_complete,source_document
codex_doc_000521,codex_src_000522,KINETIC_315_AI - Academic - Unveiling Organizational AI Adoption thru the lens of Diffusion of Adoption.pdf,KINETIC_315_AI - Academic - Unveiling Organizational AI Adoption thru the lens of Diffusion of Adoption.pdf,pdf,802394,2025-12-12T10:30:49,ab8475694ac20e595bdfac8cb6ab54a9190c0794973ba312495c1c820965381a,inventory_complete,source_document
codex_doc_000522,codex_src_000523,KINETIC_316_Agility_Academic_Effect of Customer Centricity on Business Agility via Product Management.pdf,KINETIC_316_Agility_Academic_Effect of Customer Centricity on Business Agility via Product Management.pdf,pdf,2585178,2025-12-12T10:45:12,9062f33a320653335bf38462eafc147613f7b1e41aa0b6647ffcfefa026da082,inventory_complete,source_document
codex_doc_000523,codex_src_000524,KINETIC_317_AI - Academic - AI Literacy for the top management - An upper echelons perspective.pdf,KINETIC_317_AI - Academic - AI Literacy for the top management - An upper echelons perspective.pdf,pdf,977055,2025-12-12T11:07:05,6b4b6173f197b92b7f8f899f0bee4f3f51d6a10f7bdc8da7f5d7f199ddcb169d,inventory_complete,source_document
codex_doc_000524,codex_src_000525,"KINETIC_318_AI - Academic - AI in business - adoption, acceptance and implementation.pdf","KINETIC_318_AI - Academic - AI in business - adoption, acceptance and implementation.pdf",pdf,2582261,2025-12-12T11:11:43,02456824226fe50cf0048b097b20f7e6c2445b01b2292eb935df427bfcc258fe,inventory_complete,source_document
codex_doc_000525,codex_src_000526,Kinetic_319_AI - Academic -Stanford - HAI_ai_index_report_2025 400 pages.pdf,Kinetic_319_AI - Academic -Stanford - HAI_ai_index_report_2025 400 pages.pdf,pdf,30264659,2025-12-13T07:32:25,eef7a13bf536a20dc29a95943c3202942fa00ed5d1030c06eabce9c31e9da07a,inventory_complete,source_document
codex_doc_000526,codex_src_000527,KINETIC_320_AI - Practioner - OPENAI The-state-of-enterprise-ai_2025-report.pdf,KINETIC_320_AI - Practioner - OPENAI The-state-of-enterprise-ai_2025-report.pdf,pdf,10179487,2025-12-13T07:34:53,932b5c967b77ac5a90bdeec9dfda9a84c686d7b8ef83de8ebdb20e0455bb4ff4,inventory_complete,source_document
codex_doc_000527,codex_src_000528,KINETIC_321_Adaptability - Practioner - Mckinsey-technology-trends-outlook-2025.pdf,KINETIC_321_Adaptability - Practioner - Mckinsey-technology-trends-outlook-2025.pdf,pdf,8824910,2025-12-13T07:38:44,9d33ab300a1ed5f445a6b6150f2f8fc4325506c510ff95b1f4d6338b5db34a57,inventory_complete,source_document
codex_doc_000528,codex_src_000529,KINETIC_322_Adaptiablility - Academic - A study of Digital Disruption.pdf,KINETIC_322_Adaptiablility - Academic - A study of Digital Disruption.pdf,pdf,447434,2025-12-13T07:44:48,48a7940c2feec16e6216cab3c3591f66203a878d81a053ce8b666a3e2c960acc,inventory_complete,source_document
codex_doc_000529,codex_src_000530,KINETIC_323_Adaptability-Practioner - Deloitte 2026 Tech Trends.pdf,KINETIC_323_Adaptability-Practioner - Deloitte 2026 Tech Trends.pdf,pdf,2391633,2025-12-17T14:27:42,238262956e6f8f5b1baf59b3056ab3ddf469fee3e76ce3304e0f7e05ce1e1802,inventory_complete,source_document
codex_doc_000530,codex_src_000531,KINETIC_324_Digital Transformation-Academic - DIGITAL TRANSFORMATION A COMPARATIVE ANALYSIS OF SME DIGITAL MATURITY MODELS..pdf,KINETIC_324_Digital Transformation-Academic - DIGITAL TRANSFORMATION A COMPARATIVE ANALYSIS OF SME DIGITAL MATURITY MODELS..pdf,pdf,575744,2025-12-18T08:01:43,839a6e14f5456c6110a2a7335a7b8f1a7f3a4904e6d461ab098f36f3901f6659,inventory_complete,source_document
codex_doc_000531,codex_src_000532,KINETIC_325_DIGITAL MATURITY - ACADEMIC-DIGITAL MATURITY MODEL ANALYSIS.pdf,KINETIC_325_DIGITAL MATURITY - ACADEMIC-DIGITAL MATURITY MODEL ANALYSIS.pdf,pdf,986432,2025-12-18T08:07:41,45f4f2c6567f71707462150e010cd0cb07d6299eea5a23d4fb346a6fb4e9fe86,inventory_complete,source_document
codex_doc_000532,codex_src_000533,KINETIC_326_DIGITAL MATURITY-ACADEMIC-DIGITAL MATURITY AND MIDSIZE BUSINESS.pdf,KINETIC_326_DIGITAL MATURITY-ACADEMIC-DIGITAL MATURITY AND MIDSIZE BUSINESS.pdf,pdf,811631,2025-12-18T08:10:30,e2c6baeb8e233263e3056ed36f502f42fad53f6f6559fb3e5eeffd221011cdbf,inventory_complete,source_document
codex_doc_000533,codex_src_000534,KINETIC_327_AGILE MARKETING - ACADEMIC-Leading digital transformation through an Agile Marketing.pdf,KINETIC_327_AGILE MARKETING - ACADEMIC-Leading digital transformation through an Agile Marketing.pdf,pdf,1017507,2025-12-18T08:18:39,353a0cf0f4a12b7491f81f0a2640f053c10e0a9170cda2b12919b968ddf76bdc,inventory_complete,source_document
codex_doc_000534,codex_src_000535,KINETIC_328_DIGITAL TRANSFORMATION-ACADEMIC-The impact of enterprise digital transformation on financial.pdf,KINETIC_328_DIGITAL TRANSFORMATION-ACADEMIC-The impact of enterprise digital transformation on financial.pdf,pdf,311094,2025-12-18T08:20:52,e18ad123662e9071004c7b3344f6574a0cc6c3725878b3f41adaf80c91789336,inventory_complete,source_document
codex_doc_000535,codex_src_000536,KINETIC_329_DIGITAL TRANSFORMATION - ACADEMIC - Advancing digital transformation in the mining industry.pdf,KINETIC_329_DIGITAL TRANSFORMATION - ACADEMIC - Advancing digital transformation in the mining industry.pdf,pdf,3062280,2025-12-18T08:24:17,07e424492688509adc0e7c019928e7ff1d2829643efaba859d35ef7ac5007e47,inventory_complete,source_document
codex_doc_000536,codex_src_000537,KINETIC_330_DIGITAL TRANSFORMATION - ACADEMIC - Digital Value Creation in German SMEs--A Return-on-Investment Analysis.pdf,KINETIC_330_DIGITAL TRANSFORMATION - ACADEMIC - Digital Value Creation in German SMEs--A Return-on-Investment Analysis.pdf,pdf,2671507,2025-12-18T08:26:37,4f82d8314a96af7c319b693068295477de00c0224efda9a8efcc81defeb06d5f,inventory_complete,source_document
codex_doc_000537,codex_src_000538,KINETIC_332_DIGITAL TRANSFORMATION-ACADEMIC-DIGITAL TRANSFORMATION OF SUPPLY CHAINS AND COMPANY'S PERFORMANCE.pdf,KINETIC_332_DIGITAL TRANSFORMATION-ACADEMIC-DIGITAL TRANSFORMATION OF SUPPLY CHAINS AND COMPANY'S PERFORMANCE.pdf,pdf,345512,2025-12-18T08:36:21,bc728b4d77468fe46697a90d889f8b4137b3418e40fc835adbdcf7c187f52804,inventory_complete,source_document
codex_doc_000538,codex_src_000540,KINETIC_334_DIGITAL TRANSFORMATION - ACADEMIC - Can digital transformation expand the boundaries of the earnings.pdf,KINETIC_334_DIGITAL TRANSFORMATION - ACADEMIC - Can digital transformation expand the boundaries of the earnings.pdf,pdf,13360083,2025-12-18T08:41:06,daa644f252cd1ea42d2aafe40aac12b0c52773cc553a2dc8d1c9960cebb5f6f5,inventory_complete,source_document
codex_doc_000539,codex_src_000541,KINETIC_335_VELOCITY-ACADEMIC-Fast or slow A meta-analysis on the performance.pdf,KINETIC_335_VELOCITY-ACADEMIC-Fast or slow A meta-analysis on the performance.pdf,pdf,425031,2025-12-18T08:51:32,30312568327803419090693a8686353648473b9d036b258cd49ff95b377dfeff,inventory_complete,source_document
codex_doc_000540,codex_src_000542,KINETIC_336_VELOCITY- ACADEMIC-The impact of knowledge transfer velocity.pdf,KINETIC_336_VELOCITY- ACADEMIC-The impact of knowledge transfer velocity.pdf,pdf,1775704,2025-12-18T09:00:43,84946dd22a163ea393e267b7414189ee2c1b16e84ec73855516215381992ef52,inventory_complete,source_document
codex_doc_000541,codex_src_000543,KINETIC_337_AI - ACADEMIC - Artificial intelligence marketing usage and firm performance.pdf,KINETIC_337_AI - ACADEMIC - Artificial intelligence marketing usage and firm performance.pdf,pdf,2954805,2025-12-18T09:02:55,cb579707146a86108203078eb27d46ec34639a3f199c65ac6201af54c6d67720,inventory_complete,source_document
codex_doc_000542,codex_src_000544,KINETIC_338_BLOCKCHAIN - ACADEMIC - Investigating the key challenges and success factors for blockchain.pdf,KINETIC_338_BLOCKCHAIN - ACADEMIC - Investigating the key challenges and success factors for blockchain.pdf,pdf,2339759,2025-12-18T09:09:36,4c41bceb8e1b40d78c3b0385d8bd10d2c239c4479da110f4b2abd3a63f9c3d61,inventory_complete,source_document
codex_doc_000543,codex_src_000545,KINETIC_339_AI - ACADEMIC - AI AND PRODUCTION RESILIANCE.pdf,KINETIC_339_AI - ACADEMIC - AI AND PRODUCTION RESILIANCE.pdf,pdf,3543631,2025-12-18T09:17:58,539903262553fbd88b853b0e784c5cf77c3d38388202d5d2a492ac9cc69e03fa,inventory_complete,source_document
codex_doc_000544,codex_src_000546,KINETIC_340_INNOVATION - ACADEMIC - Open innovation a growth and dynamic signals.pdf,KINETIC_340_INNOVATION - ACADEMIC - Open innovation a growth and dynamic signals.pdf,pdf,1286791,2025-12-18T09:25:13,4bbc8bb5dee6958061a74ae37839bd24e0e5fd5a30fb8e5fd7ae8b8d3db22118,inventory_complete,source_document
codex_doc_000545,codex_src_000548,KINETIC_342_AI - ACADEMIC - AI AND GEOGRAPHIC EXPOSURE.pdf,KINETIC_342_AI - ACADEMIC - AI AND GEOGRAPHIC EXPOSURE.pdf,pdf,1160146,2025-12-18T09:52:22,32e9f3d93e08aa8fc15fcebb968c6679b92d28effc004f5ef9c0f4d54371e44c,inventory_complete,source_document
codex_doc_000546,codex_src_000549,KINETIC_343_AI - ACADEMIC - AI AND NEW VENTURE PERFORMANCE.pdf,KINETIC_343_AI - ACADEMIC - AI AND NEW VENTURE PERFORMANCE.pdf,pdf,797445,2025-12-18T09:55:21,419b252d19f882efb472fb5802424bb1ad7a470a7c559cb8743b4a21b18843f4,inventory_complete,source_document
codex_doc_000547,codex_src_000550,KINETIC_344_AI - ACADEMIC - THE EFFECT OF AI INDUCED OUTCOME FAVORABILITY.pdf,KINETIC_344_AI - ACADEMIC - THE EFFECT OF AI INDUCED OUTCOME FAVORABILITY.pdf,pdf,985238,2025-12-18T09:57:55,2f3e97a179c6cac924db07fad6927b9f5de90a743da161897e7a49d624e9625d,inventory_complete,source_document
codex_doc_000548,codex_src_000551,KINETIC_345_DIGITAL TRANSFORMATION - ACADEMIC - DIGITAL TRANSFORMATION IN SMEs.pdf,KINETIC_345_DIGITAL TRANSFORMATION - ACADEMIC - DIGITAL TRANSFORMATION IN SMEs.pdf,pdf,974812,2025-12-18T10:07:42,cb58d5e9a4fa0999ca65390eb5dd1bcca8de3f0ab7d0f7391bef2572980639d0,inventory_complete,source_document
codex_doc_000549,codex_src_000552,"KINETIC_346_ADAPTABILITY - ACADEMIC - Building Organizational Resilience by developing Customers Orientation, Digital Adoption and Organizational Agility.pdf","KINETIC_346_ADAPTABILITY - ACADEMIC - Building Organizational Resilience by developing Customers Orientation, Digital Adoption and Organizational Agility.pdf",pdf,329890,2025-12-18T10:12:40,0a32b7661615d8035d1007a6937959e2e93ecd5d66955aa1e81efdbb980ec37f,inventory_complete,source_document
codex_doc_000550,codex_src_000553,KINETIC_347_ADAPTABILTY - ACADEMIC - PERFORMANCE IMPLICATIONS OF DIGITAL DISRUPTION.pdf,KINETIC_347_ADAPTABILTY - ACADEMIC - PERFORMANCE IMPLICATIONS OF DIGITAL DISRUPTION.pdf,pdf,773111,2025-12-18T10:30:22,274d88034f4cb259d552167f59e03cb12c471697aaa46780a451724b3141edb0,inventory_complete,source_document
codex_doc_000551,codex_src_000554,KINETIC_348_DISRUPTION - ACADEMIC - A CONFIGURATIONAL THEORY ON DIGITAL DISRUPTION.pdf,KINETIC_348_DISRUPTION - ACADEMIC - A CONFIGURATIONAL THEORY ON DIGITAL DISRUPTION.pdf,pdf,4042656,2025-12-18T10:35:23,711405dec5222ea2c2698f2d625fd61da1340fed4f433555217e0358792f7cea,inventory_complete,source_document
codex_doc_000552,codex_src_000555,KINETIC_349_ADAPTABILITY-ACADEMIC-Digital evolution in hospitality.pdf,KINETIC_349_ADAPTABILITY-ACADEMIC-Digital evolution in hospitality.pdf,pdf,2329520,2025-12-18T11:01:36,d4073c141c8e0b1b56088e5caf28e8a4e142e31adeaa295ee5ef0c0daf931d4c,inventory_complete,source_document
codex_doc_000553,codex_src_000703,2026 Trend Articles.docx,Kinetic_Economy_book_Research_OS\source_messy\Drafts\2026 Trend Articles.docx,docx,1058791,2026-01-23T11:25:02,93ce4520bb4f611d887900af1a7cddd3cd9007b00fb6343cc04dc95f127c13d0,inventory_complete,source_document
codex_doc_000554,codex_src_000704,Composable - Building-composable-enterprise-ebook.pdf,Kinetic_Economy_book_Research_OS\source_messy\Drafts\Composable - Building-composable-enterprise-ebook.pdf,pdf,298437,2026-01-16T14:02:37,7c8fb3d32212c033c62cdf726851800e9df563c6a80bb636fe1def3f511732e8,inventory_complete,source_document
codex_doc_000555,codex_src_000705,EDITORIAL MEMO.docx,Kinetic_Economy_book_Research_OS\source_messy\Drafts\EDITORIAL MEMO.docx,docx,127389,2026-02-23T16:19:10,b697a1af143ff5a683c25a82b20dcfe9802c70003b895766f0fe645c84e51d4d,inventory_complete,source_document
codex_doc_000556,codex_src_000706,Government as a Service - 4 part series.docx,Kinetic_Economy_book_Research_OS\source_messy\Drafts\Government as a Service - 4 part series.docx,docx,193017,2026-05-23T12:16:27,aac2d86db45e855b836a7121689a691916a710ef6d624725357393ca7d1f79d4,inventory_complete,source_document
codex_doc_000557,codex_src_000707,Kinetetic - Part_I_Kinetic_Economy_Thesis.docx,Kinetic_Economy_book_Research_OS\source_messy\Drafts\Kinetetic - Part_I_Kinetic_Economy_Thesis.docx,docx,29188,2025-11-22T13:39:05,7524b7e7d04163ee034b5686b4922cc78c6dec588178ba362ae67d097405dd1a,inventory_complete,source_document
codex_doc_000558,codex_src_000708,Kinetic - Blockchain use case support - Copy.docx,Kinetic_Economy_book_Research_OS\source_messy\Drafts\Kinetic - Blockchain use case support - Copy.docx,docx,35266,2025-11-22T15:01:56,c259d74e6a1072569a911b65d38e872f8e4a2e72038e699f7e4ef6c1e86350b1,inventory_complete,source_document
codex_doc_000559,codex_src_000709,Kinetic - Blockchain use case support.docx,Kinetic_Economy_book_Research_OS\source_messy\Drafts\Kinetic - Blockchain use case support.docx,docx,36089,2025-12-30T12:58:33,c10e75a78546934374d994284015668784af1d882060f2095b7a0b5f0fcbd065,inventory_complete,source_document
codex_doc_000560,codex_src_000710,Kinetic - ebook.docx,Kinetic_Economy_book_Research_OS\source_messy\Drafts\Kinetic - ebook.docx,docx,97247,2026-01-14T10:51:34,04ff6f8c00f3310d80f0d4c41017e3a0eaff5050c4467a493d195fa575d605fd,inventory_complete,source_document
codex_doc_000561,codex_src_000711,Kinetic - Quantum Integration - Strategy Framework eval - Funding.docx,Kinetic_Economy_book_Research_OS\source_messy\Drafts\Kinetic - Quantum Integration - Strategy Framework eval - Funding.docx,docx,149875,2026-04-10T07:29:45,203eb602601fe857c7d351cd5142b1c1a0e333f7bc2850d2ee1de09e857b3ad2,inventory_complete,source_document
codex_doc_000562,codex_src_000712,Kinetic .4.docx,Kinetic_Economy_book_Research_OS\source_messy\Drafts\Kinetic .4.docx,docx,213242,2025-12-02T09:31:25,a762d36b4d91c874b7ec0270ec3e9365f66ba22f18619deee2b9bac560bcfc2c,inventory_complete,source_document
codex_doc_000563,codex_src_000713,Kinetic Economy - Draft Proposal - Copy.docx,Kinetic_Economy_book_Research_OS\source_messy\Drafts\Kinetic Economy - Draft Proposal - Copy.docx,docx,367286,2025-10-20T15:40:43,42ea7bfa5f50bde1ede5f67eed324efb174219106d614371562e4bd7cee0b6d0,inventory_complete,source_document
codex_doc_000564,codex_src_000714,Kinetic Economy - Draft Proposal.docx,Kinetic_Economy_book_Research_OS\source_messy\Drafts\Kinetic Economy - Draft Proposal.docx,docx,367286,2025-10-20T15:40:43,42ea7bfa5f50bde1ede5f67eed324efb174219106d614371562e4bd7cee0b6d0,inventory_complete,source_document
codex_doc_000565,codex_src_000715,Kinetic Economy - The Year of Composability.docx,Kinetic_Economy_book_Research_OS\source_messy\Drafts\Kinetic Economy - The Year of Composability.docx,docx,61309,2026-01-23T16:37:05,a91ad8d42406765189c1828f7270b5a694f90c5be241f9d808352a960ad686ec,inventory_complete,source_document
codex_doc_000566,codex_src_000716,Kinetic Economy.docx,Kinetic_Economy_book_Research_OS\source_messy\Drafts\Kinetic Economy.docx,docx,786228,2025-10-06T11:39:03,7e2557a420f7470c0d21ad198c2e55e689536ecfc86fe40f1e5e37718cda982b,inventory_complete,source_document
codex_doc_000567,codex_src_000717,Kinetic Organization - Draft.docx,Kinetic_Economy_book_Research_OS\source_messy\Drafts\Kinetic Organization - Draft.docx,docx,107199,2025-12-30T14:35:15,4f260f668a43df29baab4be97e9e9dda6e807db825552a537ddce16b1ae84a46,inventory_complete,source_document
codex_doc_000568,codex_src_000718,Kinetic Organization .1.docx,Kinetic_Economy_book_Research_OS\source_messy\Drafts\Kinetic Organization .1.docx,docx,201509,2026-01-12T12:36:16,872cdf4cd3547492dd2a72a380fea02d1f1f2dd8e6e1491bbad1db81edee9d22,inventory_complete,source_document
codex_doc_000569,codex_src_000719,Kinetic_Economy_Research_Paper - Long Form - Copy (3).docx,Kinetic_Economy_book_Research_OS\source_messy\Drafts\Kinetic_Economy_Research_Paper - Long Form - Copy (3).docx,docx,35928,2025-11-19T09:48:44,b106034a3e9fe06a79f2d10f047ad35a819f6e25d75ad2a1210c5bc77af27acb,inventory_complete,source_document
codex_doc_000570,codex_src_000720,Kinetic_Economy_Research_Paper - Long Form - Copy.docx,Kinetic_Economy_book_Research_OS\source_messy\Drafts\Kinetic_Economy_Research_Paper - Long Form - Copy.docx,docx,35928,2025-11-19T09:48:44,b106034a3e9fe06a79f2d10f047ad35a819f6e25d75ad2a1210c5bc77af27acb,inventory_complete,source_document
codex_doc_000571,codex_src_000721,Kinetic_Economy_Research_Paper - Long Form.docx,Kinetic_Economy_book_Research_OS\source_messy\Drafts\Kinetic_Economy_Research_Paper - Long Form.docx,docx,35928,2025-11-19T09:48:44,b106034a3e9fe06a79f2d10f047ad35a819f6e25d75ad2a1210c5bc77af27acb,inventory_complete,source_document
codex_doc_000572,codex_src_000722,Overclocked - Kinetic Matrix.docx,Kinetic_Economy_book_Research_OS\source_messy\Drafts\Overclocked - Kinetic Matrix.docx,docx,77834,2025-08-31T06:45:45,4c9e41e03cac7fe2921428c2720a338ce3d4ba495e13c90f74eb3e52351267a0,inventory_complete,source_document
codex_doc_000573,codex_src_000723,Overclocked - Recurring Themes for Diagnostic.docx,Kinetic_Economy_book_Research_OS\source_messy\Drafts\Overclocked - Recurring Themes for Diagnostic.docx,docx,20976,2025-08-27T11:54:15,38c6a1faa5ede812c199b64f72abeb0fd0336db12eea541eab6d6f4cf6a9f865,inventory_complete,source_document
codex_doc_000574,codex_src_000737,kinetic_country_policy_assessment.xlsx,Kinetic_Economy_book_Research_OS\source_messy\Excel_Outputs\kinetic_country_policy_assessment.xlsx,xlsx,7699,2026-02-06T13:13:34,ce6b82f1fde65e2d31ff6a77accb690c411fd00378823bb717dcd554568f81fc,inventory_complete,source_document
codex_doc_000575,codex_src_001011,Kinetic_Economy_Research_Paper - Long Form.docx,Kinetic_Economy_Research_Paper - Long Form.docx,docx,35928,2025-11-19T09:48:44,b106034a3e9fe06a79f2d10f047ad35a819f6e25d75ad2a1210c5bc77af27acb,inventory_complete,source_document
codex_doc_000576,codex_src_001012,KPMG - global-ai-pulse.pdf.coredownload.inline.pdf,KPMG - global-ai-pulse.pdf.coredownload.inline.pdf,pdf,1156911,2026-06-11T14:10:08,8586b19170b9b48f8e56c9724a130e32ea4311a4df879ec75b3e928b8c8d4f7b,inventory_complete,source_document
codex_doc_000577,codex_src_001013,Leadership The Adaptive Framework.April 8 2020.pdf,Leadership The Adaptive Framework.April 8 2020.pdf,pdf,357700,2026-06-22T11:21:42,232b15601e27050cfe0a52a30ce449b18e4853472ad61785d259ff2c599cd5a3,inventory_complete,source_document
codex_doc_000578,codex_src_001014,"Less trust, more truth -  Implications and design choices for business models.pdf","Less trust, more truth -  Implications and design choices for business models.pdf",pdf,5435313,2026-06-15T08:00:46,caf1382f792ef999f355ea4b8e2df55ebe3c73c6650085a4cc5a7195011918d0,inventory_complete,source_document
codex_doc_000579,codex_src_001015,Locked into collaboration models that hold back synergy.pdf,Locked into collaboration models that hold back synergy.pdf,pdf,1533077,2026-06-15T09:43:21,ed319bf66fa9360ce394a4365290fe28cc06c6c0c6a5e7e4c708db49c8f78f86,inventory_complete,source_document
codex_doc_000580,codex_src_001016,Made-in-China-Backgrounder.pdf,Made-in-China-Backgrounder.pdf,pdf,909654,2026-01-04T13:28:08,829b5329e183b84eb8f61ab5a6e8aa82c2c20eaa04a89d1c3c2323c7ea6c3f56,inventory_complete,source_document
codex_doc_000581,codex_src_001017,Mapping the relationship between Dynamic Capabilities and Digital Transformation.pdf,Mapping the relationship between Dynamic Capabilities and Digital Transformation.pdf,pdf,6344164,2026-06-22T11:34:01,7ba9f4a0799b56174c05501182791974157d7db9991b609cd9a54d27b07cbf3c,inventory_complete,source_document
codex_doc_000582,codex_src_001018,Marketing Maturity - a-new-model-for-maximizing-value-for-martech.pdf,Marketing Maturity - a-new-model-for-maximizing-value-for-martech.pdf,pdf,2395722,2026-01-06T11:25:39,962b8441d80e735e62c220b4732f2a0fab5e9b8e30312daa2fbe0d5c31d7c98b,inventory_complete,source_document
codex_doc_000583,codex_src_001019,Marketing Maturity - Academic - 2017.pdf,Marketing Maturity - Academic - 2017.pdf,pdf,310098,2026-01-06T11:04:54,47fee5b9ef2d8820fcdd6b353b86453bd1fe76343b29fe75ce610463eefa7126,inventory_complete,source_document
codex_doc_000584,codex_src_001020,Marketing Maturity - Academic - 5 Stages.pdf,Marketing Maturity - Academic - 5 Stages.pdf,pdf,1436693,2026-01-06T11:00:55,92232dc69ecb67b7cdb4ce7421a06be81e57b8330c125c97f869c9cc5b3ca8d7,inventory_complete,source_document
codex_doc_000585,codex_src_001021,Marketing Maturity - Academic - Agile 2.pdf,Marketing Maturity - Academic - Agile 2.pdf,pdf,802640,2026-01-06T11:20:34,fa1809d6e4caa1248db9fcccd7bcfdc1b5e0aea6ef9f3d1761009a8a2b5543f7,inventory_complete,source_document
codex_doc_000586,codex_src_001022,Marketing Maturity - Academic - Agile.pdf,Marketing Maturity - Academic - Agile.pdf,pdf,543241,2026-01-06T11:15:33,10f1a7cc80bcf7fec51caadb58c324c79dafe9bf2be2c33381abcd23eccef61a,inventory_complete,source_document
codex_doc_000587,codex_src_001023,Marketing Maturity - Academic - B2B-Sales Developing a digital maturity model for the sales processes of industrial projects.pdf,Marketing Maturity - Academic - B2B-Sales Developing a digital maturity model for the sales processes of industrial projects.pdf,pdf,3434012,2026-01-06T11:07:00,804cde1aaf3f412a943fa91b2edc3ca3604798bc50b4df0b327d7e510ec0f95c,inventory_complete,source_document
codex_doc_000588,codex_src_001024,Marketing Maturity - Agile - Fardapaper-An-agile-marketing-capability-maturity-framework.pdf,Marketing Maturity - Agile - Fardapaper-An-agile-marketing-capability-maturity-framework.pdf,pdf,1337314,2026-01-06T11:14:56,1ebb181128a4ae7e01c526189025d8534ef04bbc5cc57c105161a8fe7b08bce3,inventory_complete,source_document
codex_doc_000589,codex_src_001025,Marketing Maturity - Agile Marketing and Digital Transformation.pdf,Marketing Maturity - Agile Marketing and Digital Transformation.pdf,pdf,1042238,2026-01-06T11:21:48,0454f2199b3f06a2b0ab38de475711375a3ab8eb79443e34b144fc4d9219f34c,inventory_complete,source_document
codex_doc_000590,codex_src_001026,Marketing Maturity - agile-marketing-depth-assessment1-1.pdf,Marketing Maturity - agile-marketing-depth-assessment1-1.pdf,pdf,877664,2026-01-06T11:23:04,969126c2c0e9bcc39125a56fdf39d54acb94c187ce865a0564174023d1b56a8b,inventory_complete,source_document
codex_doc_000591,codex_src_001027,Marketing Maturity - Agile.pdf,Marketing Maturity - Agile.pdf,pdf,1329998,2026-01-06T11:19:01,8ab56bca4fd59fa448919c210c1be819cd422650c976bc4a024f86cb12e575a1,inventory_complete,source_document
codex_doc_000592,codex_src_001028,Marketing Maturity - Altimeter-The-5-Stages-of-Digital-Content-Maturity.pdf,Marketing Maturity - Altimeter-The-5-Stages-of-Digital-Content-Maturity.pdf,pdf,842164,2026-01-06T10:54:03,2236ef9fa361f397da6b0af2629908441682489a4fda3df38a526528a3899525,inventory_complete,source_document
codex_doc_000593,codex_src_001029,Marketing Maturity - Bain - Modern Marketing.pdf,Marketing Maturity - Bain - Modern Marketing.pdf,pdf,3294261,2026-01-06T14:50:54,1ec8d99b7f167d8a874a429b61c1f425da568cce2a4fb58114db1cf10ffa81d3,inventory_complete,source_document
codex_doc_000594,codex_src_001030,Marketing Maturity - BCG - Banking - Creating-a-Competitive-Advantage-Through-Marketing-Maturity-in-Banking.pdf,Marketing Maturity - BCG - Banking - Creating-a-Competitive-Advantage-Through-Marketing-Maturity-in-Banking.pdf,pdf,13918153,2026-01-06T11:11:05,cee52bf67e0d7cd69912d776e87521a88552523ce3e332fd2e591a3ec313505d,inventory_complete,source_document
codex_doc_000595,codex_src_001031,Marketing Maturity - BCG - bcg-accelerating-ai-driven-marketing-maturity.pdf,Marketing Maturity - BCG - bcg-accelerating-ai-driven-marketing-maturity.pdf,pdf,6570468,2026-01-06T11:01:30,708120ab9b088319be6b6b1c4f18ed5870b4f8e5fb21536229ccaffcbc6a0cc9,inventory_complete,source_document
codex_doc_000596,codex_src_001032,Marketing Maturity - bcg-dividends-digital-marketing-maturity-feb-2019.pdf,Marketing Maturity - bcg-dividends-digital-marketing-maturity-feb-2019.pdf,pdf,1774958,2026-01-06T10:59:56,c24f84f6e0d7cdf3b41ca7b9914d896e7cdd0ec4b7d13518ea0f456c33ad3d63,inventory_complete,source_document
codex_doc_000597,codex_src_001033,Marketing Maturity - BCG-Mastering-Digital-Marketing-Maturity-Feb-2018.pdf,Marketing Maturity - BCG-Mastering-Digital-Marketing-Maturity-Feb-2018.pdf,pdf,699026,2026-01-06T10:52:52,19054bf79db553bc336acbff06cb1a3081741e7895ca17f3ab211b42364e119e,inventory_complete,source_document
codex_doc_000598,codex_src_001034,Marketing Maturity - bcg-the-fast-track-to-digital-marketing-maturity-aug-2021-r.pdf,Marketing Maturity - bcg-the-fast-track-to-digital-marketing-maturity-aug-2021-r.pdf,pdf,2179000,2026-01-06T10:54:27,6beb8243ff9efa599767f3291e0a721ca1a437094f442d12e79cdfc7ff2d6441,inventory_complete,source_document
codex_doc_000599,codex_src_001035,Marketing Maturity - Customer-Experience-Maturity-for-Financial-Institutions.pdf,Marketing Maturity - Customer-Experience-Maturity-for-Financial-Institutions.pdf,pdf,1900734,2026-01-06T11:30:12,6635f7236ecc49eabcc497f5783fe3913b8040c5af1e343095215bb5a529abf3,inventory_complete,source_document
codex_doc_000600,codex_src_001036,Marketing Maturity - CX 3.pdf,Marketing Maturity - CX 3.pdf,pdf,855043,2026-01-06T11:27:59,f03ec93bda0d669ae126f637bef3fe7be955a2fe41b78f928527984ec359246a,inventory_complete,source_document
codex_doc_000601,codex_src_001037,Marketing Maturity - CX 4.pdf,Marketing Maturity - CX 4.pdf,pdf,590727,2026-01-06T11:28:44,9c5ab1a242b1fad9e519858235085300c33ed00aa9dc45157d61047cf387fd7a,inventory_complete,source_document
codex_doc_000602,codex_src_001038,Marketing Maturity - CX.pdf,Marketing Maturity - CX.pdf,pdf,263756,2026-01-06T11:26:28,3c5ea5ac1c1b367a92ef1b91671176cdce0628bd93d20f3708c5d54f6778b626,inventory_complete,source_document
codex_doc_000603,codex_src_001039,Marketing Maturity - DCG-IP-Customer-Engagement-Maturity-May-2013.pdf,Marketing Maturity - DCG-IP-Customer-Engagement-Maturity-May-2013.pdf,pdf,398689,2026-01-06T11:31:22,6e5f56b9126a8aab3f59d6b663028eed80f0b10feae0ee63bc6d040ba6bdbf80,inventory_complete,source_document
codex_doc_000604,codex_src_001040,Marketing Maturity - Design maturity models used in design organization.pdf,Marketing Maturity - Design maturity models used in design organization.pdf,pdf,1539934,2026-01-06T12:02:02,828395c53ce087d0a1481e88ef6f805c19a5378ee36822e2106b1dfcd6c35885,inventory_complete,source_document
codex_doc_000605,codex_src_001041,Marketing Maturity - Google - MIT.pdf,Marketing Maturity - Google - MIT.pdf,pdf,150122,2026-01-06T11:03:33,37a226bbf24e4ce9c4d356f4cc493e1891b8c9dee9535030939e69fe671f47ce,inventory_complete,source_document
codex_doc_000606,codex_src_001042,Marketing Maturity - IAB - DataMaturityModel-042016.pdf,Marketing Maturity - IAB - DataMaturityModel-042016.pdf,pdf,299882,2026-01-06T10:55:27,040b585e46d1a4d35955d27527124bcde06fd6814ed78e014492a7f70e2c1da9,inventory_complete,source_document
codex_doc_000607,codex_src_001043,Marketing Maturity - IBM - B2B.pdf,Marketing Maturity - IBM - B2B.pdf,pdf,851418,2026-01-06T11:08:22,c9ad9b475e48955836ac19b95928d96d4f0bf8e0342f4077c7e084c62eac36e6,inventory_complete,source_document
codex_doc_000608,codex_src_001044,Marketing Maturity - marketing-analytics-maturity-model.pdf,Marketing Maturity - marketing-analytics-maturity-model.pdf,pdf,3534892,2026-01-06T12:02:55,01f8c051bda49f31866a10afacc3d46b5d9100901bcb1db078b2e1e2f17130e7,inventory_complete,source_document
codex_doc_000609,codex_src_001045,Marketing Maturity - MARTECH - mma_martech_playbook_0.pdf,Marketing Maturity - MARTECH - mma_martech_playbook_0.pdf,pdf,8148342,2026-01-06T11:17:25,90869baabb83082611b0c2589659bc9e2c1b3eb66b71c156c00dbc844bcd928f,inventory_complete,source_document
codex_doc_000610,codex_src_001046,Marketing Maturity - McKinesy - modern-marketing-what-it-is-what-it-isnt.pdf,Marketing Maturity - McKinesy - modern-marketing-what-it-is-what-it-isnt.pdf,pdf,403250,2026-01-06T14:38:37,1d2f3e10138dee1b133ed68217421e3b36d4291a93d9b297a13d6f3dd60399cb,inventory_complete,source_document
codex_doc_000611,codex_src_001047,Marketing Maturity - McKinsey - agents-for-growth-turning-ai-promise-into-impact.pdf,Marketing Maturity - McKinsey - agents-for-growth-turning-ai-promise-into-impact.pdf,pdf,301195,2026-01-06T15:40:55,3d34bb57ccad05c70b1836cb1aba326bb71171a6c548def58395152e1db027f3,inventory_complete,source_document
codex_doc_000612,codex_src_001048,Marketing Maturity - Modern-Marketing-Model.pdf,Marketing Maturity - Modern-Marketing-Model.pdf,pdf,4811859,2026-01-06T14:42:59,71b5dd83b9b31f6f79979270f16e69573d17eed2e6a71c819b3c94cb2c62ade6,inventory_complete,source_document
codex_doc_000613,codex_src_001049,Marketing Maturity - Omni channel 3.pdf,Marketing Maturity - Omni channel 3.pdf,pdf,343442,2026-01-06T11:57:31,2acdf58844f5ebe9a36afb08c3bc3190463870cb625b39a2dec46b88536e6a40,inventory_complete,source_document
codex_doc_000614,codex_src_001050,Marketing Maturity - Omni Channel.pdf,Marketing Maturity - Omni Channel.pdf,pdf,423473,2026-01-06T11:56:22,094f62f6b642970f530da64ce9be658f97307b2a274eb9eaf3602ac62a7e86fe,inventory_complete,source_document
codex_doc_000615,codex_src_001051,Marketing Maturity - Omni-channel 2.pdf,Marketing Maturity - Omni-channel 2.pdf,pdf,343357,2026-01-06T11:57:00,3289e5830a1142ff928d05267b8cb891421e5ff5d2dd576349036abc3866794b,inventory_complete,source_document
codex_doc_000616,codex_src_001052,Marketing Maturity - The Modern-Marketing-Model.pdf,Marketing Maturity - The Modern-Marketing-Model.pdf,pdf,4811859,2026-01-06T14:36:30,71b5dd83b9b31f6f79979270f16e69573d17eed2e6a71c819b3c94cb2c62ade6,inventory_complete,source_document
codex_doc_000617,codex_src_001053,Marketplaces - Statistica.pdf,Marketplaces - Statistica.pdf,pdf,1402575,2022-05-03T12:02:03,8cb8c1b88105a381e941ebaff21e43f0018ff0714199ccc0c1a91cbaf17d201b,inventory_complete,source_document
codex_doc_000618,codex_src_001054,mayo-et-al-2024-coordination-in-dynamic-teams-investigating-a-learning-productivity-trade-off.pdf,mayo-et-al-2024-coordination-in-dynamic-teams-investigating-a-learning-productivity-trade-off.pdf,pdf,3761804,2026-06-12T07:36:37,f197bc527d1857f3b1fd42bf62f5b2494aeaabdef6d79fb2b62b0c44954fa157,inventory_complete,source_document
codex_doc_000619,codex_src_001055,McKinesey and AI - which-tech-trends-are-rising-to-the-top-of-the-business-agenda_vf.pdf,McKinesey and AI - which-tech-trends-are-rising-to-the-top-of-the-business-agenda_vf.pdf,pdf,567519,2025-09-25T11:43:02,40a3db931331205ef2b8aae417738c08d1926b19a806ed38381c63d7e85df707,inventory_complete,source_document
codex_doc_000620,codex_src_001056,McKinsey - ai-is-everywhere-the-agentic-organization-isnt-yet_final.pdf,McKinsey - ai-is-everywhere-the-agentic-organization-isnt-yet_final.pdf,pdf,188001,2026-06-12T08:34:20,f5b4683426c49ced39bd2d74e4e1f26f6494441fa8937838ea2124339e7326db,inventory_complete,source_document
codex_doc_000621,codex_src_001057,McKinsey - An-operating-model-for-the-next-normal-Lessons-from-agile-organizations-in-the-crisis.pdf,McKinsey - An-operating-model-for-the-next-normal-Lessons-from-agile-organizations-in-the-crisis.pdf,pdf,762976,2026-06-11T15:57:39,f300c674125144ca9f80d3b0b05557114c2864c268e61e273a8efa308452d4a9,inventory_complete,source_document
codex_doc_000622,codex_src_001058,McKinsey - for-industrials-the-next-decade-belongs-to-builders.pdf,McKinsey - for-industrials-the-next-decade-belongs-to-builders.pdf,pdf,519880,2026-06-12T08:28:16,ff9e87600bf6942c227172707330bc91af7af7f73659680ed6d2e4274ec373a6,inventory_complete,source_document
codex_doc_000623,codex_src_001059,McKinsey - how-to-build-businesses-faster-and-better-with-ai_final.pdf,McKinsey - how-to-build-businesses-faster-and-better-with-ai_final.pdf,pdf,642910,2026-06-12T08:29:04,6704417964102c87af006a0cd37769756d739768a4e460bf4741f9b3255f997d,inventory_complete,source_document
codex_doc_000624,codex_src_001060,McKinsey - leveraging-industrial-iot-and-advanced-technologies-for-digital-transformation.pdf,McKinsey - leveraging-industrial-iot-and-advanced-technologies-for-digital-transformation.pdf,pdf,1707925,2026-01-16T14:14:43,302caa5461c4f2ea7170203077a22c59d2ca54e1b5c6fb1ea18cb1726d0ac1f0,inventory_complete,source_document
codex_doc_000625,codex_src_001061,McKinsey - the-agentic-organization-contours-of-the-next-paradigm-for-the-ai-era.pdf,McKinsey - the-agentic-organization-contours-of-the-next-paradigm-for-the-ai-era.pdf,pdf,1412996,2026-06-12T08:32:46,32c265ccb3ba187e5ad38f81d408f4ef33572c5d793e682be519881c51f9eaa5,inventory_complete,source_document
codex_doc_000626,codex_src_001062,McKinsey - the-seven-operating-truths-of-ai-native-companies.pdf,McKinsey - the-seven-operating-truths-of-ai-native-companies.pdf,pdf,350176,2026-06-12T08:26:38,8249b2802542148f7f8961ee4c4a7d70d9b318709982c1ff90784fd63654af66,inventory_complete,source_document
codex_doc_000627,codex_src_001063,McKinsey - the-state-of-organizations-2023.pdf,McKinsey - the-state-of-organizations-2023.pdf,pdf,20088942,2026-06-15T10:30:01,e271c28bab19df12e0706e6ca71eaf4fab37cfbd08a37bc79b31196bbcd71d43,inventory_complete,source_document
codex_doc_000628,codex_src_001064,McKinsey - the-way-to-win-in-corporate-venturing-serial-building-and-ai.pdf,McKinsey - the-way-to-win-in-corporate-venturing-serial-building-and-ai.pdf,pdf,788886,2026-06-12T08:30:01,1d30e8928e48346f00faff6bcb05952df2bc8b26db30f802bee29fac442101f7,inventory_complete,source_document
codex_doc_000629,codex_src_001065,McKinsey - untangling-your-organizations-decision-making.pdf,McKinsey - untangling-your-organizations-decision-making.pdf,pdf,1561728,2026-06-15T10:54:41,77f88d0d934bceaffdef1afb5d0092cc094ca90be5ae33deb645bfa17d172a9f,inventory_complete,source_document
codex_doc_000630,codex_src_001066,McKinsey’s Three Horizons Model Defined Innovation for Years. Here’s Why It No Longer Applies_.pdf,McKinsey’s Three Horizons Model Defined Innovation for Years. Here’s Why It No Longer Applies_.pdf,pdf,1461261,2023-12-27T18:42:01,58280742692bda1ff149bfe1c29b46e86fc87fb9804a3e70c6c91b0d55595626,inventory_complete,source_document
codex_doc_000631,codex_src_001067,merits-05-00002-with-cover.pdf,merits-05-00002-with-cover.pdf,pdf,1703178,2026-06-22T12:01:14,700252e7c1afab637c1e1688b96b0104d4704c791984acace51ee0501d335327,inventory_complete,source_document
codex_doc_000632,codex_src_001068,Mexico - Digitalization.pdf,Mexico - Digitalization.pdf,pdf,2718502,2026-01-04T14:56:19,125af6e81a17c1572b098733be1f7ebf972f2d092214b1650aeda5fdf8d9dffb,inventory_complete,source_document
codex_doc_000633,codex_src_001069,Mexico - Mexico City Smart City.pdf,Mexico - Mexico City Smart City.pdf,pdf,225135,2026-01-04T15:00:23,7027173771f0f0f286e3516d97b404d662c9f9d3a717f3d713ed33d6224c58fa,inventory_complete,source_document
codex_doc_000634,codex_src_001070,Mexico - Tax_Digitalization_in_Mexico_Success_Factors_and_Pathways_Forward.pdf,Mexico - Tax_Digitalization_in_Mexico_Success_Factors_and_Pathways_Forward.pdf,pdf,1545769,2026-01-04T15:01:35,0208e8f9065a8a25e0fd1f3df321e0b13af7ca24907dcda7eea03b4998248826,inventory_complete,source_document
codex_doc_000635,codex_src_001071,Mexico - unlocking-the-benefits-of-digital-payments-insights-from-mexico.pdf,Mexico - unlocking-the-benefits-of-digital-payments-insights-from-mexico.pdf,pdf,1116972,2026-01-04T15:02:24,69b452df7056e463a87b00c6afa72f132ad7053e8214d0b1affb6dbb1c4979ea,inventory_complete,source_document
codex_doc_000636,codex_src_001072,Microsoft - AI-Diffusion-Report-2026-Q1.pdf,Microsoft - AI-Diffusion-Report-2026-Q1.pdf,pdf,1784281,2026-06-11T14:09:48,3bf9f87b633724128c8389dc0701c0f4e03c943730e4bec5b04878368b655782,inventory_complete,source_document
codex_doc_000637,codex_src_001073,Microwave-Driven_Plasma_Gasification_for_Biomass_Waste_Treatment_at_Miniature_Scale.pdf,Microwave-Driven_Plasma_Gasification_for_Biomass_Waste_Treatment_at_Miniature_Scale.pdf,pdf,1694160,2026-01-20T09:18:36,78f283a147d9c62293b1e779a1051bfb3eb6319148d292dbea8b15f3bc72846a,inventory_complete,source_document
codex_doc_000638,codex_src_001074,Middle East and Digital.pdf,Middle East and Digital.pdf,pdf,1225243,2026-01-04T12:52:29,1072b837cb81368a072862633901e9b3ea57128d33f0818e3b294dc463daabe5,inventory_complete,source_document
codex_doc_000639,codex_src_001075,Mobile-CUX-Ecommerce-Report.pdf,Mobile-CUX-Ecommerce-Report.pdf,pdf,13583187,2022-03-17T14:17:36,b77dd65b52aa54f2fea105d159b2e29cf4e6f16bd83ea1c33876a2ae98e1558e,inventory_complete,source_document
codex_doc_000640,codex_src_001076,Module 2 - BCG The Rise of the digital incumbent Feb 22.pdf,Module 2 - BCG The Rise of the digital incumbent Feb 22.pdf,pdf,1287605,2022-03-18T09:14:14,8beef890c0352cdb0e3827f38130cd5d0c0773190ef93f425f21b13806b217b5,inventory_complete,source_document
codex_doc_000641,codex_src_001077,Morocco - AI-Recommendations-Towards-a-National-AI-Strategy-For-Morocco.pdf,Morocco - AI-Recommendations-Towards-a-National-AI-Strategy-For-Morocco.pdf,pdf,2671123,2026-01-04T15:42:06,b931ad1249132c0c89d0b46a95e68e7280bb7b2ea63cee899977849dc19caa98,inventory_complete,source_document
codex_doc_000642,codex_src_001078,Multi-Sided Platform Businesses.pdf,Multi-Sided Platform Businesses.pdf,pdf,825512,2022-05-03T10:14:16,b0b4e473d7d6f99d059917e46e46461f0fd778e4737e40f9e3da0431102fe066,inventory_complete,source_document
codex_doc_000643,codex_src_001079,Multifinality-equifinality-and-fanning-Developmental-concepts-and-statistical-implications.pdf,Multifinality-equifinality-and-fanning-Developmental-concepts-and-statistical-implications.pdf,pdf,291670,2026-06-15T07:38:08,cef476a2266ff9d00be88b0e1068b5ae4eb690b143b6e21e91541794de747683,inventory_complete,source_document
codex_doc_000644,codex_src_001080,Nambia - AI.pdf,Nambia - AI.pdf,pdf,538187,2026-01-04T15:47:16,2e75a23c45d22e75f44c0adaeb27fc34058fe857ba00614a01941cc0908149fc,inventory_complete,source_document
codex_doc_000645,codex_src_001081,Natoinal Association of State Energy Officials.pdf,Natoinal Association of State Energy Officials.pdf,pdf,1419637,2026-06-11T14:08:16,ce759e9c9783b30a3fbaecfc53f6237e2d8c7b6443aa8d7af6b16430b5e9acfb,inventory_complete,source_document
codex_doc_000646,codex_src_001082,Navigating turbulence - resource orchestration in developing international marketing capabilities.pdf,Navigating turbulence - resource orchestration in developing international marketing capabilities.pdf,pdf,1273056,2026-06-15T09:24:40,e71bfc32feeceae2f10cd7a251d6cd1195070627110ca400e29c3a5526a3d4fe,inventory_complete,source_document
codex_doc_000647,codex_src_001083,Nepal - Digital Transformation.pdf,Nepal - Digital Transformation.pdf,pdf,487408,2026-01-04T16:06:11,f22af6017c94d928bedbf911739a7d7dd45470003aa32a1701f5d27f7d2719d0,inventory_complete,source_document
codex_doc_000648,codex_src_001084,New Zealand - National AI Strategy May 2025.pdf,New Zealand - National AI Strategy May 2025.pdf,pdf,2223785,2026-01-04T15:48:08,737d6c0581d9d07c9ce0a82f6e40bb00dd7d3ffb5328e4bcf0e6bdf2cbf6cc93,inventory_complete,source_document
codex_doc_000649,codex_src_001085,Kinetic - Agentic AI and Web 3.docx,notes\Kinetic - Agentic AI and Web 3.docx,docx,24753,2025-10-09T09:45:06,cd8083c932b833e71400145e80566a14d3d4ebc61ce5c65b007d6ab21f9be02d,inventory_complete,source_document
codex_doc_000650,codex_src_001086,Kinetic - AI and Agile.docx,notes\Kinetic - AI and Agile.docx,docx,21138,2025-10-09T09:45:49,f79bd32faedb39dd46f40f33cfcd82b332d8d1689c760c5ddd4832388f6180d0,inventory_complete,source_document
codex_doc_000651,codex_src_001087,Kinetic - Blockchain Examples.docx,notes\Kinetic - Blockchain Examples.docx,docx,324333,2025-11-22T14:42:27,c946ae53ea7e0025dac70d7ce00c24c339b6a71f92656bfc420f42ba0081b40c,inventory_complete,source_document
codex_doc_000652,codex_src_001088,Kinetic - Blockchain use case support.docx,notes\Kinetic - Blockchain use case support.docx,docx,36089,2025-12-30T12:58:33,c10e75a78546934374d994284015668784af1d882060f2095b7a0b5f0fcbd065,inventory_complete,source_document
codex_doc_000653,codex_src_001089,Kinetic - Blockchain-AI-Quantum.docx,notes\Kinetic - Blockchain-AI-Quantum.docx,docx,57016,2025-11-18T13:52:37,01d5c84dd5dbb05f1c3e8a9520bda97c27a4bb81b5cdec6a929c365f7cd11bad,inventory_complete,source_document
codex_doc_000654,codex_src_001090,Kinetic - Government as a Service.docx,notes\Kinetic - Government as a Service.docx,docx,80861,2025-10-08T18:03:53,edfcdb2573ae1e0d206d7f413aa82b284587c83a764f06f009bafaf42fd05e53,inventory_complete,source_document
codex_doc_000655,codex_src_001091,Kinetic - Quantum Integration - Strategy Framework eval - Funding.docx,notes\Kinetic - Quantum Integration - Strategy Framework eval - Funding.docx,docx,153318,2026-06-17T09:43:06,58662433ccfa881b0bad6c905a1c9909c92fd238f72dd14f80948184b068738f,inventory_complete,source_document
codex_doc_000656,codex_src_001092,Kinetic - Revised list of use cases and analysis.docx,notes\Kinetic - Revised list of use cases and analysis.docx,docx,548947,2026-01-23T14:33:47,9082df20cf4437610d9ed7184aaef4b875e72611412987089fe77c83a7a09d29,inventory_complete,source_document
codex_doc_000657,codex_src_001093,Kinetic Economy - National Backbone.docx,notes\Kinetic Economy - National Backbone.docx,docx,5513372,2025-10-08T12:11:02,40f8cc8a3ccf1aea6acde51501fc963525626c2752fc1361b7aa23426ffe763e,inventory_complete,source_document
codex_doc_000658,codex_src_001094,Kinetic Economy - The Year of Composability.docx,notes\Kinetic Economy - The Year of Composability.docx,docx,61309,2026-01-23T16:37:05,a91ad8d42406765189c1828f7270b5a694f90c5be241f9d808352a960ad686ec,inventory_complete,source_document
codex_doc_000659,codex_src_001095,Kinetic Economy Is Taking Shape.docx,notes\Kinetic Economy Is Taking Shape.docx,docx,29034,2026-01-12T10:01:29,798fc6b945f93c1ae1631ba9a0b3d192113a2f4c874474da52b745d931c8af44,inventory_complete,source_document
codex_doc_000660,codex_src_001096,Kinetic Economy Moment - US vs the world.docx,notes\Kinetic Economy Moment - US vs the world.docx,docx,26725,2026-01-04T12:08:46,e8703b23d89462f12cc91597330a584dfddd414f065f891f3b01c514117f7f2c,inventory_complete,source_document
codex_doc_000661,codex_src_001097,Kinetic Marketing - Are the 5 P's still Relevant.docx,notes\Kinetic Marketing - Are the 5 P's still Relevant.docx,docx,48396,2026-01-11T12:11:46,d1fa810a9df0a364aeb6a4ea0b1eaa58d33837185bb2478d8ceae0a57593733c,inventory_complete,source_document
codex_doc_000662,codex_src_001098,Kinetic Organization - 5.0.docx,notes\Kinetic Organization - 5.0.docx,docx,17489,2026-06-17T09:42:26,dbfbd8f55740ba039918d7abcfacf8b5c4158e554eaccbf132adbc1985151ae0,inventory_complete,source_document
codex_doc_000663,codex_src_001099,Kinetic Organization - Thesis.docx,notes\Kinetic Organization - Thesis.docx,docx,57711,2026-06-17T09:41:57,abebe8c4492e01b5144321b9ad35a03f19f4aa81825f20d6e65a97242b1fdd86,inventory_complete,source_document
codex_doc_000664,codex_src_001100,Kinetic Research - AI Integration into products and services.docx,notes\Kinetic Research - AI Integration into products and services.docx,docx,127010,2026-06-11T12:06:52,47519fdcdf2fb9ebacce2a26363eb997b4447c2ca767aee352f94ab10fa29bdb,inventory_complete,source_document
codex_doc_000665,codex_src_001101,Kinetic Research - AI Use Cases.docx,notes\Kinetic Research - AI Use Cases.docx,docx,185588,2026-06-11T10:46:30,27d5c28fbfd35922260a32b213ffe032c40636a1c876c16f390a8da93df52376,inventory_complete,source_document
codex_doc_000666,codex_src_001102,Kinetic Research - Chapter 6.docx,notes\Kinetic Research - Chapter 6.docx,docx,79780,2026-06-17T09:43:54,9ddceb38f3d1a2262375154cf0bad14038f2f4628bcb4b0f33ec012e1f0aa893,inventory_complete,source_document
codex_doc_000667,codex_src_001103,Kinetic Research - Chapter 7.docx,notes\Kinetic Research - Chapter 7.docx,docx,40551,2026-06-16T10:31:14,02cebc995f9f8d7b1c2aa4fc06e9b8e0ed47d06224ff3c1d4df770daeef1298a,inventory_complete,source_document
codex_doc_000668,codex_src_001104,Kinetic Research and Content Engine.docx,notes\Kinetic Research and Content Engine.docx,docx,97007,2025-12-13T17:04:53,43d39cdca12b7f640ad37910cf55bd96b0e1282b265213e99e7a54d4a6a89782,inventory_complete,source_document
codex_doc_000669,codex_src_001105,NICE_AI Readiness Guide.pdf,notes\NICE_AI Readiness Guide.pdf,pdf,4016802,2024-11-13T09:02:55,d0e8348c2e446f9340a345a0d915df6917f8f8b35d378ed5a94877cfe56a5ec5,inventory_complete,source_document
codex_doc_000670,codex_src_001106,Overclocked - Vertical AI.docx,notes\Overclocked - Vertical AI.docx,docx,24979,2025-09-24T08:35:43,612f03d8de5ab81f1e173d0d918dba77f763a755317717c1e44f8b547d9053fa,inventory_complete,source_document
codex_doc_000671,codex_src_001107,Parallels Between Blockchain Adoption in Industry Consortiums and Media.docx,notes\Parallels Between Blockchain Adoption in Industry Consortiums and Media.docx,docx,21918,2025-02-28T09:59:21,2e8f10965a02e047d9d31a17d88800d90f260f206d1c32d72be5620c419fd0e5,inventory_complete,source_document
codex_doc_000672,codex_src_001108,The Kinetic Economy - LinkedIn.docx,notes\The Kinetic Economy - LinkedIn.docx,docx,28290,2025-12-07T12:05:35,52dd87cff9705fce6d83517a1909de8d6646e1371f614195e6d1d3158b7d0164,inventory_complete,source_document
codex_doc_000673,codex_src_001109,Omni Channel - Explainer.pdf,Omni Channel - Explainer.pdf,pdf,3391245,2022-05-03T11:43:45,31ee8646399126506841c69a83df7e71ffc1673536f27df84b75f10c3a4eef30,inventory_complete,source_document
codex_doc_000674,codex_src_001110,Omni Channel - Logistics MDPI Whitepaper.pdf,Omni Channel - Logistics MDPI Whitepaper.pdf,pdf,1302656,2022-05-03T11:30:08,4f66f1c2b32805342181839ad67478d00addc9861aec2ed7539648dc4d5a464b,inventory_complete,source_document
codex_doc_000675,codex_src_001111,Omnichannel Retail in the US - Statistica Dossier.pdf,Omnichannel Retail in the US - Statistica Dossier.pdf,pdf,1321287,2022-05-03T11:56:09,d69f00f3934d08bf842e2665600a26c537bd86850d6011a8d825985374322e8a,inventory_complete,source_document
codex_doc_000676,codex_src_001112,OpenAI AI - Microsoft - AWS - Google AI use Cases.docx,OpenAI AI - Microsoft - AWS - Google AI use Cases.docx,docx,241303,2026-01-12T19:43:43,4b0dce2c170450ff3a2c36d1618c77eed9270ce59801d2480b8f5d3d76e3dea6,inventory_complete,source_document
codex_doc_000677,codex_src_001113,Operations in an era of radical uncertainty.pdf,Operations in an era of radical uncertainty.pdf,pdf,683714,2026-06-15T07:55:11,048f0318fbca51fe36fecc308ed88172d53290a2634768c5e57a0a1d936ea131,inventory_complete,source_document
codex_doc_000678,codex_src_001114,Overcoming change.pdf,Overcoming change.pdf,pdf,193253,2026-06-22T11:22:43,9c4ca2b64259bc37747c555a00e6605cdcef6ebeed469bb2af7e000ae41e842c,inventory_complete,source_document
codex_doc_000679,codex_src_001115,Oxford - 2023-Government-AI-Readiness-Index-1.pdf,Oxford - 2023-Government-AI-Readiness-Index-1.pdf,pdf,2646517,2026-06-11T15:44:46,dc4530d8ede1c745e2a00f44440a1cbfd9176e8249b176988b2f3cdb6c63c0b6,inventory_complete,source_document
codex_doc_000680,codex_src_001116,Oxford - 2024-Government-AI-Readiness-Index-2.pdf,Oxford - 2024-Government-AI-Readiness-Index-2.pdf,pdf,4370707,2026-06-11T15:43:59,f5fadab6eee804f7848358c4ad5eb78f8b4a226b63350660c762288601016bb1,inventory_complete,source_document
codex_doc_000681,codex_src_001117,Oxford - 2025-Government-AI-Readiness-Index-Report_01_26.pdf,Oxford - 2025-Government-AI-Readiness-Index-Report_01_26.pdf,pdf,8092803,2026-06-11T15:43:28,e31993095b7209e3344071cd78293b7da03c90d3fd53ae6bd1703026c29dec13,inventory_complete,source_document
codex_doc_000682,codex_src_001118,Oxford - ai_readiness_index_2019__0.pdf,Oxford - ai_readiness_index_2019__0.pdf,pdf,4555618,2026-06-11T15:47:22,8e59b3c19da535b008da22b6c541aa46ec900eeb9924daf01e3d717d13d5365f,inventory_complete,source_document
codex_doc_000683,codex_src_001119,Oxford - Government_AI_Readiness_2021.pdf,Oxford - Government_AI_Readiness_2021.pdf,pdf,6599083,2026-06-11T15:45:54,f127c6b2a1b77e9485ed19271f041323cce7335e7efd66c2e954f4e1b5dd6aa7,inventory_complete,source_document
codex_doc_000684,codex_src_001120,Oxford - Government_AI_Readiness_2022_FV.pdf,Oxford - Government_AI_Readiness_2022_FV.pdf,pdf,6790829,2026-06-11T15:45:20,4679bad0e50af1d08fb1275995c5214bdee71fd073885acad46cdd8d9998f0fd,inventory_complete,source_document
codex_doc_000685,codex_src_001121,Oxford - Govt AI Readiness Report 2020.pdf,Oxford - Govt AI Readiness Report 2020.pdf,pdf,20710436,2026-06-11T15:46:36,c842852a2a9d56b6626b41719d018a111fdd20f85d8d2006c587db261b1fde54,inventory_complete,source_document
codex_doc_000686,codex_src_001122,Paid Owned and Earend - Media Consumption - Statista Dossier.pdf,Paid Owned and Earend - Media Consumption - Statista Dossier.pdf,pdf,1805345,2022-05-03T12:22:30,835bc7644eeed5d020858309185120f996bfb4de7c8123668f5aa247a5923aef,inventory_complete,source_document
codex_doc_000687,codex_src_001123,Paid Owned and Earned - Media Usage in the US by Device by Demo - Statista Dossier.pdf,Paid Owned and Earned - Media Usage in the US by Device by Demo - Statista Dossier.pdf,pdf,1905292,2022-05-03T12:04:11,cf63f60d24e3b0a6eae165a8c3814da6070eb42169e282beca59d3369512fd5c,inventory_complete,source_document
codex_doc_000688,codex_src_001124,Paid Owned and Earned - The State of Social Media.pdf,Paid Owned and Earned - The State of Social Media.pdf,pdf,3152915,2022-05-08T10:06:16,54fb5e3f3146d074f944dbf4632aae6b5ea9e809a959bebf7dc48c88b5e44525,inventory_complete,source_document
codex_doc_000689,codex_src_001125,Paid Owned Earned - Social Media Usage in the US - Statista Dossier.pdf,Paid Owned Earned - Social Media Usage in the US - Statista Dossier.pdf,pdf,2006824,2022-05-03T12:09:13,f2ee8e249e900b6a29c6a7c3cc3f1de328ded808bbfbe47a44a6c8a5aac7f97b,inventory_complete,source_document
codex_doc_000690,codex_src_001126,Pantera Capital - State-of-Tokenization-Q1-2026.pdf,Pantera Capital - State-of-Tokenization-Q1-2026.pdf,pdf,12929563,2026-06-11T14:46:03,df3a452b93eebabac94f375be51ae6f7064cbd17ea597303e472e4f32a733861,inventory_complete,source_document
codex_doc_000691,codex_src_001127,"Peru - IMF - Productivity, Digitalization, and Artificial Intelligence in Peru.pdf","Peru - IMF - Productivity, Digitalization, and Artificial Intelligence in Peru.pdf",pdf,506325,2026-01-04T14:39:29,e4ba02026669bcb6599fb139d22505093ad6275fd38acb5bb2e9181fab843eef,inventory_complete,source_document
codex_doc_000692,codex_src_001128,Platform enhancers - Collaborating in the early stages of Platforms.pdf,Platform enhancers - Collaborating in the early stages of Platforms.pdf,pdf,904860,2026-06-15T08:13:30,334428424d04cf435d78155f5cca8bf33adc629c59e8b4527bcebebb824e3151,inventory_complete,source_document
codex_doc_000693,codex_src_001129,Platform orchestrators vs complementors - power dynamics.pdf,Platform orchestrators vs complementors - power dynamics.pdf,pdf,4432853,2026-06-15T09:07:09,81d958254d2ddc1689dd610af7f573601bd1df3643822ee8dc2957e5bcb63d91,inventory_complete,source_document
codex_doc_000694,codex_src_001130,Private - Agile-organizations 2019.pdf,Private - Agile-organizations 2019.pdf,pdf,4711772,2026-06-11T15:56:57,99f19170c5372772a8361de876e53afb8bcb05e020d319100da0dbfb8f9a5e41,inventory_complete,source_document
codex_doc_000695,codex_src_001131,Private Sector - 2026 Process Optimization Report_eBook.pdf,Private Sector - 2026 Process Optimization Report_eBook.pdf,pdf,5371098,2026-06-11T15:29:13,443d03ba9749ec9d7e765d4f576cca0adecb0a1a459f1cd7143c2b3e84486968,inventory_complete,source_document
codex_doc_000696,codex_src_001132,Psychological Safety and Learning Behavior.pdf,Psychological Safety and Learning Behavior.pdf,pdf,4222367,2026-06-22T11:26:49,203906d3a7eb4131e39fe0245be8209f9df8cd6b40bb50916a42087f74f4237b,inventory_complete,source_document
codex_doc_000697,codex_src_001133,PWC - global-crypto-regulation-report-2026.pdf,PWC - global-crypto-regulation-report-2026.pdf,pdf,10502929,2026-06-11T14:42:32,e93d0571c6069b963d027992484256a39d3bd9a58dc78194224f1953b2b74377,inventory_complete,source_document
codex_doc_000698,codex_src_001134,PWC - global-tech-report.pdf.coredownload.inline.pdf,PWC - global-tech-report.pdf.coredownload.inline.pdf,pdf,3507144,2026-06-11T14:59:28,7a9ca6a11572f4bb5e5efb67a63e6392bb18cd9534a1b15221c1470f574d43bf,inventory_complete,source_document
codex_doc_000699,codex_src_001135,PWC - roi-from-ai.pdf,PWC - roi-from-ai.pdf,pdf,681267,2026-06-11T14:12:02,18604da0be90e065c2bc1a5f426d7097d431da61381f40403deba4aa3ee857b0,inventory_complete,source_document
codex_doc_000700,codex_src_001136,Quantum - Academic - Physics-Informed_Quantum_Communication_Networks_A_Vision_Toward_the_Quantum_Internet.pdf,Quantum - Academic - Physics-Informed_Quantum_Communication_Networks_A_Vision_Toward_the_Quantum_Internet.pdf,pdf,1091984,2026-01-19T11:03:41,817017e329c6ad631aff16c9e51cd768d818952766c0e327d77dbbf6b55406a5,inventory_complete,source_document
codex_doc_000701,codex_src_001137,Reconfiguring competitive advantage - a resource dynamic framework for generative AI adoption in digital content marketing.pdf,Reconfiguring competitive advantage - a resource dynamic framework for generative AI adoption in digital content marketing.pdf,pdf,1230082,2026-06-15T09:34:36,f3f8432767cf317f10e80caf1d010c6cc2cceb5fdcb4ac9e525c4cdfe5298689,inventory_complete,source_document
codex_doc_000702,codex_src_001138,Reiter Armin - 2025 - Key Success Factors of Decentralized Web3 Business Models.pdf,Reiter Armin - 2025 - Key Success Factors of Decentralized Web3 Business Models.pdf,pdf,1956325,2026-06-15T07:41:00,a0fa237d98696daf829a457e1d30c1aa18641c11fbe35cc546be8375259b4c21,inventory_complete,source_document
codex_doc_000703,codex_src_001139,Revenue growth management_ The next horizon _ McKinsey.pdf,Revenue growth management_ The next horizon _ McKinsey.pdf,pdf,613091,2023-12-27T18:13:54,565858eea0e52af615da0b6759d1a19ba75ed5140d54b3aca29aff7d03c15e70,inventory_complete,source_document
codex_doc_000704,codex_src_001140,"Revenue management playbook_ Definition, strategies, and software.pdf","Revenue management playbook_ Definition, strategies, and software.pdf",pdf,7303235,2023-12-27T18:11:51,ef39f11c24c18916fd3b3e8f5675d380024727ca55065118812590c3b1dd1ec3,inventory_complete,source_document
codex_doc_000705,codex_src_001141,Revenue optimization_ how to improve revenue management.pdf,Revenue optimization_ how to improve revenue management.pdf,pdf,6317455,2023-12-27T18:05:26,ee607f1ae980645bce915e33b80da50640f0e40632cbaeffb6a3d36a754f376f,inventory_complete,source_document
codex_doc_000706,codex_src_001142,Role of Strategic Flexibility Analysis in Organizational Adaptation to VUCA.pdf,Role of Strategic Flexibility Analysis in Organizational Adaptation to VUCA.pdf,pdf,528875,2026-06-15T10:50:11,074ad4013aef2b3c0be6fe4858853483f684aeeb62ac46a4938649de96cba453,inventory_complete,source_document
codex_doc_000707,codex_src_001143,Romania - Digitization.pdf,Romania - Digitization.pdf,pdf,659191,2026-01-12T11:14:04,9effcf8353b6c298777b560edb6e94d5cf8bf512b022522a978ba329f0897828,inventory_complete,source_document
codex_doc_000708,codex_src_001144,s13731-024-00405-4.pdf,s13731-024-00405-4.pdf,pdf,1065630,2026-06-22T11:38:07,3e877032e2d482b7e1c704588f8795e37c10b0bb0812bb0ac56de55dcd22a074,inventory_complete,source_document
codex_doc_000709,codex_src_001145,Scoping-Foresight-Work_FTI-12.10.2022-1.pdf,Scoping-Foresight-Work_FTI-12.10.2022-1.pdf,pdf,2706289,2023-12-23T12:50:16,b2093ff7cb4e8ae59210d012277a46c17c9043f108946638a9d94bfd5501ed49,inventory_complete,source_document
codex_doc_000710,codex_src_001146,Scotland - AI_Digital.pdf,Scotland - AI_Digital.pdf,pdf,1376576,2026-01-04T16:26:34,9d51ce66561d340d75f147f32e81ed05a713747e60afdca79d82937513d2101b,inventory_complete,source_document
codex_doc_000711,codex_src_001147,Slovakia - Digital Transformation.pdf,Slovakia - Digital Transformation.pdf,pdf,2463155,2026-01-04T15:54:20,3870c97737372a0e4d15cf53c83cb5c8d08cf4fd2ee014ba14b642b636726613,inventory_complete,source_document
codex_doc_000712,codex_src_001148,Social Media and Impact on Shareholder Value.pdf,Social Media and Impact on Shareholder Value.pdf,pdf,683937,2022-05-10T16:12:39,8cedead6f9f83edfda41670a04c0a7ed555c06cff8c9be5896ac72307db175ca,inventory_complete,source_document
codex_doc_000713,codex_src_001149,South Africa - AI.pdf,South Africa - AI.pdf,pdf,2776208,2026-01-04T16:19:25,19a46da819138feab910923463354c7c35dea79d1e689b41f3f0ec105be96cd6,inventory_complete,source_document
codex_doc_000714,codex_src_001150,Sri Lanka - Digital.pdf,Sri Lanka - Digital.pdf,pdf,1348734,2026-01-04T16:10:14,abb39f486828708c3d76ce388a1df1e4a9d8ef24a43ed9bff98515300c6b77da,inventory_complete,source_document
codex_doc_000715,codex_src_001151,ssrn-5215616.pdf,ssrn-5215616.pdf,pdf,528875,2026-06-15T10:49:45,074ad4013aef2b3c0be6fe4858853483f684aeeb62ac46a4938649de96cba453,inventory_complete,source_document
codex_doc_000716,codex_src_001152,ssrn-5383323.pdf,ssrn-5383323.pdf,pdf,817064,2026-06-22T12:03:36,384595eb78f4dcd4a09324e4601a039f27344f835e883955a483224928f10f7e,inventory_complete,source_document
codex_doc_000717,codex_src_001153,Stanford - 2021-AI-Index-Report.pdf,Stanford - 2021-AI-Index-Report.pdf,pdf,14474521,2026-06-11T15:38:05,6ae6c206aa53347f123fdfdb0ad757d3468ce42e6cacf816aa7566ee740efe33,inventory_complete,source_document
codex_doc_000718,codex_src_001154,Stanford - 2022-ai-index-report_master.pdf,Stanford - 2022-ai-index-report_master.pdf,pdf,23016625,2026-06-11T15:37:34,1bd25de7c2c5fb6c19ab3e602aa264722d331898463ea2029d0e158e8e30f58c,inventory_complete,source_document
codex_doc_000719,codex_src_001155,Stanford - ai_index_report_2026.pdf,Stanford - ai_index_report_2026.pdf,pdf,24911274,2026-06-11T14:10:33,f2f3b6ae863957db86de108d1cec8684a3ffdcc217798ccfbfe9bd5061ab4d3c,inventory_complete,source_document
codex_doc_000720,codex_src_001156,Stanford - hai_ai-index-report_2023.pdf,Stanford - hai_ai-index-report_2023.pdf,pdf,13570359,2026-06-11T15:37:00,e7976dc6a6a6a3ec6345d6d617030a315d4b2821bf3fdf7fc1c112c57ca8c7de,inventory_complete,source_document
codex_doc_000721,codex_src_001157,Stanfored - hai_ai_index_report_2025.pdf,Stanfored - hai_ai_index_report_2025.pdf,pdf,30264659,2026-06-11T15:36:22,eef7a13bf536a20dc29a95943c3202942fa00ed5d1030c06eabce9c31e9da07a,inventory_complete,source_document
codex_doc_000722,codex_src_001158,Strategic Change - 2025 - Sadraei - Strategic Adaptation in a Dynamic Global Environment  Unleashing the Power of Dynamic.pdf,Strategic Change - 2025 - Sadraei - Strategic Adaptation in a Dynamic Global Environment  Unleashing the Power of Dynamic.pdf,pdf,200781,2026-06-12T07:38:10,116b233656c07385ece396d936cd85a09b985cabcafa38aa69eda5e71f2ab1db,inventory_complete,source_document
codex_doc_000723,codex_src_001159,Strategic Management at the corporate level.pdf,Strategic Management at the corporate level.pdf,pdf,421979,2026-06-15T07:57:42,4def7d309c38a93832117b5dcc5ff3f939e6c5ae0e2d4e87a2404cf3beed675d,inventory_complete,source_document
codex_doc_000724,codex_src_001160,"Strategic Planning Tools_ What, Why, How, Template _ Gartner.pdf","Strategic Planning Tools_ What, Why, How, Template _ Gartner.pdf",pdf,204410,2023-12-27T18:45:55,6b8157b7baf5eeaea5d12a8c4420344247dfd434225ec0e38a1993692b774329,inventory_complete,source_document
codex_doc_000725,codex_src_001161,Sudan - Generative AI and Institutional Reform in Sudan_1.pdf,Sudan - Generative AI and Institutional Reform in Sudan_1.pdf,pdf,449508,2026-01-04T15:41:26,3c453327f1f5c3aed4175d1736740314f5700b20d49c615a2fe7f5f3b833b90d,inventory_complete,source_document
codex_doc_000726,codex_src_001162,superagency-in-the-workplace-empowering-people-to-unlock-ais-full-potential-v4.pdf,superagency-in-the-workplace-empowering-people-to-unlock-ais-full-potential-v4.pdf,pdf,5261930,2026-06-18T09:16:30,f86c2c07f898c56a21e68a55e1b175575a5ad4378fdc5c9602161d9299b60a80,inventory_complete,source_document
codex_doc_000727,codex_src_001163,Surf Tech - surf-tech-trends-2026_ttr26.pdf,Surf Tech - surf-tech-trends-2026_ttr26.pdf,pdf,29375636,2026-01-16T13:41:02,18972f3a108056650c8ab60def3438f6ad89085ef7b49f4040ba771e8fbc861b,inventory_complete,source_document
codex_doc_000728,codex_src_001164,Suriname-National-Digital-Strategy-2023-2030.pdf,Suriname-National-Digital-Strategy-2023-2030.pdf,pdf,1500999,2026-01-04T14:43:32,b6f5e676ba02f287d264cad7aa950f9bdd23521595a02629ae88935442432d24,inventory_complete,source_document
codex_doc_000729,codex_src_001165,sustainability-18-01157 (1).pdf,sustainability-18-01157 (1).pdf,pdf,925467,2026-06-22T11:38:33,44db9454be5269ddecfb4859645a83af81a3e510bc44be5cf33344591099ebcd,inventory_complete,source_document
codex_doc_000730,codex_src_001166,sustainability-18-01157-with-cover.pdf,sustainability-18-01157-with-cover.pdf,pdf,764811,2026-06-22T11:46:27,4794c72f8fa25321d75254131c96c30531d4075f997a20b6c9c632f88bce6f92,inventory_complete,source_document
codex_doc_000731,codex_src_001167,sustainability-18-01157.pdf,sustainability-18-01157.pdf,pdf,925467,2026-06-22T11:36:12,44db9454be5269ddecfb4859645a83af81a3e510bc44be5cf33344591099ebcd,inventory_complete,source_document
codex_doc_000732,codex_src_001168,Sweden - Digitization.pdf,Sweden - Digitization.pdf,pdf,2779287,2026-01-04T15:27:48,b5c2422d351e289fcb20082e70bb648bfc8f5d7785558e1962649449690f5445,inventory_complete,source_document
codex_doc_000733,codex_src_001169,Systems_theory_as_the_foundation_for_advanced_manu.pdf,Systems_theory_as_the_foundation_for_advanced_manu.pdf,pdf,1015018,2026-06-15T07:38:02,311e52fccdd93ac972770807aa718e85f7cf32af6cce3a42b6904900d436c387,inventory_complete,source_document
codex_doc_000734,codex_src_001215,taiwan - Digital-Government-Program-2-0-of-Taiwan-2021-2025.pdf,taiwan - Digital-Government-Program-2-0-of-Taiwan-2021-2025.pdf,pdf,5662235,2026-01-04T16:01:51,7a09f47d116780612569391902dbfe59dcec64b8a98bfa12093ac91e3130cc77,inventory_complete,source_document
codex_doc_000735,codex_src_001216,Taking another look at Blockchain for Business.pdf,Taking another look at Blockchain for Business.pdf,pdf,789128,2026-06-15T07:49:00,0d4fed00e518fe459926584da3bcc20b50f11b3909084553ab6209a46cdd04e2,inventory_complete,source_document
codex_doc_000736,codex_src_001217,Thailand - Digital Roadmap.pdf,Thailand - Digital Roadmap.pdf,pdf,4081454,2026-01-04T16:07:37,9077805530383f8f9141770d6622502a819043796dbc96d93266af0ce3510df2,inventory_complete,source_document
codex_doc_000737,codex_src_001218,The battle for digital disruption_ startups vs incumbents.pdf,The battle for digital disruption_ startups vs incumbents.pdf,pdf,1545985,2023-12-27T17:44:03,e580168e66d952d7ef6faa2a0f0ad8c6ea26f15cf33cd6d3ebe19b486de1ce7d,inventory_complete,source_document
codex_doc_000738,codex_src_001219,The cheap back office becomes the value driver - ambidexterous.pdf,The cheap back office becomes the value driver - ambidexterous.pdf,pdf,3078314,2026-06-15T08:55:53,7fb6e531140b275c8a8d49f1a9321f5fe592d94c16a1df82065681ec0144acf7,inventory_complete,source_document
codex_doc_000739,codex_src_001220,The Creator Economy.pdf,The Creator Economy.pdf,pdf,388934,2023-06-13T18:32:54,5e2dac024985af60e568ed7b98d9d2068542a03efdb10fa1558b5895671e7de6,inventory_complete,source_document
codex_doc_000740,codex_src_001221,"The Forrester Wave™_ Digital Business Transformation Services, Q4 2020.pdf","The Forrester Wave™_ Digital Business Transformation Services, Q4 2020.pdf",pdf,427986,2022-05-03T10:35:38,41101ad28389d89c746e7cb1b64759b0c445d218d05bfcb5b33218ad5a8d4f8d,inventory_complete,source_document
codex_doc_000741,codex_src_001222,The Future of Music_ How Generative AI Is Transforming the Music Industry _ Andreessen Horowitz.pdf,The Future of Music_ How Generative AI Is Transforming the Music Industry _ Andreessen Horowitz.pdf,pdf,8966089,2023-12-27T17:38:12,83b12c408c3ec67a1a7caa196bab29d26679763fd8fa58fc57fed5b372d7eda8,inventory_complete,source_document
codex_doc_000742,codex_src_001223,The moderating role of modularity in the relationship between patent pools.pdf,The moderating role of modularity in the relationship between patent pools.pdf,pdf,2367016,2026-06-15T08:50:55,97d0ab11db4660eebc35394d4fcdf67ab338ef0b0c65efd8121d637a81bebe84,inventory_complete,source_document
codex_doc_000743,codex_src_001224,The Normative Theory of Web3 Commercial Integrity.pdf,The Normative Theory of Web3 Commercial Integrity.pdf,pdf,307532,2026-06-15T07:58:24,af7adb56a52c2fcfd41e12b1143a490b1d7a77ed80c15ca65c7a1e3e107509b0,inventory_complete,source_document
codex_doc_000744,codex_src_001225,The process of developing dynamic capabilities.pdf,The process of developing dynamic capabilities.pdf,pdf,1303813,2026-06-15T08:28:17,9b546d50f353c0688a035722d574fd5e69a26869ebe536f7dc46586c4fa07379,inventory_complete,source_document
codex_doc_000745,codex_src_001226,The Shift from Sales-Driven to Revenue-Driven Organizations.pdf,The Shift from Sales-Driven to Revenue-Driven Organizations.pdf,pdf,3417103,2023-12-27T18:06:42,1607711855b1acbf58e16d6bf6918a890ce5d910d705df18cf5fe11006cb9129,inventory_complete,source_document
codex_doc_000746,codex_src_001227,The Transformative Role of Artificial Intelligence in organizational decision making.pdf,The Transformative Role of Artificial Intelligence in organizational decision making.pdf,pdf,481417,2026-06-22T11:44:42,538ad288474e7e41749741ba66749d1f28904f4dd847b320b03d9f1ed0d6c036,inventory_complete,source_document
codex_doc_000747,codex_src_001228,The “Middleground” as a catalyst for the dynamics of innovation in an.pdf,The “Middleground” as a catalyst for the dynamics of innovation in an.pdf,pdf,1156135,2026-06-15T08:03:30,563fb6872c4569afdee259200ab31f16e240f5d55d9cc9a14a9a84809e013654,inventory_complete,source_document
codex_doc_000748,codex_src_001229,The-Digital-Maturity-Model-5.0-1.pdf,The-Digital-Maturity-Model-5.0-1.pdf,pdf,491065,2022-05-27T12:56:24,354447d38e9a02255b0a3a920fa2edc5fc3f29e29bbd47773417d7ee2f3c5211,inventory_complete,source_document
codex_doc_000749,codex_src_001230,the-state-of-ai-how-organizations-are-rewiring-to-capture-value_final.pdf,the-state-of-ai-how-organizations-are-rewiring-to-capture-value_final.pdf,pdf,5564174,2025-04-28T08:26:23,b2a4c5bc5283d8a00e4bf1419bf7d39254d90d6b1f7fa288c8929c9046aff714,inventory_complete,source_document
codex_doc_000750,codex_src_001231,the-state-of-organizations-2026.pdf,the-state-of-organizations-2026.pdf,pdf,16783880,2026-06-11T14:07:14,0e9ae5e519158ff76cc6e818da8a157bd0767b889ac7325f7aee9314613f61d3,inventory_complete,source_document
codex_doc_000751,codex_src_001232,The-Widening-AI-Value-Gap-October-2025.pdf,The-Widening-AI-Value-Gap-October-2025.pdf,pdf,7939834,2026-06-15T11:51:31,06d0ce45752629415c69acaf59cfbec0f11ad35a173efaec77436f889dab3915,inventory_complete,source_document
codex_doc_000752,codex_src_001233,The_new_anarchy_Globalisation_and_fragme.pdf,The_new_anarchy_Globalisation_and_fragme.pdf,pdf,112809,2026-06-15T13:05:06,6b3934ebd40389111b2af3103b5bd2ad6d1f9d14a88f9579023d138c575946d0,inventory_complete,source_document
codex_doc_000753,codex_src_001234,The_ultimate_AI_guide_for_marketers_in_2025.pdf,The_ultimate_AI_guide_for_marketers_in_2025.pdf,pdf,65143907,2025-04-21T08:29:34,4b99a43632502056694c9f56223cc3c3964b9177a6486ac3836ba04226b8881d,inventory_complete,source_document
codex_doc_000754,codex_src_001235,Thesis_LauraJane_ist188122.pdf,Thesis_LauraJane_ist188122.pdf,pdf,6344164,2026-06-22T11:31:00,7ba9f4a0799b56174c05501182791974157d7db9991b609cd9a54d27b07cbf3c,inventory_complete,source_document
codex_doc_000755,codex_src_001236,Tortoise - AI-Methodology-2409.BGTLUPC-.pdf,Tortoise - AI-Methodology-2409.BGTLUPC-.pdf,pdf,285288,2026-06-11T15:33:33,a1349427fe3b9df978175bf0af792bc37593ab96f1ed5c36501541d6fbe248a3,inventory_complete,source_document
codex_doc_000756,codex_src_001237,Transitioning_to_Agile_Organizational_Structures_A.pdf,Transitioning_to_Agile_Organizational_Structures_A.pdf,pdf,2060522,2026-06-12T07:46:11,de19d4ff7ea04cb26671af9a73f3344b716a17d92769ce477bbd2c02e04e3706,inventory_complete,source_document
codex_doc_000757,codex_src_001238,Turkey - National_Artificial_Intelligence_Strategy_2021-2025.pdf,Turkey - National_Artificial_Intelligence_Strategy_2021-2025.pdf,pdf,7267976,2026-01-04T15:34:21,c1a84ef5f8c767bff2dd3b582e79155a7a9114585f3dcbdb18a08fa0ccd484b7,inventory_complete,source_document
codex_doc_000758,codex_src_001239,UAE Digital Vision 2031 - EN V9.1.pdf,UAE Digital Vision 2031 - EN V9.1.pdf,pdf,34968888,2026-01-04T13:35:44,ab260004408175d86ea33138fc851469181b87e737233f9ee7caa9fdfd0a194a,inventory_complete,source_document
codex_doc_000759,codex_src_001240,UAE-National-Strategy-for-Artificial-Intelligence-2031.pdf,UAE-National-Strategy-for-Artificial-Intelligence-2031.pdf,pdf,8726106,2026-01-04T13:32:32,8210450596718cd14e08b5758e4f6eec627e8858b29c4a6d60835ffb29a882eb,inventory_complete,source_document
codex_doc_000760,codex_src_001241,uipath-agentic-orchestration-use-cases.pdf,uipath-agentic-orchestration-use-cases.pdf,pdf,3666101,2026-06-11T11:05:13,e0f2c233aae993c2cbd3067c56bdea202e02da0573a99b771c15799dfe12dae7,inventory_complete,source_document
codex_doc_000761,codex_src_001242,UK - AI Strategy.pdf,UK - AI Strategy.pdf,pdf,3654638,2026-01-04T16:24:18,4161df772b2341d816675c98b5ecf7d03f1b5a0a6655f7c39e8bb7d3bf9e6a52,inventory_complete,source_document
codex_doc_000762,codex_src_001243,UK - Digital-Development-Strategy-2024-2030.pdf,UK - Digital-Development-Strategy-2024-2030.pdf,pdf,1568185,2026-01-04T16:25:37,ed680f1aeba24c6fdd4ce73f3b4f0a88b4d411cce15d091ddb7b3f450b19e645,inventory_complete,source_document
codex_doc_000763,codex_src_001244,Understanding the pathway from market-based capability to performance - Resource advantage Theory.pdf,Understanding the pathway from market-based capability to performance - Resource advantage Theory.pdf,pdf,2007271,2026-06-15T08:53:49,7d655953d99e6c08f6e2923893229a050563398134841f287a1e7278c9d625bb,inventory_complete,source_document
codex_doc_000764,codex_src_001245,United Nations - AI and the Human Development.pdf,United Nations - AI and the Human Development.pdf,pdf,1541372,2026-01-04T14:34:58,e15b6f501a55b77cd02c6579be1672469b1e85e40e5687ed74513db8ce0bba8e,inventory_complete,source_document
codex_doc_000765,codex_src_001246,United Nations - Digital-Strategy-2022-2025-Full-Document_ENG_Interactive.pdf,United Nations - Digital-Strategy-2022-2025-Full-Document_ENG_Interactive.pdf,pdf,651240,2026-01-04T13:53:53,13b941870b79890c1f3199008cb0b7d3dcd3cfa6f2dec93886271469b2eafd5c,inventory_complete,source_document
codex_doc_000766,codex_src_001247,us-cons-deloitte-blockchain-inspiring-an-evolution-in-commerce.pdf,us-cons-deloitte-blockchain-inspiring-an-evolution-in-commerce.pdf,pdf,12740792,2025-12-26T14:41:13,a4598f1cdd0f55ce1c78d464501d6f64a1b6d86f689cb97887326d303cbe1f94,inventory_complete,source_document
codex_doc_000767,codex_src_001248,vergne-2020-decentralized-vs-distributed-organization-blockchain-machine-learning-and-the-future-of-the-digital-platform.pdf,vergne-2020-decentralized-vs-distributed-organization-blockchain-machine-learning-and-the-future-of-the-digital-platform.pdf,pdf,777643,2026-06-15T08:09:51,786b1e1ab7baa787387f18fb83e2c27fcb315aff60a5e5cfbc12f46df3cec59d,inventory_complete,source_document
codex_doc_000768,codex_src_001249,vergne-2020-decentralized-vs-distributed-organization-blockchain-machine-learning-and-the-future-of-the-digital.pdf,vergne-2020-decentralized-vs-distributed-organization-blockchain-machine-learning-and-the-future-of-the-digital.pdf,pdf,777643,2026-06-15T08:10:11,786b1e1ab7baa787387f18fb83e2c27fcb315aff60a5e5cfbc12f46df3cec59d,inventory_complete,source_document
codex_doc_000769,codex_src_001250,VietnamsFutureDigitalEconomy2045_ENG.pdf,VietnamsFutureDigitalEconomy2045_ENG.pdf,pdf,8186806,2026-01-04T12:54:11,c2df6ff10139428ae4f348472551fbbf3ef98b34f016e017eb4564cbbacf9ef9,inventory_complete,source_document
codex_doc_000770,codex_src_001251,Vineyard Lens Proposal.pdf,Vineyard Lens Proposal.pdf,pdf,155852,2025-12-10T08:55:46,d3e00235ebac539e729bba098e1796f43ed73791ce0ae4108eaf68ea5df293ba,inventory_complete,source_document
codex_doc_000771,codex_src_001252,VR Shopping Report.pdf,VR Shopping Report.pdf,pdf,17916294,2022-03-24T15:53:39,afe96c81966763648ddc72f883d166765c900ae21492d25e588f720b06913b7b,inventory_complete,source_document
codex_doc_000772,codex_src_001253,VUCA - The human dynamics of agility.pdf,VUCA - The human dynamics of agility.pdf,pdf,852654,2026-06-15T10:48:58,28ab0f23b23a5c58fb59abb9dd0b43acb13d7dedadf7890704bebefedd77a2b8,inventory_complete,source_document
codex_doc_000773,codex_src_001254,Web3 Decentralized Business Models.pdf,Web3 Decentralized Business Models.pdf,pdf,629960,2026-06-15T08:24:30,583bfcaa96b436512ee6310098748c5ad4382b4d7b6a4bab4b4644bfd53c7810,inventory_complete,source_document
codex_doc_000774,codex_src_001255,WEF - Building_Resilient_and_Scalable_AI_Value_Chains_2026.pdf,WEF - Building_Resilient_and_Scalable_AI_Value_Chains_2026.pdf,pdf,12054337,2026-06-11T14:10:57,04e1dc58beadfba95de4586f5f985299bdab7be33b61648fa9cceb489649794e,inventory_complete,source_document
codex_doc_000775,codex_src_001256,WEF - Making_Agentic_AI_Work_for_Government_A_Readiness_Framework_2026.pdf,WEF - Making_Agentic_AI_Work_for_Government_A_Readiness_Framework_2026.pdf,pdf,3426790,2026-06-11T15:15:53,0fbedaadb69d81dc2a6124f4e6cb7422b3c233a3693f49a0b4f77f7af7c40e83,inventory_complete,source_document
codex_doc_000776,codex_src_001257,WEF - Organizational_Transformation_in_the_Age_of_AI_How_Organizations_Maximize_AI's_Potential_2026.pdf,WEF - Organizational_Transformation_in_the_Age_of_AI_How_Organizations_Maximize_AI's_Potential_2026.pdf,pdf,3832408,2026-06-11T14:49:34,c8523b160612dcbb1a974351c547c218ce0cefb4cd57d6f2fabe9ad132f74ba0,inventory_complete,source_document
codex_doc_000777,codex_src_001258,WEF_The_Human_Advantage_Stronger_Brains_in_the_Age_of_AI_2026.pdf,WEF_The_Human_Advantage_Stronger_Brains_in_the_Age_of_AI_2026.pdf,pdf,6631752,2026-06-11T14:07:31,50279eb007217e7dd94199cb2d5c75648928d7b57cc4c0879158e41ebe5d5602,inventory_complete,source_document
codex_doc_000778,codex_src_001259,Wetering-van-de-2025-Artificial-Intelligence-as-an-enabler-of-dynamic capabilities in disruption.pdf,Wetering-van-de-2025-Artificial-Intelligence-as-an-enabler-of-dynamic capabilities in disruption.pdf,pdf,494528,2026-06-22T11:45:45,532fdb3ee8f25054c12ee51a889274fa6a68255c9e7476d26a19233571cbd04e,inventory_complete,source_document
codex_doc_000779,codex_src_001260,winning-with-your-talent-management-strategy.pdf,winning-with-your-talent-management-strategy.pdf,pdf,4202916,2026-06-15T10:58:20,ab5d378f2f27075d88d2cd1b6930ec3f15ee9b49811c9bc2002540ac5ad1204b,inventory_complete,source_document
codex_doc_000780,codex_src_001261,World Bank - AI WDR2026-Concept-Note.pdf,World Bank - AI WDR2026-Concept-Note.pdf,pdf,1738584,2026-06-11T14:12:27,cf723b2d8b3c3de623d53b15ba67df2ca8528000c92aa2d79faad706db3501d2,inventory_complete,source_document
codex_doc_000781,codex_src_001262,World Bank and Digital Transformation.pdf,World Bank and Digital Transformation.pdf,pdf,1443395,2026-01-04T12:53:38,3da08b82672918b0599326a22dc5ffb8c5baab351083b16f1067602d18a65e24,inventory_complete,source_document
